set_number,set_description,not_used,doors,set_pages,set_confidence,qty,unit,description,catalog_number,mfr,finish,notes,mfr_name,finish_name,electrified,component_page,component_bbox,low_confidence_fields
01,Interior Single Bedroom - Classroom Lock/Ligature Resistant - No Closer - Rescue Hdw,False,,711,0.97,1,SET,Continuous Hinge-Double Acting,A508,ABH,630,,ABH Manufacturing,Satin stainless steel,,711,"[63.9, 166.1, 584.2, 179.0]",
01,Interior Single Bedroom - Classroom Lock/Ligature Resistant - No Closer - Rescue Hdw,False,,711,0.97,1,EA,Ligature Res. Mortise Lock-Classrm,MRX-A-05,TOW,630,,Townsteel,Satin stainless steel,,711,"[63.9, 179.4, 587.0, 192.3]",
01,Interior Single Bedroom - Classroom Lock/Ligature Resistant - No Closer - Rescue Hdw,False,,711,0.97,1,EA,Cylinder,Per project,TBD,630,,To Be Determined,Satin stainless steel,,711,"[63.9, 193.7, 583.7, 206.6]",
01,Interior Single Bedroom - Classroom Lock/Ligature Resistant - No Closer - Rescue Hdw,False,,711,0.97,1,EA,Door Stop,1841,ABH,630,,ABH Manufacturing,Satin stainless steel,,711,"[63.9, 207.8, 584.2, 220.8]",
01,Interior Single Bedroom - Classroom Lock/Ligature Resistant - No Closer - Rescue Hdw,False,,711,0.97,1,SET,Gasketing,ANTI-LIG 5050,NGP,BLK,,National Guard Products,Black,,711,"[63.9, 221.0, 583.6, 234.0]",
01,Interior Single Bedroom - Classroom Lock/Ligature Resistant - No Closer - Rescue Hdw,False,,711,0.97,1,EA,Emergency Rescue Stop,A509,ABH,630,,ABH Manufacturing,Satin stainless steel,,711,"[63.9, 234.3, 584.2, 247.3]",
02,Interior Single - Office Lockset/Ligature Resistant - No Closer - Continuous Hinge,False,,711,0.97,1,SET,Continuous Hinge,AC500 HT SEC,ABH,630,,ABH Manufacturing,Satin stainless steel,,711,"[63.9, 301.2, 584.2, 314.1]",
02,Interior Single - Office Lockset/Ligature Resistant - No Closer - Continuous Hinge,False,,711,0.97,1,EA,Ligature Res. Cyl. Lock-Office,CRX-A-81,TOW,630,,Townsteel,Satin stainless steel,,711,"[63.9, 314.6, 587.0, 327.6]",
02,Interior Single - Office Lockset/Ligature Resistant - No Closer - Continuous Hinge,False,,711,0.97,1,EA,Cylinder,Per project,TBD,630,,To Be Determined,Satin stainless steel,,711,"[63.9, 328.8, 583.7, 341.7]",
02,Interior Single - Office Lockset/Ligature Resistant - No Closer - Continuous Hinge,False,,711,0.97,1,EA,Door Stop,1841,ABH,630,,ABH Manufacturing,Satin stainless steel,,711,"[63.9, 343.1, 584.2, 356.0]",
02,Interior Single - Office Lockset/Ligature Resistant - No Closer - Continuous Hinge,False,,711,0.97,1,SET,Gasketing,ANTI-LIG 5050,NGP,BLK,,National Guard Products,Black,,711,"[63.9, 356.3, 583.6, 369.2]",
02A,Interior Single - Office Lock/Ligature Resistant - Surface Closer/Track-Arm - Cont Hinge,False,,711,0.97,1,SET,Continuous Hinge,AC500 HT SEC,ABH,630,,ABH Manufacturing,Satin stainless steel,,711,"[63.9, 423.3, 584.2, 436.2]",
02A,Interior Single - Office Lock/Ligature Resistant - Surface Closer/Track-Arm - Cont Hinge,False,,711,0.97,1,EA,Ligature Res. Cyl. Lock-Office,CRX-A-81,TOW,630,,Townsteel,Satin stainless steel,,711,"[63.9, 436.7, 587.0, 449.6]",
02A,Interior Single - Office Lock/Ligature Resistant - Surface Closer/Track-Arm - Cont Hinge,False,,711,0.97,1,EA,Cylinder,Per project,TBD,630,,To Be Determined,Satin stainless steel,,711,"[63.9, 450.9, 583.7, 463.8]",
02A,Interior Single - Office Lock/Ligature Resistant - Surface Closer/Track-Arm - Cont Hinge,False,,711,0.97,1,EA,OH Surface Closer - Track Arm,4210T/4510T TRX mount on public side,LCN,689,,LCN,Aluminum painted,,711,"[63.9, 465.1, 582.6, 478.1]",
02A,Interior Single - Office Lock/Ligature Resistant - Surface Closer/Track-Arm - Cont Hinge,False,,711,0.97,1,EA,Door Stop,1841,ABH,630,,ABH Manufacturing,Satin stainless steel,,711,"[63.9, 479.4, 584.2, 492.4]",
02A,Interior Single - Office Lock/Ligature Resistant - Surface Closer/Track-Arm - Cont Hinge,False,,711,0.97,1,SET,Gasketing,ANTI-LIG 5050,NGP,BLK,,National Guard Products,Black,,711,"[63.9, 492.5, 583.6, 505.4]",
03,Interior Single - Storeroom Lock/Ligature Resistant - Surface Closer/Track-Arm - Cont Hng,False,,711,0.97,1,SET,Continuous Hinge,AC500 HT SEC,ABH,630,,ABH Manufacturing,Satin stainless steel,,711,"[63.9, 559.6, 584.2, 572.5]",
03,Interior Single - Storeroom Lock/Ligature Resistant - Surface Closer/Track-Arm - Cont Hng,False,,711,0.97,1,EA,Ligature Res. Cyl. Lock-Storerm,CRX-A-86,TOW,630,,Townsteel,Satin stainless steel,,711,"[63.9, 572.9, 587.0, 585.8]",
03,Interior Single - Storeroom Lock/Ligature Resistant - Surface Closer/Track-Arm - Cont Hng,False,,711,0.97,1,EA,Cylinder,Per project,TBD,630,,To Be Determined,Satin stainless steel,,711,"[63.9, 587.2, 583.7, 600.1]",
03,Interior Single - Storeroom Lock/Ligature Resistant - Surface Closer/Track-Arm - Cont Hng,False,,711,0.97,1,EA,OH Surface Closer - Track Arm,4040XPT TROX,LCN,689,,LCN,Aluminum painted,,711,"[63.9, 601.5, 582.6, 614.4]",
03,Interior Single - Storeroom Lock/Ligature Resistant - Surface Closer/Track-Arm - Cont Hng,False,,711,0.97,1,EA,Door Stop,1841,ABH,630,,ABH Manufacturing,Satin stainless steel,,711,"[63.9, 615.8, 584.2, 628.7]",
03,Interior Single - Storeroom Lock/Ligature Resistant - Surface Closer/Track-Arm - Cont Hng,False,,711,0.97,1,SET,Gasketing,ANTI-LIG 5050,NGP,BLK,,National Guard Products,Black,,711,"[63.9, 628.9, 583.6, 641.8]",
04,Interior Single - Storeroom Lockset/Ligature Resistant - Surface Closer - Continuous Hng,False,,712,0.97,1,SET,Continuous Hinge,AC500 HT SEC,ABH,630,,ABH Manufacturing,Satin stainless steel,,712,"[63.9, 127.1, 584.2, 140.0]",
04,Interior Single - Storeroom Lockset/Ligature Resistant - Surface Closer - Continuous Hng,False,,712,0.97,1,EA,Ligature Res. Cyl. Lock-Storerm,CRX-A-86,TOW,630,,Townsteel,Satin stainless steel,,712,"[63.9, 140.4, 587.0, 153.3]",
04,Interior Single - Storeroom Lockset/Ligature Resistant - Surface Closer - Continuous Hng,False,,712,0.97,1,EA,Cylinder,Per project,TBD,630,,To Be Determined,Satin stainless steel,,712,"[63.9, 154.7, 583.7, 167.6]",
04,Interior Single - Storeroom Lockset/Ligature Resistant - Surface Closer - Continuous Hng,False,,712,0.97,1,EA,OH Surface Closer,4210T/4510T TBTRX mount public side,LCN,689,,LCN,Aluminum painted,,712,"[63.9, 168.8, 582.6, 181.8]",
04,Interior Single - Storeroom Lockset/Ligature Resistant - Surface Closer - Continuous Hng,False,,712,0.97,1,EA,Door Stop,1841,ABH,630,,ABH Manufacturing,Satin stainless steel,,712,"[63.9, 183.1, 584.2, 196.0]",
04,Interior Single - Storeroom Lockset/Ligature Resistant - Surface Closer - Continuous Hng,False,,712,0.97,1,SET,Gasketing,ANTI-LIG 5050,NGP,BLK,,National Guard Products,Black,,712,"[63.9, 196.3, 583.6, 209.2]",
04A,Interior Single - Storeroom Lockset/Ligature Resistant - Surface Closer - Continuous Hng,False,,712,0.97,1,SET,Continuous Hinge,AC500 HT SEC,ABH,630,,ABH Manufacturing,Satin stainless steel,,712,"[63.9, 262.2, 584.2, 275.1]",
04A,Interior Single - Storeroom Lockset/Ligature Resistant - Surface Closer - Continuous Hng,False,,712,0.97,1,EA,Ligature Res. Cyl. Lock-Storerm,CRX-A-86,TOW,630,,Townsteel,Satin stainless steel,,712,"[63.9, 275.6, 587.0, 288.6]",
04A,Interior Single - Storeroom Lockset/Ligature Resistant - Surface Closer - Continuous Hng,False,,712,0.97,1,EA,Cylinder,Per project,TBD,630,,To Be Determined,Satin stainless steel,,712,"[63.9, 289.8, 583.7, 302.7]",
04A,Interior Single - Storeroom Lockset/Ligature Resistant - Surface Closer - Continuous Hng,False,,712,0.97,1,EA,OH Surface Closer,4040XPT BUMP Torx,LCN,689,,LCN,Aluminum painted,,712,"[63.9, 304.1, 582.6, 317.0]",
04A,Interior Single - Storeroom Lockset/Ligature Resistant - Surface Closer - Continuous Hng,False,,712,0.97,1,SET,Gasketing,ANTI-LIG 5050,NGP,BLK,,National Guard Products,Black,,712,"[63.9, 318.4, 583.6, 331.3]",
05,Interior Single - Storeroom Lockset - Surface Closer - Butt Hinges,False,,712,0.96,,,Hinge-HT,CB51 HT,PBB,630,,PBB,Satin stainless steel,,712,"[63.9, 385.4, 582.7, 398.4]",
05,Interior Single - Storeroom Lockset - Surface Closer - Butt Hinges,False,,712,0.96,1,EA,Cyl. Lock-Storerm,CDC-86-S,TOW,626,,Townsteel,Satin chrome,,712,"[63.9, 398.8, 587.0, 411.7]",
05,Interior Single - Storeroom Lockset - Surface Closer - Butt Hinges,False,,712,0.96,1,EA,Cylinder,Per project,TBD,626,,To Be Determined,Satin chrome,,712,"[63.9, 413.0, 583.7, 426.0]",
05,Interior Single - Storeroom Lockset - Surface Closer - Butt Hinges,False,,712,0.96,1,EA,OH Surface Closer,4040XP/4040XP EDA,LCN,689,,LCN,Aluminum painted,,712,"[63.9, 427.2, 582.6, 440.2]",
05,Interior Single - Storeroom Lockset - Surface Closer - Butt Hinges,False,,712,0.96,1,EA,Door Stop,Per Specification,,,,,,,712,"[63.9, 441.5, 574.0, 454.4]",
05,Interior Single - Storeroom Lockset - Surface Closer - Butt Hinges,False,,712,0.96,1,SET,Gasketing,5050,NGP,BLK,,National Guard Products,Black,,712,"[63.9, 454.7, 583.6, 467.6]",
05A,Interior Single - Storeroom Lockset - No Closer - Butt Hinges,False,,712,0.96,,,Hinge-HT,CB51 HT,PBB,630,,PBB,Satin stainless steel,,712,"[63.9, 520.8, 582.7, 533.8]",
05A,Interior Single - Storeroom Lockset - No Closer - Butt Hinges,False,,712,0.96,1,EA,Cyl. Lock-Storerm,CDC-86-S,TOW,626,,Townsteel,Satin chrome,,712,"[63.9, 534.1, 587.0, 547.1]",
05A,Interior Single - Storeroom Lockset - No Closer - Butt Hinges,False,,712,0.96,1,EA,Cylinder,Per project,TBD,626,,To Be Determined,Satin chrome,,712,"[63.9, 548.4, 583.7, 561.4]",
05A,Interior Single - Storeroom Lockset - No Closer - Butt Hinges,False,,712,0.96,1,EA,Door Stop,Per Specification,,,,,,,712,"[63.9, 562.7, 574.0, 575.6]",
05A,Interior Single - Storeroom Lockset - No Closer - Butt Hinges,False,,712,0.96,1,SET,Gasketing,5050,NGP,BLK,,National Guard Products,Black,,712,"[63.9, 575.8, 583.6, 588.7]",
06,Interior Single - Card Reader - Elec Fail-Secure Lock - Surface Closer - Butt Hinges,False,,713,0.96,,,Hinge-HT,CB51 HT,PBB,630,,PBB,Satin stainless steel,,713,"[63.9, 127.1, 582.7, 140.0]",
06,Interior Single - Card Reader - Elec Fail-Secure Lock - Surface Closer - Butt Hinges,False,,713,0.96,1,EA,Hinge-Power Transfer,CB51EL HT,PBB,630,,PBB,Satin stainless steel,,713,"[63.9, 140.4, 582.7, 153.3]",
06,Interior Single - Card Reader - Elec Fail-Secure Lock - Surface Closer - Butt Hinges,False,,713,0.96,1,EA,Fail Secure Cyl. Lock,XCDC-86-S-RQE Fail Secure 24VDC,TOW,626,,Townsteel,Satin chrome,,713,"[63.9, 153.7, 587.0, 166.6]",
06,Interior Single - Card Reader - Elec Fail-Secure Lock - Surface Closer - Butt Hinges,False,,713,0.96,1,EA,Cylinder,Per project,TBD,626,,To Be Determined,Satin chrome,,713,"[63.9, 168.0, 583.7, 180.9]",
06,Interior Single - Card Reader - Elec Fail-Secure Lock - Surface Closer - Butt Hinges,False,,713,0.96,1,EA,OH Surface Closer,4040XP/4040XP EDA,LCN,689,,LCN,Aluminum painted,,713,"[63.9, 182.3, 582.6, 195.2]",
06,Interior Single - Card Reader - Elec Fail-Secure Lock - Surface Closer - Butt Hinges,False,,713,0.96,1,EA,Door Stop,Per Specification,,,,,,,713,"[63.9, 196.4, 574.0, 209.4]",
06,Interior Single - Card Reader - Elec Fail-Secure Lock - Surface Closer - Butt Hinges,False,,713,0.96,1,SET,Gasketing,5050,NGP,BLK,,National Guard Products,Black,,713,"[63.9, 209.6, 583.6, 222.6]",
06,Interior Single - Card Reader - Elec Fail-Secure Lock - Surface Closer - Butt Hinges,False,,713,0.96,1,EA,Card Reader,By Division 28,,,,,,,713,"[63.9, 222.9, 574.2, 235.9]",
06,Interior Single - Card Reader - Elec Fail-Secure Lock - Surface Closer - Butt Hinges,False,,713,0.96,1,EA,Door Position Switch,By Division 28,,,,,,,713,"[63.9, 236.3, 574.2, 249.2]",
06,Interior Single - Card Reader - Elec Fail-Secure Lock - Surface Closer - Butt Hinges,False,,713,0.96,1,EA,Lock Power Supply,By Division 28,,,,,,,713,"[63.9, 249.7, 574.2, 262.7]",
06A,,True,,713,0.9,,,,,,,,,,,,,
07,Interior Single - Institutional Privacy/Occ Ind - Ligature Resistant - Self Closing Cont Hinge,False,,713,0.97,1,SET,Self Closing Continuous Hinge,A507SC HT,ABH,628,,ABH Manufacturing,"Satin aluminum, clear anodized",,713,"[63.9, 420.4, 584.2, 433.3]",
07,Interior Single - Institutional Privacy/Occ Ind - Ligature Resistant - Self Closing Cont Hinge,False,,713,0.97,1,EA,Ligature Res Mort Lock-Ins.Privacy/ID,MRX-A-26-O,TOW,630,,Townsteel,Satin stainless steel,,713,"[63.9, 433.7, 587.0, 446.6]",
07,Interior Single - Institutional Privacy/Occ Ind - Ligature Resistant - Self Closing Cont Hinge,False,,713,0.97,1,EA,Cylinder,Per project,TBD,630,,To Be Determined,Satin stainless steel,,713,"[63.9, 448.0, 583.7, 460.9]",
07,Interior Single - Institutional Privacy/Occ Ind - Ligature Resistant - Self Closing Cont Hinge,False,,713,0.97,1,EA,Door Stop,1841,ABH,630,,ABH Manufacturing,Satin stainless steel,,713,"[63.9, 476.4, 584.2, 489.4]",
07,Interior Single - Institutional Privacy/Occ Ind - Ligature Resistant - Self Closing Cont Hinge,False,,713,0.97,1,SET,Gasketing,ANTI-LIG 5050,NGP,BLK,,National Guard Products,Black,,713,"[63.9, 489.6, 583.6, 502.6]",
07A,Interior Single - Storeroom Privacy w/ID&Override - Ligature Resistant - SRCL - Cont Hinge,False,,713,0.97,1,SET,Continuous Hinge,AC500 HT SEC,ABH,630,,ABH Manufacturing,Satin stainless steel,,713,"[63.9, 595.7, 584.2, 608.7]",
07A,Interior Single - Storeroom Privacy w/ID&Override - Ligature Resistant - SRCL - Cont Hinge,False,,713,0.97,1,EA,Lig Res Mortise Lock-Strm Priv w/ID,MRX-A-15-O (Storerm Prvy W/ID ORD),TOW,630,,Townsteel,Satin stainless steel,,713,"[63.9, 609.1, 587.0, 622.0]",
07A,Interior Single - Storeroom Privacy w/ID&Override - Ligature Resistant - SRCL - Cont Hinge,False,,713,0.97,1,EA,Cylinder,Per project,TBD,630,,To Be Determined,Satin stainless steel,,713,"[63.9, 623.3, 583.7, 636.3]",
07A,Interior Single - Storeroom Privacy w/ID&Override - Ligature Resistant - SRCL - Cont Hinge,False,,713,0.97,1,EA,OH Surface Closer,4210T/4510T TBTRX mount on public side,LCN,689,,LCN,Aluminum painted,,713,"[63.9, 637.5, 582.6, 663.4]",
07A,Interior Single - Storeroom Privacy w/ID&Override - Ligature Resistant - SRCL - Cont Hinge,False,,713,0.97,1,EA,Door Stop,1841,ABH,630,,ABH Manufacturing,Satin stainless steel,,713,"[63.9, 677.6, 584.2, 690.5]",
07A,Interior Single - Storeroom Privacy w/ID&Override - Ligature Resistant - SRCL - Cont Hinge,False,,713,0.97,1,SET,Gasketing,ANTI-LIG 5050,NGP,BLK,,National Guard Products,Black,,713,"[63.9, 690.8, 583.6, 703.7]",
07B,Interior Single - Institutional Privacy/Occ Ind - Ligature Resistant - OHCC - Cont Hinge,False,,714,0.97,1,SET,Self Closing Continuous Hinge,A507SC HT,ABH,628,,ABH Manufacturing,"Satin aluminum, clear anodized",,714,"[63.9, 127.1, 584.2, 140.0]",
07B,Interior Single - Institutional Privacy/Occ Ind - Ligature Resistant - OHCC - Cont Hinge,False,,714,0.97,1,EA,Lig Res Mortise Lock-Strm Priv w/ID,MRX-A-15-O (Storerm Prvy W/ID ORD),TOW,630,,Townsteel,Satin stainless steel,,714,"[63.9, 140.4, 587.0, 153.3]",
07B,Interior Single - Institutional Privacy/Occ Ind - Ligature Resistant - OHCC - Cont Hinge,False,,714,0.97,1,EA,Cylinder,Per project,TBD,630,,To Be Determined,Satin stainless steel,,714,"[63.9, 154.7, 583.7, 167.6]",
07B,Interior Single - Institutional Privacy/Occ Ind - Ligature Resistant - OHCC - Cont Hinge,False,,714,0.97,1,EA,Door Stop,1841,ABH,630,,ABH Manufacturing,Satin stainless steel,,714,"[63.9, 183.1, 584.2, 196.0]",
07B,Interior Single - Institutional Privacy/Occ Ind - Ligature Resistant - OHCC - Cont Hinge,False,,714,0.97,1,SET,Gasketing,ANTI-LIG 5050,NGP,BLK,,National Guard Products,Black,,714,"[63.9, 196.3, 583.6, 209.2]",
08,Interior Single - Hotel Lockset - Surface Closer - Butt Hinges,False,,714,0.96,,,Hinge-HT,CB51 HT,PBB,630,,PBB,Satin stainless steel,,714,"[63.9, 302.3, 582.7, 315.2]",
08,Interior Single - Hotel Lockset - Surface Closer - Butt Hinges,False,,714,0.96,1,EA,Cyl. Lock-Hotel,CDC-93-S,TOW,626,,Townsteel,Satin chrome,,714,"[63.9, 315.7, 587.0, 328.7]",
08,Interior Single - Hotel Lockset - Surface Closer - Butt Hinges,False,,714,0.96,1,EA,Cylinder,Per project,TBD,626,,To Be Determined,Satin chrome,,714,"[63.9, 329.9, 583.7, 342.8]",
08,Interior Single - Hotel Lockset - Surface Closer - Butt Hinges,False,,714,0.96,1,EA,OH Surface Closer,4040XP/4040XP EDA,LCN,689,,LCN,Aluminum painted,,714,"[63.9, 344.2, 582.6, 357.1]",
08,Interior Single - Hotel Lockset - Surface Closer - Butt Hinges,False,,714,0.96,1,EA,Door Stop,Per Specification,,,,,,,714,"[63.9, 358.4, 574.0, 371.4]",
08,Interior Single - Hotel Lockset - Surface Closer - Butt Hinges,False,,714,0.96,1,SET,Gasketing,5050,NGP,BLK,,National Guard Products,Black,,714,"[63.9, 371.6, 583.6, 384.6]",
09,Interior Single - Classroom Lockset/Ligature Resistant - No Closer - Continuous Hinge,False,,714,0.97,1,SET,Continuous Hinge,AC500 HT SEC,ABH,630,,ABH Manufacturing,Satin stainless steel,,714,"[63.9, 438.6, 584.2, 451.6]",
09,Interior Single - Classroom Lockset/Ligature Resistant - No Closer - Continuous Hinge,False,,714,0.97,1,EA,Ligature Res. Cyl. Lock-Classrm,CRX-A-84,TOW,630,,Townsteel,Satin stainless steel,,714,"[63.9, 452.1, 587.0, 465.0]",
09,Interior Single - Classroom Lockset/Ligature Resistant - No Closer - Continuous Hinge,False,,714,0.97,1,EA,Cylinder,Per project,TBD,630,,To Be Determined,Satin stainless steel,,714,"[63.9, 466.2, 583.7, 479.2]",
09,Interior Single - Classroom Lockset/Ligature Resistant - No Closer - Continuous Hinge,False,,714,0.97,1,EA,Door Stop,1841,ABH,630,,ABH Manufacturing,Satin stainless steel,,714,"[63.9, 480.5, 584.2, 493.4]",
09,Interior Single - Classroom Lockset/Ligature Resistant - No Closer - Continuous Hinge,False,,714,0.97,1,SET,Gasketing,ANTI-LIG 5050,NGP,BLK,,National Guard Products,Black,,714,"[63.9, 493.7, 583.6, 506.6]",
09A,Interior Single - Classroom Lockset - No Closer - Butt Hinges,False,,714,0.96,,,Hinge-HT,CB51 HT,PBB,630,,PBB,Satin stainless steel,,714,"[63.9, 560.7, 582.7, 573.6]",
09A,Interior Single - Classroom Lockset - No Closer - Butt Hinges,False,,714,0.96,1,EA,Cyl. Lock-Classrm,CDC-84-S,TOW,626,,Townsteel,Satin chrome,,714,"[63.9, 574.1, 587.0, 587.0]",
09A,Interior Single - Classroom Lockset - No Closer - Butt Hinges,False,,714,0.96,1,EA,Cylinder,Per project,TBD,626,,To Be Determined,Satin chrome,,714,"[63.9, 588.3, 583.7, 601.2]",
09A,Interior Single - Classroom Lockset - No Closer - Butt Hinges,False,,714,0.96,1,EA,Door Stop,Per Specification,,,,,,,714,"[63.9, 602.6, 574.0, 615.5]",
09A,Interior Single - Classroom Lockset - No Closer - Butt Hinges,False,,714,0.96,1,SET,Gasketing,5050,NGP,BLK,,National Guard Products,Black,,714,"[63.9, 615.8, 583.6, 628.7]",
09B,Interior Single - Classroom Lockset/Ligature Resistant - No Closer - Continuous Hinge,False,,715,0.97,1,SET,Continuous Hinge,AC500 HT SEC,ABH,630,,ABH Manufacturing,Satin stainless steel,,715,"[63.9, 127.1, 584.2, 140.0]",
09B,Interior Single - Classroom Lockset/Ligature Resistant - No Closer - Continuous Hinge,False,,715,0.97,1,EA,Ligature Res. Mortise Lock-Classrm,MRX-A-05,TOW,630,,Townsteel,Satin stainless steel,,715,"[63.9, 140.4, 587.0, 153.3]",
09B,Interior Single - Classroom Lockset/Ligature Resistant - No Closer - Continuous Hinge,False,,715,0.97,1,EA,Cylinder,Per project,TBD,630,,To Be Determined,Satin stainless steel,,715,"[63.9, 154.7, 583.7, 167.6]",
09B,Interior Single - Classroom Lockset/Ligature Resistant - No Closer - Continuous Hinge,False,,715,0.97,1,EA,Door Stop,1841,ABH,630,,ABH Manufacturing,Satin stainless steel,,715,"[63.9, 168.8, 584.2, 181.8]",
09B,Interior Single - Classroom Lockset/Ligature Resistant - No Closer - Continuous Hinge,False,,715,0.97,1,SET,Gasketing,ANTI-LIG 5050,NGP,BLK,,National Guard Products,Black,,715,"[63.9, 182.0, 583.6, 195.0]",
10,Interior Single - Card Reader - Elec Fail Secure/Fail-Safe Lock/Lig Res - Surface Closer,False,,715,0.95,1,SET,Continuous Hinge,AC500 HT SEC TW8,ABH,630,,ABH Manufacturing,Satin stainless steel,,715,"[63.9, 248.2, 584.2, 261.1]",
10,Interior Single - Card Reader - Elec Fail Secure/Fail-Safe Lock/Lig Res - Surface Closer,False,,715,0.95,1,EA,Lig Res. Mortise Lock-Fail Safe/Secure,X-MRX-A-241/242C-RQE Fail Saf/Secure,TOW,630,,Townsteel,Satin stainless steel,,715,"[63.9, 261.5, 587.0, 274.4]",
10,Interior Single - Card Reader - Elec Fail Secure/Fail-Safe Lock/Lig Res - Surface Closer,False,,715,0.95,2,EA,Cylinder,Per project,TBD,630,,To Be Determined,Satin stainless steel,,715,"[63.9, 275.8, 583.7, 288.7]",
10,Interior Single - Card Reader - Elec Fail Secure/Fail-Safe Lock/Lig Res - Surface Closer,False,,715,0.95,1,EA,OH Surface Closer,4210T/4510T TBTRX mount on public side,LCN,689,,LCN,Aluminum painted,,715,"[63.9, 290.0, 582.6, 315.8]",
10,Interior Single - Card Reader - Elec Fail Secure/Fail-Safe Lock/Lig Res - Surface Closer,False,,715,0.95,1,SET,Gasketing,ANTI-LIG 5050,NGP,BLK,,National Guard Products,Black,,715,"[63.9, 315.8, 583.6, 328.8]",
10,Interior Single - Card Reader - Elec Fail Secure/Fail-Safe Lock/Lig Res - Surface Closer,False,,715,0.95,1,EA,Card Reader,By Division 28,,,,,,,715,"[63.9, 329.2, 574.2, 342.1]",
10,Interior Single - Card Reader - Elec Fail Secure/Fail-Safe Lock/Lig Res - Surface Closer,False,,715,0.95,1,EA,Door Position Switch,By Division 28,,,,,,,715,"[63.9, 342.5, 574.2, 355.4]",
10,Interior Single - Card Reader - Elec Fail Secure/Fail-Safe Lock/Lig Res - Surface Closer,False,,715,0.95,1,EA,Lock Power Supply,By Division 28,,,,,,,715,"[63.9, 355.9, 574.2, 368.9]",
10A,,True,,715,0.9,,,,,,,,,,,,,
10B,,True,,715,0.9,,,,,,,,,,,,,
10C,,True,,715,0.9,,,,,,,,,,,,,
10C,Interior Single - Push/Pull-Ligature Resistant - Automatic Operator,False,,715,0.96,1,EA,Continuous Hinge,AC500 HT SEC,ABH,630,,ABH Manufacturing,Satin stainless steel,,715,"[63.9, 565.9, 584.2, 578.9]",
10C,Interior Single - Push/Pull-Ligature Resistant - Automatic Operator,False,,715,0.96,1,SET,Ligature Res. Push/Pull Set,MRX-A-72,TOW,630,,Townsteel,Satin stainless steel,,715,"[63.9, 579.4, 587.0, 592.3]",
10C,Interior Single - Push/Pull-Ligature Resistant - Automatic Operator,False,,715,0.96,1,EA,Overhead Surface Auto Operator,SW200i 115VAC,BSM,628,,,"Satin aluminum, clear anodized",,715,"[63.9, 593.6, 584.2, 606.5]",
10C,Interior Single - Push/Pull-Ligature Resistant - Automatic Operator,False,,715,0.96,,,Wave Sense Actuator,MS31 / MS41,BEA,,,BEA,,,715,"[63.9, 606.8, 583.0, 619.7]",
10C,Interior Single - Push/Pull-Ligature Resistant - Automatic Operator,False,,715,0.96,1,EA,Door Stop,Per Specification,,,,,,,715,"[63.9, 620.0, 574.0, 632.9]",
10C,Interior Single - Push/Pull-Ligature Resistant - Automatic Operator,False,,715,0.96,1,SET,Gasketing,ANTI-LIG 5050,NGP,BLK,,National Guard Products,Black,,715,"[63.9, 632.9, 583.6, 645.9]",
10C,Interior Single - Push/Pull-Ligature Resistant - Automatic Operator,False,,715,0.96,1,EA,Threshold,To Suit Sill Condition,PEM,719,,Pemko,Mill finish aluminum,,715,"[63.9, 646.3, 584.6, 659.2]",
11,,True,,715,0.9,,,,,,,,,,,,,
12,Interior Single - Passage Latchset/Ligature Resistant - OHC Closer - Cont Hng - Rescue,False,,716,0.97,1,SET,Continuous Hinge-Double Acting,A507,ABH,628,,ABH Manufacturing,"Satin aluminum, clear anodized",,716,"[63.9, 127.1, 584.2, 140.0]",
12,Interior Single - Passage Latchset/Ligature Resistant - OHC Closer - Cont Hng - Rescue,False,,716,0.97,1,EA,Ligature Res. Mortise Lock-Classroom,MRX-A-05,TOW,630,,Townsteel,Satin stainless steel,,716,"[63.9, 140.4, 587.0, 153.3]",
12,Interior Single - Passage Latchset/Ligature Resistant - OHC Closer - Cont Hng - Rescue,False,,716,0.97,1,EA,Cylinder,Per project,TBD,630,,To Be Determined,Satin stainless steel,,716,"[63.9, 154.7, 583.7, 167.6]",
12,Interior Single - Passage Latchset/Ligature Resistant - OHC Closer - Cont Hng - Rescue,False,,716,0.97,1,EA,Double Acting OH Concealed Closer,KG35,KSG,630,,KSG,Satin stainless steel,,716,"[63.9, 168.8, 582.2, 181.8]",
12,Interior Single - Passage Latchset/Ligature Resistant - OHC Closer - Cont Hng - Rescue,False,,716,0.97,1,EA,Door Stop,1841,ABH,630,,ABH Manufacturing,Satin stainless steel,,716,"[63.9, 183.1, 584.2, 196.0]",
12,Interior Single - Passage Latchset/Ligature Resistant - OHC Closer - Cont Hng - Rescue,False,,716,0.97,1,SET,Gasketing,ANTI-LIG 5050,NGP,BLK,,National Guard Products,Black,,716,"[63.9, 196.3, 583.6, 209.2]",
12,Interior Single - Passage Latchset/Ligature Resistant - OHC Closer - Cont Hng - Rescue,False,,716,0.97,1,EA,Emergency Rescue Stop,A509 L,ABH,630,,ABH Manufacturing,Satin stainless steel,,716,"[63.9, 209.6, 584.2, 222.6]",
12,Interior Single - Passage Latchset/Ligature Resistant - OHC Closer - Cont Hng - Rescue,False,,716,0.97,1,EA,Cylinder (For Rescue Stop),Per project,TBD,630,,To Be Determined,Satin stainless steel,,716,"[63.9, 223.9, 583.7, 236.8]",
12A,Interior Single - Passage Latchset/Ligature Resistant - No Closer - Continuous Hinge,False,,716,0.97,1,SET,Continuous Hinge,AC500 HT SEC,ABH,630,,ABH Manufacturing,Satin stainless steel,,716,"[63.9, 290.8, 584.2, 303.7]",
12A,Interior Single - Passage Latchset/Ligature Resistant - No Closer - Continuous Hinge,False,,716,0.97,1,EA,Ligature Res. Mortise Lock-Classroom,MRX-A-05,TOW,630,,Townsteel,Satin stainless steel,,716,"[63.9, 304.1, 587.0, 317.0]",
12A,Interior Single - Passage Latchset/Ligature Resistant - No Closer - Continuous Hinge,False,,716,0.97,1,EA,Cylinder,Per project,TBD,630,,To Be Determined,Satin stainless steel,,716,"[63.9, 318.4, 583.7, 331.3]",
12A,Interior Single - Passage Latchset/Ligature Resistant - No Closer - Continuous Hinge,False,,716,0.97,1,EA,Door Stop,1841,ABH,630,,ABH Manufacturing,Satin stainless steel,,716,"[63.9, 332.6, 584.2, 345.6]",
12A,Interior Single - Passage Latchset/Ligature Resistant - No Closer - Continuous Hinge,False,,716,0.97,1,SET,Gasketing,ANTI-LIG 5050,NGP,BLK,,National Guard Products,Black,,716,"[63.9, 345.7, 583.6, 358.7]",
12B,Interior Single - Passage Latchset/Ligature Resistant - No Closer - Continuous Hinge,False,,716,0.97,1,SET,Continuous Hinge,AC500 HT SEC,ABH,630,,ABH Manufacturing,Satin stainless steel,,716,"[63.9, 411.7, 584.2, 424.7]",
12B,Interior Single - Passage Latchset/Ligature Resistant - No Closer - Continuous Hinge,False,,716,0.97,1,EA,Ligature Res. Mortise Lock-Classrm,MRX-A-05,TOW,630,,Townsteel,Satin stainless steel,,716,"[63.9, 425.1, 587.0, 438.0]",
12B,Interior Single - Passage Latchset/Ligature Resistant - No Closer - Continuous Hinge,False,,716,0.97,1,EA,Cylinder,Per project,TBD,630,,To Be Determined,Satin stainless steel,,716,"[63.9, 439.3, 583.7, 452.3]",
12B,Interior Single - Passage Latchset/Ligature Resistant - No Closer - Continuous Hinge,False,,716,0.97,1,EA,Door Stop,1841,ABH,630,,ABH Manufacturing,Satin stainless steel,,716,"[63.9, 453.5, 584.2, 466.4]",
12B,Interior Single - Passage Latchset/Ligature Resistant - No Closer - Continuous Hinge,False,,716,0.97,1,SET,Gasketing,ANTI-LIG 5050,NGP,BLK,,National Guard Products,Black,,716,"[63.9, 466.7, 583.6, 479.6]",
12C,Interior Single - Passage Latchset/Ligature Resistant - Surface Closer - Continuous Hinge,False,,716,0.97,1,SET,Self-Closing Continuous Hinge,A507 HT SEC,ABH,630,,ABH Manufacturing,Satin stainless steel,,716,"[63.9, 532.7, 584.2, 545.6]",
12C,Interior Single - Passage Latchset/Ligature Resistant - Surface Closer - Continuous Hinge,False,,716,0.97,1,EA,Ligature Res. Mortise Lock-Classrm,CRX-A-84,TOW,630,,Townsteel,Satin stainless steel,,716,"[63.9, 546.0, 587.0, 559.0]",
12C,Interior Single - Passage Latchset/Ligature Resistant - Surface Closer - Continuous Hinge,False,,716,0.97,1,EA,Cylinder,Per project,TBD,630,,To Be Determined,Satin stainless steel,,716,"[63.9, 560.3, 583.7, 573.2]",
12C,Interior Single - Passage Latchset/Ligature Resistant - Surface Closer - Continuous Hinge,False,,716,0.97,1,EA,Wall Stop*,1841*,ABH,630,,ABH Manufacturing,Satin stainless steel,,716,"[63.9, 588.7, 584.2, 601.7]",
12C,Interior Single - Passage Latchset/Ligature Resistant - Surface Closer - Continuous Hinge,False,,716,0.97,1,EA,Floor Stop**,AB-446-RKW**,ABH,BLK,,ABH Manufacturing,Black,,716,"[63.9, 602.0, 584.2, 614.9]",
12C,Interior Single - Passage Latchset/Ligature Resistant - Surface Closer - Continuous Hinge,False,,716,0.97,1,SET,Gasketing,ANTI-LIG 5050,NGP,BLK,,National Guard Products,Black,,716,"[63.9, 615.1, 583.6, 628.0]",
13,,True,,717,0.9,,,,,,,,,,,,,
14,,True,,717,0.9,,,,,,,,,,,,,
14A,,True,,717,0.9,,,,,,,,,,,,,
14B,,True,,717,0.9,,,,,,,,,,,,,
14B,Interior Pair - Ligature Resistant Push/Pulls - Automatic Operator- Continuous Hinge,False,,717,0.96,2,SET,Continuous Hinge,AC500 HT SEC,ABH,630,,ABH Manufacturing,Satin stainless steel,,717,"[63.9, 378.6, 584.2, 391.5]",
14B,Interior Pair - Ligature Resistant Push/Pulls - Automatic Operator- Continuous Hinge,False,,717,0.96,2,SET,Ligature Res. Push/Pull Set,MRX-A-72,TOW,630,,Townsteel,Satin stainless steel,,717,"[63.9, 391.9, 587.0, 404.9]",
14B,Interior Pair - Ligature Resistant Push/Pulls - Automatic Operator- Continuous Hinge,False,,717,0.96,2,EA,Overhead Surface Auto Operator,SW200i 115VAC,BSM,628,,,"Satin aluminum, clear anodized",,717,"[63.9, 406.2, 584.2, 419.1]",
14B,Interior Pair - Ligature Resistant Push/Pulls - Automatic Operator- Continuous Hinge,False,,717,0.96,,,Wave Sense Actuator,MS31 / MS41,BEA,,,BEA,,,717,"[63.9, 419.3, 583.0, 432.2]",
14B,Interior Pair - Ligature Resistant Push/Pulls - Automatic Operator- Continuous Hinge,False,,717,0.96,2,EA,Door Stop,Per Specification,,,,,,,717,"[63.9, 432.5, 574.0, 445.4]",
14B,Interior Pair - Ligature Resistant Push/Pulls - Automatic Operator- Continuous Hinge,False,,717,0.96,1,SET,Gasketing,ANTI-LIG 5050,NGP,BLK,,National Guard Products,Black,,717,"[63.9, 445.5, 583.6, 458.4]",
14B,Interior Pair - Ligature Resistant Push/Pulls - Automatic Operator- Continuous Hinge,False,,717,0.96,1,EA,Threshold,To Suit Sill Condition,PEM,719,,Pemko,Mill finish aluminum,,717,"[63.9, 458.8, 584.6, 471.7]",
15,,True,,718,0.9,,,,,,,,,,,,,
15A,Interior Single - Ligature Restant Push/Pulls - Magnetic Lock - Automatic Operator,False,,718,0.96,1,SET,Swing Clear Continuous Hinge,A511 HT SEC (Not NYS OMH approved),ABH,630,,ABH Manufacturing,Satin stainless steel,,718,"[63.9, 484.6, 584.2, 497.5]",
15A,Interior Single - Ligature Restant Push/Pulls - Magnetic Lock - Automatic Operator,False,,718,0.96,1,SET,Ligature Res. Push/Pull Set,MRX-A-72,TOW,630,,Townsteel,Satin stainless steel,,718,"[63.9, 497.9, 587.0, 510.8]",
15A,Interior Single - Ligature Restant Push/Pulls - Magnetic Lock - Automatic Operator,False,,718,0.96,1,EA,Mag Lock,1511,SDC,628,,Security Door Controls,"Satin aluminum, clear anodized",,718,"[63.9, 512.2, 582.1, 525.1]",
15A,Interior Single - Ligature Restant Push/Pulls - Magnetic Lock - Automatic Operator,False,,718,0.96,1,EA,Push to Lock/Unlock Button,CB402-AU (One Per Two Drs.),SDC,,,Security Door Controls,,,718,"[63.9, 526.5, 582.1, 539.4]",
15A,Interior Single - Ligature Restant Push/Pulls - Magnetic Lock - Automatic Operator,False,,718,0.96,1,EA,Emergency Release Button,CB402-B,SDC,,,Security Door Controls,,,718,"[63.9, 539.4, 582.1, 552.4]",
15A,Interior Single - Ligature Restant Push/Pulls - Magnetic Lock - Automatic Operator,False,,718,0.96,1,EA,Overhead Surface Auto Operator,SW200i 115VAC,BSM,628,,,"Satin aluminum, clear anodized",,718,"[63.9, 552.4, 584.2, 565.3]",
15A,Interior Single - Ligature Restant Push/Pulls - Magnetic Lock - Automatic Operator,False,,718,0.96,,,Wave Sense Actuator,MS31 / MS41,BEA,,,BEA,,,718,"[63.9, 565.5, 583.0, 578.4]",
15A,Interior Single - Ligature Restant Push/Pulls - Magnetic Lock - Automatic Operator,False,,718,0.96,1,EA,Door Stop,Per Specification,,,,,,,718,"[63.9, 578.7, 574.0, 591.6]",
15A,Interior Single - Ligature Restant Push/Pulls - Magnetic Lock - Automatic Operator,False,,718,0.96,1,SET,Gasketing,ANTI-LIG 5050,NGP,BLK,,National Guard Products,Black,,718,"[63.9, 591.7, 583.6, 604.6]",
15A,Interior Single - Ligature Restant Push/Pulls - Magnetic Lock - Automatic Operator,False,,718,0.96,1,EA,Threshold,To Suit Sill Condition,PEM,719,,Pemko,Mill finish aluminum,,718,"[63.9, 605.0, 584.6, 617.9]",
16,,True,,719,0.9,,,,,,,,,,,,,
17,,True,,719,0.9,,,,,,,,,,,,,
18,Interior Single - Card Reader - Elec Fail-Secure Lock - Self-Closing Hinges,False,,719,0.95,,,Spring Hinge-HT,CP51 HT,PBB,630,,PBB,Satin stainless steel,,719,"[63.9, 179.6, 582.7, 192.6]",
18,Interior Single - Card Reader - Elec Fail-Secure Lock - Self-Closing Hinges,False,,719,0.95,1,EA,Hinge-Power Transfer,CB51EL HT,PBB,630,,PBB,Satin stainless steel,,719,"[63.9, 192.9, 582.7, 205.9]",
18,Interior Single - Card Reader - Elec Fail-Secure Lock - Self-Closing Hinges,False,,719,0.95,1,EA,Fail Secure Cyl. Lock,XCDC-86-S-RQE 24VDC,TOW,626,,Townsteel,Satin chrome,,719,"[63.9, 206.3, 587.0, 219.2]",
18,Interior Single - Card Reader - Elec Fail-Secure Lock - Self-Closing Hinges,False,,719,0.95,1,EA,Cylinder,Per project,TBD,626,,To Be Determined,Satin chrome,,719,"[63.9, 220.5, 583.7, 233.5]",
18,Interior Single - Card Reader - Elec Fail-Secure Lock - Self-Closing Hinges,False,,719,0.95,1,EA,Door Stop,Per Specification,,,,,,,719,"[63.9, 234.8, 574.0, 247.8]",
18,Interior Single - Card Reader - Elec Fail-Secure Lock - Self-Closing Hinges,False,,719,0.95,1,SET,Gasketing,5050,NGP,BLK,,National Guard Products,Black,,719,"[63.9, 248.0, 583.6, 261.0]",
18,Interior Single - Card Reader - Elec Fail-Secure Lock - Self-Closing Hinges,False,,719,0.95,1,EA,Card Reader,By Division 28,,,,,,,719,"[63.9, 261.4, 574.2, 274.3]",
18,Interior Single - Card Reader - Elec Fail-Secure Lock - Self-Closing Hinges,False,,719,0.95,1,EA,Door Position Switch,By Division 28,,,,,,,719,"[63.9, 274.7, 574.2, 287.6]",
18,Interior Single - Card Reader - Elec Fail-Secure Lock - Self-Closing Hinges,False,,719,0.95,1,EA,Lock Power Supply,By Division 28,,,,,,,719,"[63.9, 288.0, 574.2, 300.9]",
19,Interior Double Egress - Card Readers - Exit Devices/Exit Only - Automatic Operators,False,,720,0.96,2,SET,Continuous Hinge,AC500 HT TW8 SEC,ABH,630,,ABH Manufacturing,Satin stainless steel,,720,"[63.9, 127.1, 584.2, 140.0]",
19,Interior Double Egress - Card Readers - Exit Devices/Exit Only - Automatic Operators,False,,720,0.96,2,SET,CVR-LBR Device-EO/Rite Doors/REX,MLR-D3676/D8576-LBR-EO M2 SEC,ADR,630,,Adams Rite,Satin stainless steel,,720,"[63.9, 140.4, 584.0, 153.3]",
19,Interior Double Egress - Card Readers - Exit Devices/Exit Only - Automatic Operators,False,,720,0.96,1,EA,Fire Bolt,As Req @ Fire Door,ADR,630,,Adams Rite,Satin stainless steel,,720,"[63.9, 153.7, 584.0, 166.6]",
19,Interior Double Egress - Card Readers - Exit Devices/Exit Only - Automatic Operators,False,,720,0.96,1,EA,Exit Device Power Supply,PS-EXIT 120VDC,ADR,,,Adams Rite,,,720,"[63.9, 167.0, 585.3, 180.0]",
19,Interior Double Egress - Card Readers - Exit Devices/Exit Only - Automatic Operators,False,,720,0.96,2,EA,Mag Lock/Delayed Egress,1511S-NC-K-V-D-B-A-VI SEC,SDC,628,,Security Door Controls,"Satin aluminum, clear anodized",,720,"[63.9, 180.5, 582.1, 193.4]",
19,Interior Double Egress - Card Readers - Exit Devices/Exit Only - Automatic Operators,False,,720,0.96,2,EA,Overhead Surface Auto Operator,SW200i 115VAC SEC,BSM,628,,,"Satin aluminum, clear anodized",,720,"[63.9, 194.6, 584.2, 207.6]",
19,Interior Double Egress - Card Readers - Exit Devices/Exit Only - Automatic Operators,False,,720,0.96,2,EA,Door Stop,Per Specification,,,,,,,720,"[63.9, 221.0, 574.0, 234.0]",
19,Interior Double Egress - Card Readers - Exit Devices/Exit Only - Automatic Operators,False,,720,0.96,1,SET,Gasketing,5050,NGP,BLK,,National Guard Products,Black,,720,"[63.9, 234.1, 583.6, 247.0]",
19,Interior Double Egress - Card Readers - Exit Devices/Exit Only - Automatic Operators,False,,720,0.96,2,EA,Card Reader,By Division 28,,,,,,,720,"[63.9, 247.4, 574.2, 260.4]",
19,Interior Double Egress - Card Readers - Exit Devices/Exit Only - Automatic Operators,False,,720,0.96,2,EA,Door Position Switch,By Division 28,,,,,,,720,"[63.9, 260.9, 574.2, 273.8]",
19,Interior Double Egress - Card Readers - Exit Devices/Exit Only - Automatic Operators,False,,720,0.96,1,EA,Lock Power Supply,By Division 28,,,,,,,720,"[63.9, 274.2, 574.2, 287.1]",
20,Interior Automated Sliding Door,False,,720,0.3,,,,,,,,,,,,,
21,Exterior Automated Sliding Door - Card Reader,False,,720,0.3,,,,,,,,,,,,,
22,Interior Single - Institutional Privacy Lock/Occupancy Indicator - OHC Closer - Rescue,False,,721,0.97,1,SET,Continuous Hinge-Double Acting,A507,ABH,628,,ABH Manufacturing,"Satin aluminum, clear anodized",,721,"[63.9, 127.1, 584.2, 140.0]",
22,Interior Single - Institutional Privacy Lock/Occupancy Indicator - OHC Closer - Rescue,False,,721,0.97,1,EA,Ligature Res. Cyl. Lock-Ins.Privay/I.D.,MRX-A-26-O,TOW,630,,Townsteel,Satin stainless steel,,721,"[63.9, 140.4, 587.0, 153.3]",
22,Interior Single - Institutional Privacy Lock/Occupancy Indicator - OHC Closer - Rescue,False,,721,0.97,1,EA,Cylinder,Per project,TBD,630,,To Be Determined,Satin stainless steel,,721,"[63.9, 154.7, 583.7, 167.6]",
22,Interior Single - Institutional Privacy Lock/Occupancy Indicator - OHC Closer - Rescue,False,,721,0.97,1,EA,Double Acting OH Concealed Closer,KG35,KSG,630,,KSG,Satin stainless steel,,721,"[63.9, 168.8, 582.2, 181.8]",
22,Interior Single - Institutional Privacy Lock/Occupancy Indicator - OHC Closer - Rescue,False,,721,0.97,1,EA,Door Stop,1841,ABH,630,,ABH Manufacturing,Satin stainless steel,,721,"[63.9, 183.1, 584.2, 196.0]",
22,Interior Single - Institutional Privacy Lock/Occupancy Indicator - OHC Closer - Rescue,False,,721,0.97,1,SET,Gasketing,ANTI-LIG 5050,NGP,BLK,,National Guard Products,Black,,721,"[63.9, 196.3, 583.6, 209.2]",
22,Interior Single - Institutional Privacy Lock/Occupancy Indicator - OHC Closer - Rescue,False,,721,0.97,1,EA,Emergency Rescue Stop,A509 L,ABH,630,,ABH Manufacturing,Satin stainless steel,,721,"[63.9, 209.6, 584.2, 222.6]",
22,Interior Single - Institutional Privacy Lock/Occupancy Indicator - OHC Closer - Rescue,False,,721,0.97,1,EA,Cylinder (For Rescue Stop),Per project,TBD,630,,To Be Determined,Satin stainless steel,,721,"[63.9, 223.9, 583.7, 236.8]",
23,Interior Single - Classroom Lockset - Surface Closer - Butt Hinges,False,,721,0.96,,,Hinge-HT,CB51 HT,PBB,630,,PBB,Satin stainless steel,,721,"[63.9, 290.8, 582.7, 303.7]",
23,Interior Single - Classroom Lockset - Surface Closer - Butt Hinges,False,,721,0.96,1,EA,Cyl. Lock-Classrm,CDC-84-S,TOW,626,,Townsteel,Satin chrome,,721,"[63.9, 304.1, 587.0, 317.0]",
23,Interior Single - Classroom Lockset - Surface Closer - Butt Hinges,False,,721,0.96,1,EA,Cylinder,Per project,TBD,626,,To Be Determined,Satin chrome,,721,"[63.9, 318.4, 583.7, 331.3]",
23,Interior Single - Classroom Lockset - Surface Closer - Butt Hinges,False,,721,0.96,1,EA,OH Surface Closer,4040XP/4040XP EDA,LCN,689,,LCN,Aluminum painted,,721,"[63.9, 332.6, 582.6, 345.6]",
23,Interior Single - Classroom Lockset - Surface Closer - Butt Hinges,False,,721,0.96,1,EA,Door Stop,Per Specification,,,,,,,721,"[63.9, 346.8, 574.0, 359.7]",
23,Interior Single - Classroom Lockset - Surface Closer - Butt Hinges,False,,721,0.96,1,SET,Gasketing,5050,NGP,BLK,,National Guard Products,Black,,721,"[63.9, 360.0, 583.6, 372.9]",
24,Interior Single - Office Lockset - No Closer - Butt Hinges,False,,721,0.96,,,Hinge-HT,CB51 HT,PBB,630,,PBB,Satin stainless steel,,721,"[63.9, 426.1, 582.7, 439.1]",
24,Interior Single - Office Lockset - No Closer - Butt Hinges,False,,721,0.96,1,EA,Cyl. Lock-Office,CDC-81-S,TOW,626,,Townsteel,Satin chrome,,721,"[63.9, 439.5, 587.0, 452.4]",
24,Interior Single - Office Lockset - No Closer - Butt Hinges,False,,721,0.96,1,EA,Cylinder,Per project,TBD,626,,To Be Determined,Satin chrome,,721,"[63.9, 453.7, 583.7, 466.7]",
24,Interior Single - Office Lockset - No Closer - Butt Hinges,False,,721,0.96,1,EA,Door Stop,Per Specification,,,,,,,721,"[63.9, 468.0, 574.0, 481.0]",
24,Interior Single - Office Lockset - No Closer - Butt Hinges,False,,721,0.96,1,SET,Gasketing,5050,NGP,BLK,,National Guard Products,Black,,721,"[63.9, 481.1, 583.6, 494.0]",
24A,Interior Single - Office Lockset - Surface Closer - Butt Hinges,False,,721,0.96,,,Hinge-HT,CB51 HT,PBB,630,,PBB,Satin stainless steel,,721,"[63.9, 547.3, 582.7, 560.3]",
24A,Interior Single - Office Lockset - Surface Closer - Butt Hinges,False,,721,0.96,1,EA,Cyl. Lock-Office,CDC-81-S,TOW,626,,Townsteel,Satin chrome,,721,"[63.9, 560.7, 587.0, 573.6]",
24A,Interior Single - Office Lockset - Surface Closer - Butt Hinges,False,,721,0.96,1,EA,Cylinder,Per project,TBD,626,,To Be Determined,Satin chrome,,721,"[63.9, 574.9, 583.7, 587.9]",
24A,Interior Single - Office Lockset - Surface Closer - Butt Hinges,False,,721,0.96,1,EA,OH Surface Closer,4040XP/4040XP EDA,LCN,689,,LCN,Aluminum painted,,721,"[63.9, 589.1, 582.6, 602.0]",
24A,Interior Single - Office Lockset - Surface Closer - Butt Hinges,False,,721,0.96,1,EA,Door Stop,Per Specification,,,,,,,721,"[63.9, 603.4, 574.0, 616.4]",
24A,Interior Single - Office Lockset - Surface Closer - Butt Hinges,False,,721,0.96,1,SET,Gasketing,5050,NGP,BLK,,National Guard Products,Black,,721,"[63.9, 616.6, 583.6, 629.6]",
25,Interior Single - Passage Latchset - Surface Closer - Butt Hinges,False,,722,0.96,,,Hinge-HT,CB51 HT,PBB,630,,PBB,Satin stainless steel,,722,"[63.9, 127.1, 582.7, 140.0]",
25,Interior Single - Passage Latchset - Surface Closer - Butt Hinges,False,,722,0.96,1,EA,Cyl. Lock-Passage,CDC-75-S,TOW,626,,Townsteel,Satin chrome,,722,"[63.9, 140.4, 587.0, 153.3]",
25,Interior Single - Passage Latchset - Surface Closer - Butt Hinges,False,,722,0.96,1,EA,OH Surface Closer,4040XP/4040XP EDA,LCN,689,,LCN,Aluminum painted,,722,"[63.9, 154.7, 582.6, 167.6]",
25,Interior Single - Passage Latchset - Surface Closer - Butt Hinges,False,,722,0.96,1,EA,Door Stop,Per Specification,,,,,,,722,"[63.9, 168.8, 574.0, 181.8]",
25,Interior Single - Passage Latchset - Surface Closer - Butt Hinges,False,,722,0.96,1,SET,Gasketing,5050,NGP,BLK,,National Guard Products,Black,,722,"[63.9, 182.0, 583.6, 195.0]",
25A,Interior Single - Passage Latchset - No Closer - Butt Hinges,False,,722,0.96,,,Hinge-HT,CB51 HT,PBB,630,,PBB,Satin stainless steel,,722,"[63.9, 248.2, 582.7, 261.1]",
25A,Interior Single - Passage Latchset - No Closer - Butt Hinges,False,,722,0.96,1,EA,Cyl. Lock-Passage,CDC-75-S,TOW,626,,Townsteel,Satin chrome,,722,"[63.9, 261.5, 587.0, 274.4]",
25A,Interior Single - Passage Latchset - No Closer - Butt Hinges,False,,722,0.96,1,EA,Door Stop,Per Specification,,,,,,,722,"[63.9, 275.8, 574.0, 288.7]",
25A,Interior Single - Passage Latchset - No Closer - Butt Hinges,False,,722,0.96,1,SET,Gasketing,5050,NGP,BLK,,National Guard Products,Black,,722,"[63.9, 289.0, 583.6, 301.9]",
26,Interior Single - Institutional Lockset/Ligature Resistant - No Closer - Continuous Hinge,False,,722,0.97,1,SET,Continuous Hinge,AC500 HT SEC,ABH,630,,ABH Manufacturing,Satin stainless steel,,722,"[63.9, 354.8, 584.2, 367.8]",
26,Interior Single - Institutional Lockset/Ligature Resistant - No Closer - Continuous Hinge,False,,722,0.97,1,EA,Ligature Res. Mortise Lock-Institution,MRX-A-30,TOW,630,,Townsteel,Satin stainless steel,,722,"[63.9, 368.3, 587.0, 381.2]",
26,Interior Single - Institutional Lockset/Ligature Resistant - No Closer - Continuous Hinge,False,,722,0.97,2,EA,Cylinder,Per project,TBD,630,,To Be Determined,Satin stainless steel,,722,"[63.9, 382.4, 583.7, 395.4]",
26,Interior Single - Institutional Lockset/Ligature Resistant - No Closer - Continuous Hinge,False,,722,0.97,1,EA,Door Stop,1841,ABH,630,,ABH Manufacturing,Satin stainless steel,,722,"[63.9, 396.7, 584.2, 409.7]",
26,Interior Single - Institutional Lockset/Ligature Resistant - No Closer - Continuous Hinge,False,,722,0.97,1,SET,Gasketing,ANTI-LIG 5050,NGP,BLK,,National Guard Products,Black,,722,"[63.9, 409.9, 583.6, 422.9]",
26A,Interior Single - Institutional Lockset/Ligature Resistant - No Closer - Continuous Hinge,False,,722,0.97,1,SET,Continuous Hinge,AC500 HT SEC,ABH,630,,ABH Manufacturing,Satin stainless steel,,722,"[63.9, 476.9, 584.2, 489.8]",
26A,Interior Single - Institutional Lockset/Ligature Resistant - No Closer - Continuous Hinge,False,,722,0.97,1,EA,Ligature Res. Cyl. Lock-Institution,CRX-A-87,TOW,630,,Townsteel,Satin stainless steel,,722,"[63.9, 490.3, 587.0, 503.3]",
26A,Interior Single - Institutional Lockset/Ligature Resistant - No Closer - Continuous Hinge,False,,722,0.97,2,EA,Cylinder,Per project,TBD,630,,To Be Determined,Satin stainless steel,,722,"[63.9, 504.5, 583.7, 517.4]",
26A,Interior Single - Institutional Lockset/Ligature Resistant - No Closer - Continuous Hinge,False,,722,0.97,1,EA,Door Stop,1841,ABH,630,,ABH Manufacturing,Satin stainless steel,,722,"[63.9, 518.8, 584.2, 531.7]",
26A,Interior Single - Institutional Lockset/Ligature Resistant - No Closer - Continuous Hinge,False,,722,0.97,1,SET,Gasketing,ANTI-LIG 5050,NGP,BLK,,National Guard Products,Black,,722,"[63.9, 532.0, 583.6, 544.9]",
27,Interior Single - Card Reader - Electrified Fail-Secure Lock/Ligature Resistant - No Closer,False,,723,0.96,1,SET,Continuous Hinge,AC500 HT SEC TW8,ABH,630,,ABH Manufacturing,Satin stainless steel,,723,"[63.9, 127.1, 584.2, 140.0]",
27,Interior Single - Card Reader - Electrified Fail-Secure Lock/Ligature Resistant - No Closer,False,,723,0.96,1,EA,Ligature Res. Mortise Lock-Fail Secure,X-MRX-A-242C,TOW,630,,Townsteel,Satin stainless steel,,723,"[63.9, 140.4, 587.0, 153.3]",
27,Interior Single - Card Reader - Electrified Fail-Secure Lock/Ligature Resistant - No Closer,False,,723,0.96,2,EA,Cylinder,Per project,TBD,630,,To Be Determined,Satin stainless steel,,723,"[63.9, 154.7, 583.7, 167.6]",
27,Interior Single - Card Reader - Electrified Fail-Secure Lock/Ligature Resistant - No Closer,False,,723,0.96,1,EA,Door Stop,1841,ABH,630,,ABH Manufacturing,Satin stainless steel,,723,"[63.9, 168.8, 584.2, 181.8]",
27,Interior Single - Card Reader - Electrified Fail-Secure Lock/Ligature Resistant - No Closer,False,,723,0.96,1,SET,Gasketing,ANTI-LIG 5050,NGP,BLK,,National Guard Products,Black,,723,"[63.9, 181.8, 583.6, 194.7]",
27,Interior Single - Card Reader - Electrified Fail-Secure Lock/Ligature Resistant - No Closer,False,,723,0.96,1,EA,Card Reader,By Division 28,,,,,,,723,"[63.9, 194.7, 574.2, 207.7]",
27,Interior Single - Card Reader - Electrified Fail-Secure Lock/Ligature Resistant - No Closer,False,,723,0.96,1,EA,Door Position Switch,By Division 28,,,,,,,723,"[63.9, 208.1, 574.2, 221.0]",
27,Interior Single - Card Reader - Electrified Fail-Secure Lock/Ligature Resistant - No Closer,False,,723,0.96,1,EA,Lock Power Supply,By Division 28,,,,,,,723,"[63.9, 221.5, 574.2, 234.4]",
28,Interior Single - Card Reader - Elec Fail-Secure Lock/Ligature Resistant - Self Closing Hinge,False,,723,0.96,1,SET,Self Closing Continuous Hinge,A507SC HT TW8 SEC,ABH,628,,ABH Manufacturing,"Satin aluminum, clear anodized",,723,"[63.9, 365.4, 584.2, 378.3]",
28,Interior Single - Card Reader - Elec Fail-Secure Lock/Ligature Resistant - Self Closing Hinge,False,,723,0.96,1,EA,Ligature Res. Mortise Lock-Fail Secure,X-MRX-A-242C,TOW,630,,Townsteel,Satin stainless steel,,723,"[63.9, 378.8, 587.0, 391.8]",
28,Interior Single - Card Reader - Elec Fail-Secure Lock/Ligature Resistant - Self Closing Hinge,False,,723,0.96,2,EA,Cylinder,Per project,TBD,630,,To Be Determined,Satin stainless steel,,723,"[63.9, 393.0, 583.7, 405.9]",
28,Interior Single - Card Reader - Elec Fail-Secure Lock/Ligature Resistant - Self Closing Hinge,False,,723,0.96,1,EA,Door Stop,1841,ABH,630,,ABH Manufacturing,Satin stainless steel,,723,"[63.9, 407.3, 584.2, 420.2]",
28,Interior Single - Card Reader - Elec Fail-Secure Lock/Ligature Resistant - Self Closing Hinge,False,,723,0.96,1,SET,Gasketing,ANTI-LIG 5050,NGP,BLK,,National Guard Products,Black,,723,"[63.9, 420.3, 583.6, 433.2]",
28,Interior Single - Card Reader - Elec Fail-Secure Lock/Ligature Resistant - Self Closing Hinge,False,,723,0.96,1,EA,Power Supply,631RFUR-1 (One Per Two Drs.),SDC,,,Security Door Controls,,,723,"[63.9, 433.2, 582.1, 446.2]",
28,Interior Single - Card Reader - Elec Fail-Secure Lock/Ligature Resistant - Self Closing Hinge,False,,723,0.96,1,EA,Card Reader,By Division 28,,,,,,,723,"[63.9, 460.5, 574.2, 473.4]",
28,Interior Single - Card Reader - Elec Fail-Secure Lock/Ligature Resistant - Self Closing Hinge,False,,723,0.96,1,EA,Door Position Switch,By Division 28,,,,,,,723,"[63.9, 473.8, 574.2, 486.7]",
28,Interior Single - Card Reader - Elec Fail-Secure Lock/Ligature Resistant - Self Closing Hinge,False,,723,0.96,1,EA,Lock Power Supply,By Division 28,,,,,,,723,"[63.9, 487.1, 574.2, 500.0]",
29,Interior Single - Classroom Lockset - Surface Closer - Butt Hinges,False,,724,0.96,,,Hinge-HT,CB51 HT,PBB,630,,PBB,Satin stainless steel,,724,"[63.9, 127.1, 582.7, 140.0]",
29,Interior Single - Classroom Lockset - Surface Closer - Butt Hinges,False,,724,0.96,1,EA,Cyl. Lock-Classrm,CDC-84-S,TOW,626,,Townsteel,Satin chrome,,724,"[63.9, 140.4, 587.0, 153.3]",
29,Interior Single - Classroom Lockset - Surface Closer - Butt Hinges,False,,724,0.96,1,EA,Cylinder,Per project,TBD,626,,To Be Determined,Satin chrome,,724,"[63.9, 154.7, 583.7, 167.6]",
29,Interior Single - Classroom Lockset - Surface Closer - Butt Hinges,False,,724,0.96,1,EA,OH Surface Closer,4040XP/4040XP EDA,LCN,689,,LCN,Aluminum painted,,724,"[63.9, 168.8, 582.6, 181.8]",
29,Interior Single - Classroom Lockset - Surface Closer - Butt Hinges,False,,724,0.96,1,EA,Door Stop,Per Specification,,,,,,,724,"[63.9, 183.1, 574.0, 196.0]",
29,Interior Single - Classroom Lockset - Surface Closer - Butt Hinges,False,,724,0.96,1,SET,Gasketing,5050,NGP,BLK,,National Guard Products,Black,,724,"[63.9, 196.3, 583.6, 209.2]",
30,Interior Single - Card Reader - Elec Fail-Secure Lock - Self Closing Hinge,False,,724,0.96,,,Hinge-HT,CB51 HT,PBB,630,,PBB,Satin stainless steel,,724,"[63.9, 275.6, 582.7, 288.6]",
30,Interior Single - Card Reader - Elec Fail-Secure Lock - Self Closing Hinge,False,,724,0.96,1,EA,Hinge-HT-Electrified,CB51ELHT,PBB,630,,PBB,Satin stainless steel,,724,"[63.9, 289.0, 582.7, 301.9]",
30,Interior Single - Card Reader - Elec Fail-Secure Lock - Self Closing Hinge,False,,724,0.96,1,EA,Mortise Lock-Fail Secure @Both Sides,MSS-242C-S,TOW,626,,Townsteel,Satin chrome,,724,"[63.9, 302.3, 587.0, 315.2]",
30,Interior Single - Card Reader - Elec Fail-Secure Lock - Self Closing Hinge,False,,724,0.96,2,EA,Cylinder,Per project,TBD,630,,To Be Determined,Satin stainless steel,,724,"[63.9, 316.6, 583.7, 329.5]",
30,Interior Single - Card Reader - Elec Fail-Secure Lock - Self Closing Hinge,False,,724,0.96,1,EA,OH Surface Closer,4210T/4510T TBTRX mnt public side,LCN,689,,LCN,Aluminum painted,,724,"[63.9, 345.0, 582.9, 357.9]",
30,Interior Single - Card Reader - Elec Fail-Secure Lock - Self Closing Hinge,False,,724,0.96,1,EA,Door Stop,Per Specification,,,,,,,724,"[63.9, 359.3, 574.0, 372.2]",
30,Interior Single - Card Reader - Elec Fail-Secure Lock - Self Closing Hinge,False,,724,0.96,1,SET,Gasketing,5050 or Silencers@Non-rated Dr.,NGP,BLK,,National Guard Products,Black,,724,"[63.9, 372.5, 583.6, 385.4]",
30,Interior Single - Card Reader - Elec Fail-Secure Lock - Self Closing Hinge,False,,724,0.96,2,EA,Card Reader,By Division 28,,,,,,,724,"[63.9, 385.8, 574.2, 398.7]",
30,Interior Single - Card Reader - Elec Fail-Secure Lock - Self Closing Hinge,False,,724,0.96,1,EA,Door Position Switch,By Division 28,,,,,,,724,"[63.9, 399.1, 574.2, 412.1]",
30,Interior Single - Card Reader - Elec Fail-Secure Lock - Self Closing Hinge,False,,724,0.96,1,EA,Lock Power Supply,By Division 28,,,,,,,724,"[63.9, 412.4, 574.2, 425.4]",
31A,Interior Single - Privacy Lockset/Occupancy Indicator - Surface Closer,False,,724,0.96,,,Hinge-HT,CB51 HT,PBB,630,,PBB,Satin stainless steel,,724,"[63.9, 556.7, 582.7, 569.6]",
31A,Interior Single - Privacy Lockset/Occupancy Indicator - Surface Closer,False,,724,0.96,1,EA,Cyl. Lock-Privacy w/ID,SLM-76-S,TOW,630,,Townsteel,Satin stainless steel,,724,"[63.9, 570.0, 587.0, 583.0]",
31A,Interior Single - Privacy Lockset/Occupancy Indicator - Surface Closer,False,,724,0.96,1,EA,OH Surface Closer,4040XP/4040XP EDA,LCN,689,,LCN,Aluminum painted,,724,"[63.9, 584.3, 582.6, 597.2]",
31A,Interior Single - Privacy Lockset/Occupancy Indicator - Surface Closer,False,,724,0.96,1,EA,Door Stop,Per Specification,,,,,,,724,"[63.9, 598.5, 574.0, 611.4]",
31A,Interior Single - Privacy Lockset/Occupancy Indicator - Surface Closer,False,,724,0.96,1,SET,Gasketing,5050,NGP,BLK,,National Guard Products,Black,,724,"[63.9, 611.7, 583.6, 624.6]",
32,,True,,725,0.9,,,,,,,,,,,,,
33,Interior Single - Exit Device/Storeroom Lever - Surface Closer - Butt Hinges,False,,725,0.96,,,Hinge-HT,CB51 HT,PBB,630,,PBB,Satin stainless steel,,725,"[63.9, 393.0, 582.7, 405.9]",
33,Interior Single - Exit Device/Storeroom Lever - Surface Closer - Butt Hinges,False,,725,0.96,1,EA,Rim Device-LNL,EF1100 x ED309R-D,TOW,626,,Townsteel,Satin chrome,,725,"[63.9, 406.4, 587.0, 419.4]",
33,Interior Single - Exit Device/Storeroom Lever - Surface Closer - Butt Hinges,False,,725,0.96,1,EA,Cylinder,Per project,TBD,626,,To Be Determined,Satin chrome,,725,"[63.9, 420.6, 583.7, 433.6]",
33,Interior Single - Exit Device/Storeroom Lever - Surface Closer - Butt Hinges,False,,725,0.96,1,EA,OH Surface Closer,4040XP/4040XP EDA,LCN,689,,LCN,Aluminum painted,,725,"[63.9, 434.9, 582.6, 447.8]",
33,Interior Single - Exit Device/Storeroom Lever - Surface Closer - Butt Hinges,False,,725,0.96,1,EA,Door Stop,Per Specification,,,,,,,725,"[63.9, 449.2, 574.0, 462.1]",
33,Interior Single - Exit Device/Storeroom Lever - Surface Closer - Butt Hinges,False,,725,0.96,1,SET,Gasketing,5050,NGP,BLK,,National Guard Products,Black,,725,"[63.9, 462.3, 583.6, 475.2]",
34,Interior Single Operable Window - Card Reader - Elec Fail-Secure Lock - No Closer,False,,726,0.95,1,EA,Continuous Hinge,AC500 HT SEC TW8,ABH,630,,ABH Manufacturing,Satin stainless steel,,726,"[63.9, 166.9, 585.4, 179.8]",
34,Interior Single Operable Window - Card Reader - Elec Fail-Secure Lock - No Closer,False,,726,0.95,1,EA,Ligature Res. Mortise Lock-FSecure,X-MRX-A-242ADB-RQE,TOW,630,,Townsteel,Satin stainless steel,,726,"[63.9, 207.8, 588.4, 220.8]",
34,Interior Single Operable Window - Card Reader - Elec Fail-Secure Lock - No Closer,False,,726,0.95,1,EA,Cylinder,Per project,TBD,626,,To Be Determined,Satin chrome,,726,"[63.9, 222.1, 583.7, 235.0]",
34,Interior Single Operable Window - Card Reader - Elec Fail-Secure Lock - No Closer,False,,726,0.95,2,EA,Door Stop,Per Specification,,,,,,,726,"[63.9, 236.3, 574.0, 249.2]",
34,Interior Single Operable Window - Card Reader - Elec Fail-Secure Lock - No Closer,False,,726,0.95,1,SET,Gasketing,5050,NGP,BLK,,National Guard Products,Black,,726,"[63.9, 262.2, 583.6, 275.1]",
34,Interior Single Operable Window - Card Reader - Elec Fail-Secure Lock - No Closer,False,,726,0.95,1,EA,Card Reader,By Division 28,,,,,,,726,"[63.9, 275.6, 574.2, 288.6]",
34,Interior Single Operable Window - Card Reader - Elec Fail-Secure Lock - No Closer,False,,726,0.95,1,EA,Door Position Switch,By Division 28,,,,,,,726,"[63.9, 289.0, 574.2, 301.9]",
34,Interior Single Operable Window - Card Reader - Elec Fail-Secure Lock - No Closer,False,,726,0.95,1,EA,Lock Power Supply,By Division 28,,,,,,,726,"[63.9, 302.3, 574.2, 315.2]",
35,Interior Single - Card Reader - Elec Fail Secure/Fail-Safe Lock/Lig Res - Surf Closer,False,,726,0.96,1,SET,Continuous Hinge,AC500 HT SEC TW8,ABH,630,,ABH Manufacturing,Satin stainless steel,,726,"[63.9, 446.4, 584.2, 459.4]",
35,Interior Single - Card Reader - Elec Fail Secure/Fail-Safe Lock/Lig Res - Surf Closer,False,,726,0.96,1,EA,Ligature Res. Lock-Fail Safe/Secure,X-MRX-A-241/242C-RQE Fail Saf/Sec,TOW,630,,Townsteel,Satin stainless steel,,726,"[63.9, 459.9, 587.0, 472.8]",
35,Interior Single - Card Reader - Elec Fail Secure/Fail-Safe Lock/Lig Res - Surf Closer,False,,726,0.96,2,EA,Cylinder,Per project,TBD,630,,To Be Determined,Satin stainless steel,,726,"[63.9, 474.0, 583.7, 487.0]",
35,Interior Single - Card Reader - Elec Fail Secure/Fail-Safe Lock/Lig Res - Surf Closer,False,,726,0.96,1,EA,OH Surface Closer,4210T/4510T TBTRX mount public side,LCN,689,,LCN,Aluminum painted,,726,"[63.9, 488.3, 582.6, 501.2]",
35,Interior Single - Card Reader - Elec Fail Secure/Fail-Safe Lock/Lig Res - Surf Closer,False,,726,0.96,1,SET,Gasketing,ANTI-LIG 5050,NGP,BLK,,National Guard Products,Black,,726,"[63.9, 502.6, 583.6, 515.5]",
35,Interior Single - Card Reader - Elec Fail Secure/Fail-Safe Lock/Lig Res - Surf Closer,False,,726,0.96,2,EA,Card Reader,By Division 28,,,,,,,726,"[63.9, 515.9, 574.2, 528.8]",
35,Interior Single - Card Reader - Elec Fail Secure/Fail-Safe Lock/Lig Res - Surf Closer,False,,726,0.96,1,EA,Door Position Switch,By Division 28,,,,,,,726,"[63.9, 529.2, 574.2, 542.2]",
35,Interior Single - Card Reader - Elec Fail Secure/Fail-Safe Lock/Lig Res - Surf Closer,False,,726,0.96,1,EA,Lock Power Supply,By Division 28,,,,,,,726,"[63.9, 542.7, 574.2, 555.6]",
36,Interior Single - Storeroom Lockset/Ligature Resistant - No Closer,False,,727,0.97,1,SET,Continuous Hinge,AC500 HT SEC,ABH,630,,ABH Manufacturing,Satin stainless steel,,727,"[63.9, 127.1, 584.2, 140.0]",
36,Interior Single - Storeroom Lockset/Ligature Resistant - No Closer,False,,727,0.97,1,EA,Ligature Res. Mortise Lock-Storerm,MRX-A-07,TOW,630,,Townsteel,Satin stainless steel,,727,"[63.9, 140.4, 587.0, 153.3]",
36,Interior Single - Storeroom Lockset/Ligature Resistant - No Closer,False,,727,0.97,1,EA,Cylinder,Per project,TBD,630,,To Be Determined,Satin stainless steel,,727,"[63.9, 154.7, 583.7, 167.6]",
36,Interior Single - Storeroom Lockset/Ligature Resistant - No Closer,False,,727,0.97,1,EA,Door Stop,1841,ABH,630,,ABH Manufacturing,Satin stainless steel,,727,"[63.9, 168.8, 584.2, 181.8]",
36,Interior Single - Storeroom Lockset/Ligature Resistant - No Closer,False,,727,0.97,1,SET,Gasketing,ANTI-LIG 5050,NGP,BLK,,National Guard Products,Black,,727,"[63.9, 182.0, 583.6, 195.0]",
37,Interior Single - Lig Res BTB Pulls - Continuous Self-Closing Hinge,False,,727,0.97,1,SET,Self Closing Continuous Hinge,A507SC HT SEC,ABH,628,,ABH Manufacturing,"Satin aluminum, clear anodized",,727,"[63.9, 248.0, 584.2, 261.0]",
37,Interior Single - Lig Res BTB Pulls - Continuous Self-Closing Hinge,False,,727,0.97,1,SET,Ligature Res. BTB Push/Pull Set,MRX-A-F72,TOW,630,,Townsteel,Satin stainless steel,,727,"[63.9, 261.4, 587.0, 274.3]",
37,Interior Single - Lig Res BTB Pulls - Continuous Self-Closing Hinge,False,,727,0.97,1,EA,Door Stop,1841,ABH,630,,ABH Manufacturing,Satin stainless steel,,727,"[63.9, 275.6, 584.2, 288.6]",
37,Interior Single - Lig Res BTB Pulls - Continuous Self-Closing Hinge,False,,727,0.97,1,EA,Magnetic Roller Latch,9525MRL x Torx,ABH,630,,ABH Manufacturing,Satin stainless steel,,727,"[63.9, 288.7, 585.4, 301.7]",
37,Interior Single - Lig Res BTB Pulls - Continuous Self-Closing Hinge,False,,727,0.97,1,SET,Gasketing,ANTI-LIG 5050,NGP,BLK,,National Guard Products,Black,,727,"[63.9, 301.9, 583.6, 314.9]",
38,Interior Single - Classroom Lockset/Ligature Resistant - Surface Closer,False,,727,0.97,1,SET,Continuous Hinge,AC500 HT SEC,ABH,630,,ABH Manufacturing,Satin stainless steel,,727,"[63.9, 367.8, 584.2, 380.7]",
38,Interior Single - Classroom Lockset/Ligature Resistant - Surface Closer,False,,727,0.97,1,EA,Ligature Res. Cyl. Lock-Classrm,CRX-A-84,TOW,630,,Townsteel,Satin stainless steel,,727,"[63.9, 381.2, 587.0, 394.2]",
38,Interior Single - Classroom Lockset/Ligature Resistant - Surface Closer,False,,727,0.97,1,EA,Cylinder,Per project,TBD,630,,To Be Determined,Satin stainless steel,,727,"[63.9, 395.4, 583.7, 408.3]",
38,Interior Single - Classroom Lockset/Ligature Resistant - Surface Closer,False,,727,0.97,1,EA,OH Surface Closer-Hold Open @180°,4210T/4510T TBTRX mount public side,LCN,689,,LCN,Aluminum painted,,727,"[63.9, 409.7, 582.6, 422.6]",
38,Interior Single - Classroom Lockset/Ligature Resistant - Surface Closer,False,,727,0.97,1,EA,Door Stop,1841,ABH,630,,ABH Manufacturing,Satin stainless steel,,727,"[63.9, 424.0, 584.2, 436.9]",
38,Interior Single - Classroom Lockset/Ligature Resistant - Surface Closer,False,,727,0.97,1,SET,Gasketing,ANTI-LIG 5050,NGP,BLK,,National Guard Products,Black,,727,"[63.9, 437.1, 583.6, 450.0]",
39,Interior Single - Classroom Lockset/Ligature Resistant - Surface Closer,False,,727,0.97,1,SET,Continuous Hinge,AC500 HT SEC,ABH,630,,ABH Manufacturing,Satin stainless steel,,727,"[63.9, 503.1, 584.2, 516.0]",
39,Interior Single - Classroom Lockset/Ligature Resistant - Surface Closer,False,,727,0.97,1,EA,Ligature Res. Cyl. Lock-Classrm,CRX-A-84,TOW,630,,Townsteel,Satin stainless steel,,727,"[63.9, 516.4, 587.0, 529.3]",
39,Interior Single - Classroom Lockset/Ligature Resistant - Surface Closer,False,,727,0.97,1,EA,Cylinder,Per project,TBD,630,,To Be Determined,Satin stainless steel,,727,"[63.9, 530.7, 583.7, 543.6]",
39,Interior Single - Classroom Lockset/Ligature Resistant - Surface Closer,False,,727,0.97,1,EA,OH Surface Closer,4210T/4510T TBTRX mount public side,LCN,689,,LCN,Aluminum painted,,727,"[63.9, 544.9, 582.6, 557.9]",
39,Interior Single - Classroom Lockset/Ligature Resistant - Surface Closer,False,,727,0.97,1,EA,Door Stop,1841,ABH,630,,ABH Manufacturing,Satin stainless steel,,727,"[63.9, 559.1, 584.2, 572.0]",
39,Interior Single - Classroom Lockset/Ligature Resistant - Surface Closer,False,,727,0.97,1,SET,Gasketing,ANTI-LIG 5050,NGP,BLK,,National Guard Products,Black,,727,"[63.9, 572.3, 583.6, 585.2]",
40,Interior Single - Card Reader - Elec Fail-Secure Lock/Ligature Resistant - Self Closing,False,,728,0.96,1,SET,Self Closing Continuous Hinge,A507SC HT TW8 SEC,ABH,628,,ABH Manufacturing,"Satin aluminum, clear anodized",,728,"[63.9, 127.1, 584.2, 140.0]",
40,Interior Single - Card Reader - Elec Fail-Secure Lock/Ligature Resistant - Self Closing,False,,728,0.96,1,EA,Ligature Res. Mortise Lock-Fail Secure,X-MRX-A-241 RQE,TOW,630,,Townsteel,Satin stainless steel,,728,"[63.9, 140.4, 587.0, 153.3]",
40,Interior Single - Card Reader - Elec Fail-Secure Lock/Ligature Resistant - Self Closing,False,,728,0.96,1,EA,Cylinder,Per project,TBD,630,,To Be Determined,Satin stainless steel,,728,"[63.9, 154.7, 583.7, 167.6]",
40,Interior Single - Card Reader - Elec Fail-Secure Lock/Ligature Resistant - Self Closing,False,,728,0.96,1,EA,Door Stop,1841,ABH,630,,ABH Manufacturing,Satin stainless steel,,728,"[63.9, 168.8, 584.2, 181.8]",
40,Interior Single - Card Reader - Elec Fail-Secure Lock/Ligature Resistant - Self Closing,False,,728,0.96,1,SET,Gasketing,ANTI-LIG 5050,NGP,BLK,,National Guard Products,Black,,728,"[63.9, 182.0, 583.6, 195.0]",
40,Interior Single - Card Reader - Elec Fail-Secure Lock/Ligature Resistant - Self Closing,False,,728,0.96,1,EA,Card Reader,By Division 28,,,,,,,728,"[63.9, 195.3, 574.2, 208.3]",
40,Interior Single - Card Reader - Elec Fail-Secure Lock/Ligature Resistant - Self Closing,False,,728,0.96,1,EA,Door Position Switch,By Division 28,,,,,,,728,"[63.9, 208.7, 574.2, 221.6]",
40,Interior Single - Card Reader - Elec Fail-Secure Lock/Ligature Resistant - Self Closing,False,,728,0.96,1,EA,Lock Power Supply,By Division 28,,,,,,,728,"[63.9, 222.1, 574.2, 235.0]",
41,Interior Single - Card Readers - Elec Fail-Secure Lock/Ligature Resistant - Self Closing,False,,728,0.96,1,SET,Self Closing Continuous Hinge,A507SC HT TW8 SEC,ABH,628,,ABH Manufacturing,"Satin aluminum, clear anodized",,728,"[63.9, 405.0, 584.2, 417.9]",
41,Interior Single - Card Readers - Elec Fail-Secure Lock/Ligature Resistant - Self Closing,False,,728,0.96,1,EA,Ligature Res. Mortise Lock-Fail Secure,X-MRX-A-242C RQE,TOW,630,,Townsteel,Satin stainless steel,,728,"[63.9, 418.5, 587.0, 431.4]",
41,Interior Single - Card Readers - Elec Fail-Secure Lock/Ligature Resistant - Self Closing,False,,728,0.96,2,EA,Cylinder,Per project,TBD,630,,To Be Determined,Satin stainless steel,,728,"[63.9, 432.6, 583.7, 445.6]",
41,Interior Single - Card Readers - Elec Fail-Secure Lock/Ligature Resistant - Self Closing,False,,728,0.96,1,EA,Door Stop,1841,ABH,630,,ABH Manufacturing,Satin stainless steel,,728,"[63.9, 446.9, 584.2, 459.8]",
41,Interior Single - Card Readers - Elec Fail-Secure Lock/Ligature Resistant - Self Closing,False,,728,0.96,1,SET,Gasketing,ANTI-LIG 5050,NGP,BLK,,National Guard Products,Black,,728,"[63.9, 460.1, 583.6, 473.0]",
41,Interior Single - Card Readers - Elec Fail-Secure Lock/Ligature Resistant - Self Closing,False,,728,0.96,2,EA,Card Reader,By Division 28,,,,,,,728,"[63.9, 473.4, 574.2, 486.4]",
41,Interior Single - Card Readers - Elec Fail-Secure Lock/Ligature Resistant - Self Closing,False,,728,0.96,1,EA,Door Position Switch,By Division 28,,,,,,,728,"[63.9, 486.7, 574.2, 499.7]",
41,Interior Single - Card Readers - Elec Fail-Secure Lock/Ligature Resistant - Self Closing,False,,728,0.96,1,EA,Lock Power Supply,By Division 28,,,,,,,728,"[63.9, 500.1, 574.2, 513.0]",
42,Interior Single - Card Readers - Elec Fail-Secure Lock/Ligature Resistant - Self Closing,False,,729,0.96,1,SET,Continuous Hinge,AC500 HT TW8 SEC,ABH,630,,ABH Manufacturing,Satin stainless steel,,729,"[63.9, 127.1, 584.2, 140.0]",
42,Interior Single - Card Readers - Elec Fail-Secure Lock/Ligature Resistant - Self Closing,False,,729,0.96,1,EA,Ligature Res. Mortise Lock-Fail Secure,X-MRX-A-241C RQE,TOW,630,,Townsteel,Satin stainless steel,,729,"[63.9, 140.4, 587.0, 153.3]",
42,Interior Single - Card Readers - Elec Fail-Secure Lock/Ligature Resistant - Self Closing,False,,729,0.96,2,EA,Cylinder,Per project,TBD,630,,To Be Determined,Satin stainless steel,,729,"[63.9, 154.7, 583.7, 167.6]",
42,Interior Single - Card Readers - Elec Fail-Secure Lock/Ligature Resistant - Self Closing,False,,729,0.96,1,EA,OH Surface Closer,4210T/4510T TBTRX mount public side,LCN,689,,LCN,Aluminum painted,,729,"[63.9, 168.8, 582.6, 181.8]",
42,Interior Single - Card Readers - Elec Fail-Secure Lock/Ligature Resistant - Self Closing,False,,729,0.96,1,EA,Door Stop,1841,ABH,630,,ABH Manufacturing,Satin stainless steel,,729,"[63.9, 183.1, 584.2, 196.0]",
42,Interior Single - Card Readers - Elec Fail-Secure Lock/Ligature Resistant - Self Closing,False,,729,0.96,1,SET,Gasketing,ANTI-LIG 5050,NGP,BLK,,National Guard Products,Black,,729,"[63.9, 196.3, 583.6, 209.2]",
42,Interior Single - Card Readers - Elec Fail-Secure Lock/Ligature Resistant - Self Closing,False,,729,0.96,2,EA,Card Reader,By Division 28,,,,,,,729,"[63.9, 209.6, 574.2, 222.6]",
42,Interior Single - Card Readers - Elec Fail-Secure Lock/Ligature Resistant - Self Closing,False,,729,0.96,1,EA,Door Position Switch,By Division 28,,,,,,,729,"[63.9, 222.9, 574.2, 235.9]",
42,Interior Single - Card Readers - Elec Fail-Secure Lock/Ligature Resistant - Self Closing,False,,729,0.96,1,EA,Lock Power Supply,By Division 28,,,,,,,729,"[63.9, 236.3, 574.2, 249.2]",
43,Interior Single - Card Reader - Electrified Exit Device/Dummy Trim - Surface Closer,False,,729,0.96,1,SET,Continuous Hinge,AC500 HT TW8 SEC,ABH,630,,ABH Manufacturing,Satin stainless steel,,729,"[63.9, 380.3, 584.2, 393.2]",
43,Interior Single - Card Reader - Electrified Exit Device/Dummy Trim - Surface Closer,False,,729,0.96,1,SET,ELR Mortise Device-EO/Rite Door,MLR-D8375/D3375-EO REX,ADR,630,,Adams Rite,Satin stainless steel,,729,"[63.9, 393.6, 584.0, 406.5]",
43,Interior Single - Card Reader - Electrified Exit Device/Dummy Trim - Surface Closer,False,,729,0.96,1,EA,Exit Device Power Supply,PS-EXIT 120VDC,ADR,,,Adams Rite,,,729,"[63.9, 407.0, 585.3, 420.0]",
43,Interior Single - Card Reader - Electrified Exit Device/Dummy Trim - Surface Closer,False,,729,0.96,1,EA,Ligature Res. Dummy Trim,ED-MRX-A-41,TOW,630,,Townsteel,Satin stainless steel,,729,"[63.9, 420.4, 587.0, 433.3]",
43,Interior Single - Card Reader - Electrified Exit Device/Dummy Trim - Surface Closer,False,,729,0.96,1,EA,OH Surface Closer,4210T/4510T TBTRX mount public side,LCN,689,,LCN,Aluminum painted,,729,"[63.9, 433.7, 582.6, 446.6]",
43,Interior Single - Card Reader - Electrified Exit Device/Dummy Trim - Surface Closer,False,,729,0.96,1,EA,Door Stop,1841,ABH,630,,ABH Manufacturing,Satin stainless steel,,729,"[63.9, 448.0, 584.2, 460.9]",
43,Interior Single - Card Reader - Electrified Exit Device/Dummy Trim - Surface Closer,False,,729,0.96,1,SET,Gasketing,ANTI-LIG 5050,NGP,BLK,,National Guard Products,Black,,729,"[63.9, 461.1, 583.6, 474.0]",
43,Interior Single - Card Reader - Electrified Exit Device/Dummy Trim - Surface Closer,False,,729,0.96,1,EA,Card Reader,By Division 28,,,,,,,729,"[63.9, 474.5, 574.2, 487.4]",
43,Interior Single - Card Reader - Electrified Exit Device/Dummy Trim - Surface Closer,False,,729,0.96,1,EA,Door Position Switch,By Division 28,,,,,,,729,"[63.9, 487.8, 574.2, 500.8]",
43,Interior Single - Card Reader - Electrified Exit Device/Dummy Trim - Surface Closer,False,,729,0.96,1,EA,Lock Power Supply,By Division 28,,,,,,,729,"[63.9, 501.1, 574.2, 514.1]",
44,Interior Single - Exit Device/Passage Lever - Surface Closer,False,,730,0.95,,,Hinge-HT,CB51 HT,PBB,630,,PBB,Satin stainless steel,,730,"[63.9, 140.1, 582.7, 153.1]",
44,Interior Single - Exit Device/Passage Lever - Surface Closer,False,,730,0.95,1,EA,Rim Device W/Fail,Passage Lvr ED1100/EF1100 x KES914R,TOW,626,,Townsteel,Satin chrome,,730,"[63.9, 166.9, 587.0, 179.8]",
44,Interior Single - Exit Device/Passage Lever - Surface Closer,False,,730,0.95,1,EA,Cylinder,Per project,TBD,626,,To Be Determined,Satin chrome,,730,"[63.9, 180.2, 583.7, 193.2]",
44,Interior Single - Exit Device/Passage Lever - Surface Closer,False,,730,0.95,1,EA,OH Surface Closer,4040XP/4040XP EDA,LCN,689,,LCN,Aluminum painted,,730,"[63.9, 194.5, 582.6, 207.4]",
44,Interior Single - Exit Device/Passage Lever - Surface Closer,False,,730,0.95,1,EA,Door Stop,Per Specification,,,,,,,730,"[63.9, 208.7, 574.0, 221.6]",
44,Interior Single - Exit Device/Passage Lever - Surface Closer,False,,730,0.95,1,SET,Gasketing,5050,NGP,BLK,,National Guard Products,Black,,730,"[63.9, 221.6, 583.6, 234.6]",
44,Interior Single - Exit Device/Passage Lever - Surface Closer,False,,730,0.95,1,EA,Door Sweep,C627,NGP,628,,National Guard Products,"Satin aluminum, clear anodized",,730,"[63.9, 235.1, 583.6, 248.0]",
45,Interior Single - Classroom Lockset - Surface Closer/Hold-Open,False,,730,0.97,1,SET,Continuous Hinge,AC500 HT SEC,ABH,630,,ABH Manufacturing,Satin stainless steel,,730,"[63.9, 419.1, 584.2, 432.0]",
45,Interior Single - Classroom Lockset - Surface Closer/Hold-Open,False,,730,0.97,1,EA,Ligature Res. Cyl. Lock-Classrm Security,TRXL-80,TOW,630,,Townsteel,Satin stainless steel,,730,"[63.9, 432.4, 587.0, 458.3]",
45,Interior Single - Classroom Lockset - Surface Closer/Hold-Open,False,,730,0.97,2,EA,Cylinder,Per project,TBD,630,,To Be Determined,Satin stainless steel,,730,"[63.9, 458.2, 583.7, 471.1]",
45,Interior Single - Classroom Lockset - Surface Closer/Hold-Open,False,,730,0.97,1,EA,OH Surface Closer-Hold Open @180°,4210T/4510T TBTRX mount public side,LCN,689,,LCN,Aluminum painted,,730,"[63.9, 472.5, 582.6, 485.4]",
45,Interior Single - Classroom Lockset - Surface Closer/Hold-Open,False,,730,0.97,1,EA,Door Stop,1841,ABH,630,,ABH Manufacturing,Satin stainless steel,,730,"[63.9, 486.7, 584.2, 499.7]",
45,Interior Single - Classroom Lockset - Surface Closer/Hold-Open,False,,730,0.97,1,SET,Gasketing,ANTI-LIG 5050,NGP,BLK,,National Guard Products,Black,,730,"[63.9, 499.8, 583.6, 512.8]",
46,Interior Single - Card Readers - Inst Lock/Lig Rest - No Closer - Continuous Hinge,False,,731,0.96,1,SET,Continuous Hinge,AC500 HT SEC TW8,ABH,630,,ABH Manufacturing,Satin stainless steel,,731,"[63.9, 127.1, 585.4, 140.0]",
46,Interior Single - Card Readers - Inst Lock/Lig Rest - No Closer - Continuous Hinge,False,,731,0.96,1,EA,Ligature Res. Mort Lock-Fail Secure,X-MRX-A-242C,TOW,630,,Townsteel,Satin stainless steel,,731,"[63.9, 140.4, 588.4, 153.3]",
46,Interior Single - Card Readers - Inst Lock/Lig Rest - No Closer - Continuous Hinge,False,,731,0.96,2,EA,Cylinder,Per project,TBD,630,,To Be Determined,Satin stainless steel,,731,"[63.9, 154.7, 585.1, 167.6]",
46,Interior Single - Card Readers - Inst Lock/Lig Rest - No Closer - Continuous Hinge,False,,731,0.96,1,EA,Door Stop,1841,ABH,630,,ABH Manufacturing,Satin stainless steel,,731,"[63.9, 168.8, 585.4, 181.8]",
46,Interior Single - Card Readers - Inst Lock/Lig Rest - No Closer - Continuous Hinge,False,,731,0.96,1,SET,Gasketing,ANTI-LIG 5050,NGP,BLK,,National Guard Products,Black,,731,"[63.9, 181.8, 584.4, 194.7]",
46,Interior Single - Card Readers - Inst Lock/Lig Rest - No Closer - Continuous Hinge,False,,731,0.96,2,EA,Card Reader,By Division 28,,,,,,,731,"[63.9, 194.7, 574.2, 207.7]",
46,Interior Single - Card Readers - Inst Lock/Lig Rest - No Closer - Continuous Hinge,False,,731,0.96,1,EA,Door Position Switch,By Division 28,,,,,,,731,"[63.9, 208.1, 574.2, 221.0]",
46,Interior Single - Card Readers - Inst Lock/Lig Rest - No Closer - Continuous Hinge,False,,731,0.96,1,EA,Lock Power Supply,By Division 28,,,,,,,731,"[63.9, 221.5, 574.2, 234.4]",
47,Interior Single Shower/Toliet Stall - Ligature Resistant Swinging Door System,False,,"731, 732",0.93,1,SET,Ligature Rest Swinging Door System,Accurate LR-SW.xx.WGP,ACC,,,Accurate Lock & Hardware,,,731,"[63.9, 365.4, 582.9, 378.3]",
47,Interior Single Shower/Toliet Stall - Ligature Resistant Swinging Door System,False,,"731, 732",0.93,2,EA,Door Panels ALUMINUM STOREFRONT DOORS,Wood Grain Finish selected by Arch,ACC,,,Accurate Lock & Hardware,,,731,"[63.9, 378.8, 582.9, 391.8]",
A01,Exterior Single Storefront - Push/Pull-Ligature Resistant - Surface Closer,False,,732,0.97,1,SET,Continuous Hinge,A110HD HT SEC,ABH,628,,ABH Manufacturing,"Satin aluminum, clear anodized",,732,"[63.9, 153.3, 584.2, 166.3]",
A01,Exterior Single Storefront - Push/Pull-Ligature Resistant - Surface Closer,False,,732,0.97,1,SET,Ligature Res. Push/Pull Set,MRX-A-72,TOW,630,,Townsteel,Satin stainless steel,,732,"[63.9, 166.7, 587.0, 179.6]",
A01,Exterior Single Storefront - Push/Pull-Ligature Resistant - Surface Closer,False,,732,0.97,1,EA,Overhead Surface Closer-Track Arm,4040XPT,LCN,689,,LCN,Aluminum painted,,732,"[63.9, 180.9, 582.6, 193.9]",
A01,Exterior Single Storefront - Push/Pull-Ligature Resistant - Surface Closer,False,,732,0.97,1,EA,Door Stop,1841,ABH,630,,ABH Manufacturing,Satin stainless steel,,732,"[63.9, 194.0, 584.2, 207.0]",
A02,,True,,732,0.9,,,,,,,,,,,,,
A03,Exterior Pair Storefront - Card Reader - Elec Exit Devices/Pulls - Surf Clrs/Stop-Arm,False,,733,0.96,2,SET,Electrified Continuous Hinge,A110HD EZ-12,ABH,628,,ABH Manufacturing,"Satin aluminum, clear anodized",,733,"[63.9, 127.1, 584.2, 140.0]",
A03,Exterior Pair Storefront - Card Reader - Elec Exit Devices/Pulls - Surf Clrs/Stop-Arm,False,,733,0.96,1,EA,ELR CVR Device-EO,ED1300/EF1300-ELR-RX,TOW,630,,Townsteel,Satin stainless steel,,733,"[63.9, 140.4, 587.0, 153.3]",
A03,Exterior Pair Storefront - Card Reader - Elec Exit Devices/Pulls - Surf Clrs/Stop-Arm,False,,733,0.96,1,EA,ELR CVR Device-NLOP,ED1300/EF1300-ELR-RX x Cyl. Only,TOW,630,,Townsteel,Satin stainless steel,,733,"[63.9, 154.7, 587.0, 167.6]",
A03,Exterior Pair Storefront - Card Reader - Elec Exit Devices/Pulls - Surf Clrs/Stop-Arm,False,,733,0.96,1,EA,Power Supply,PS220B 120VAC,CAT,,,,,,733,"[63.9, 168.8, 583.6, 181.8]",
A03,Exterior Pair Storefront - Card Reader - Elec Exit Devices/Pulls - Surf Clrs/Stop-Arm,False,,733,0.96,2,EA,Single Pull,Per Design,,630,,,Satin stainless steel,,733,"[63.9, 182.3, 574.0, 195.2]",
A03,Exterior Pair Storefront - Card Reader - Elec Exit Devices/Pulls - Surf Clrs/Stop-Arm,False,,733,0.96,1,EA,Cylinder,Per project,TBD,626,,To Be Determined,Satin chrome,,733,"[63.9, 196.4, 583.7, 209.4]",
A03,Exterior Pair Storefront - Card Reader - Elec Exit Devices/Pulls - Surf Clrs/Stop-Arm,False,,733,0.96,2,EA,OH Surface Closer,4040XP SCUSH,LCN,689,,LCN,Aluminum painted,,733,"[63.9, 210.7, 582.6, 223.6]",
A03,Exterior Pair Storefront - Card Reader - Elec Exit Devices/Pulls - Surf Clrs/Stop-Arm,False,,733,0.96,1,EA,Bollard for card reader,SQ40 B-6SQ-RT-DB-SM-NP,WIK,710,,Wikk,Dark bronze anodized,,733,"[63.9, 225.0, 585.0, 237.9]",
A03,Exterior Pair Storefront - Card Reader - Elec Exit Devices/Pulls - Surf Clrs/Stop-Arm,False,,733,0.96,1,EA,Door Position Switch,By Division 28,,,,,,,733,"[63.9, 252.4, 574.2, 265.3]",
A03,Exterior Pair Storefront - Card Reader - Elec Exit Devices/Pulls - Surf Clrs/Stop-Arm,False,,733,0.96,1,EA,Card Reader,By Division 28,,,,,,,733,"[63.9, 265.7, 574.2, 278.6]",
A03,Exterior Pair Storefront - Card Reader - Elec Exit Devices/Pulls - Surf Clrs/Stop-Arm,False,,733,0.96,1,EA,Lock Power Supply,By Division 28,,,,,,,733,"[63.9, 279.1, 574.2, 292.1]",
A04,Exterior Single Storefront - Card Reader - Elec Exit Device/Pull - Surf Clrs/Stop-Arm,False,,"733, 734",0.96,1,EA,Electrified Continuous Hinge,A110HD EZ-12,ABH,628,,ABH Manufacturing,"Satin aluminum, clear anodized",,733,"[63.9, 449.3, 585.4, 462.2]",
A04,Exterior Single Storefront - Card Reader - Elec Exit Device/Pull - Surf Clrs/Stop-Arm,False,,"733, 734",0.96,1,EA,ELR CVR Device-NLOP,ED1300/EF1300-ELR-RX x Cyl. Only,TOW,630,,Townsteel,Satin stainless steel,,733,"[63.9, 462.7, 588.4, 475.7]",
A04,Exterior Single Storefront - Card Reader - Elec Exit Device/Pull - Surf Clrs/Stop-Arm,False,,"733, 734",0.96,1,EA,Power Supply,PS220B 120VAC,CAT,,,,,,733,"[63.9, 476.9, 583.6, 489.8]",
A04,Exterior Single Storefront - Card Reader - Elec Exit Device/Pull - Surf Clrs/Stop-Arm,False,,"733, 734",0.96,1,EA,Single Pull,Per Design,,630,,,Satin stainless steel,,733,"[63.9, 490.3, 574.2, 503.3]",
A04,Exterior Single Storefront - Card Reader - Elec Exit Device/Pull - Surf Clrs/Stop-Arm,False,,"733, 734",0.96,1,EA,Cylinder,Per project,TBD,626,,To Be Determined,Satin chrome,,733,"[63.9, 504.5, 585.1, 517.4]",
A04,Exterior Single Storefront - Card Reader - Elec Exit Device/Pull - Surf Clrs/Stop-Arm,False,,"733, 734",0.96,1,EA,OH Surface Closer,4040XP SCUSH,LCN,689,,LCN,Aluminum painted,,733,"[63.9, 518.8, 582.9, 531.7]",
A04,Exterior Single Storefront - Card Reader - Elec Exit Device/Pull - Surf Clrs/Stop-Arm,False,,"733, 734",0.96,1,EA,Bollard for card reader,SQ40 B-6SQ-RT-DB-SM-NP,WIK,710,,Wikk,Dark bronze anodized,,733,"[63.9, 533.1, 585.0, 546.0]",
A04,Exterior Single Storefront - Card Reader - Elec Exit Device/Pull - Surf Clrs/Stop-Arm,False,,"733, 734",0.96,1,EA,Door Position Switch,By Division 28,,,,,,,733,"[63.9, 546.3, 574.2, 559.2]",
A04,Exterior Single Storefront - Card Reader - Elec Exit Device/Pull - Surf Clrs/Stop-Arm,False,,"733, 734",0.96,1,EA,Card Reader,By Division 28,,,,,,,733,"[63.9, 559.6, 574.2, 572.5]",
A04,Exterior Single Storefront - Card Reader - Elec Exit Device/Pull - Surf Clrs/Stop-Arm,False,,"733, 734",0.96,1,EA,Lock Power Supply,By Division 28,,,,,,,733,"[63.9, 572.9, 574.2, 585.8]",
E01,Exterior Single 2xCR Delayed Egress Exit Device Fail Secure Trim Surface Closer-SCUSH,False,,735,0.96,,,Hinge,4C51 NRP,PBB,630,,PBB,Satin stainless steel,,735,"[63.9, 127.1, 582.7, 140.0]",
E01,Exterior Single 2xCR Delayed Egress Exit Device Fail Secure Trim Surface Closer-SCUSH,False,,735,0.96,1,EA,Hinge-Power Transfer,4C51EL,PBB,630,,PBB,Satin stainless steel,,735,"[63.9, 140.4, 582.7, 153.3]",
E01,Exterior Single 2xCR Delayed Egress Exit Device Fail Secure Trim Surface Closer-SCUSH,False,,735,0.96,1,EA,Delayed Egress Rim Device/Fail Secure,ED1100/EF110-DE x KES909ER2-S,TOW,630,,Townsteel,Satin stainless steel,,735,"[63.9, 153.7, 587.0, 166.6]",
E01,Exterior Single 2xCR Delayed Egress Exit Device Fail Secure Trim Surface Closer-SCUSH,False,,735,0.96,1,EA,Power Supply,PS220B 120VAC,CAT,,,,,,735,"[63.9, 168.0, 583.6, 180.9]",
E01,Exterior Single 2xCR Delayed Egress Exit Device Fail Secure Trim Surface Closer-SCUSH,False,,735,0.96,1,EA,Cylinder,Per project,TBD,626,,To Be Determined,Satin chrome,,735,"[63.9, 182.3, 583.7, 195.2]",
E01,Exterior Single 2xCR Delayed Egress Exit Device Fail Secure Trim Surface Closer-SCUSH,False,,735,0.96,1,EA,OH Surface Closer-SCUSH,4040XP SCUSH,LCN,689,,LCN,Aluminum painted,,735,"[63.9, 196.4, 582.6, 209.4]",
E01,Exterior Single 2xCR Delayed Egress Exit Device Fail Secure Trim Surface Closer-SCUSH,False,,735,0.96,1,EA,Overhead Rain Drip,16A (As Req),NGP,628,,National Guard Products,"Satin aluminum, clear anodized",,735,"[63.9, 210.7, 583.6, 223.6]",
E01,Exterior Single 2xCR Delayed Egress Exit Device Fail Secure Trim Surface Closer-SCUSH,False,,735,0.96,1,EA,Door Sweep,C627,NGP,628,,National Guard Products,"Satin aluminum, clear anodized",,735,"[63.9, 223.9, 583.6, 236.8]",
E01,Exterior Single 2xCR Delayed Egress Exit Device Fail Secure Trim Surface Closer-SCUSH,False,,735,0.96,1,SET,Weatherstrip,700Nx700EN,NGP,719,,National Guard Products,Mill finish aluminum,,735,"[63.9, 237.0, 583.6, 249.9]",
E01,Exterior Single 2xCR Delayed Egress Exit Device Fail Secure Trim Surface Closer-SCUSH,False,,735,0.96,1,EA,Threshold,To Suit Sill Condition,PEM,719,,Pemko,Mill finish aluminum,,735,"[63.9, 250.2, 584.6, 263.1]",
E01,Exterior Single 2xCR Delayed Egress Exit Device Fail Secure Trim Surface Closer-SCUSH,False,,735,0.96,1,EA,Door Position Switch,MC-4 (Or as Req),SDC,,,Security Door Controls,,,735,"[63.9, 263.3, 582.1, 276.9]",
E01,Exterior Single 2xCR Delayed Egress Exit Device Fail Secure Trim Surface Closer-SCUSH,False,,735,0.96,2,EA,Card Reader,By Division 28,,,,,,,735,"[63.9, 277.6, 574.2, 290.5]",
E01,Exterior Single 2xCR Delayed Egress Exit Device Fail Secure Trim Surface Closer-SCUSH,False,,735,0.96,1,EA,Door Position Switch,By Division 28,,,,,,,735,"[63.9, 290.9, 574.2, 303.8]",
E01,Exterior Single 2xCR Delayed Egress Exit Device Fail Secure Trim Surface Closer-SCUSH,False,,735,0.96,1,EA,Lock Power Supply,By Division 28,,,,,,,735,"[63.9, 304.3, 574.2, 317.3]",
E02,Exterior Pair Storefront - Exit Devices/Exit Only - Surface Closers/Stop-Arm,False,,735,0.97,,,Hinge,4C51 NRP,PBB,630,,PBB,Satin stainless steel,,735,"[63.9, 487.5, 582.7, 500.4]",
E02,Exterior Pair Storefront - Exit Devices/Exit Only - Surface Closers/Stop-Arm,False,,735,0.97,1,EA,Removable Mullion,MUL,TOW,628,,Townsteel,"Satin aluminum, clear anodized",,735,"[63.9, 500.8, 587.0, 513.7]",
E02,Exterior Pair Storefront - Exit Devices/Exit Only - Surface Closers/Stop-Arm,False,,735,0.97,2,EA,Rim Device-EO,ED1100/EF1100-EO,TOW,630,,Townsteel,Satin stainless steel,,735,"[63.9, 514.1, 587.0, 527.0]",
E02,Exterior Pair Storefront - Exit Devices/Exit Only - Surface Closers/Stop-Arm,False,,735,0.97,1,EA,Cylinder for Mullion,Per project,TBD,626,,To Be Determined,Satin chrome,,735,"[63.9, 528.4, 583.7, 541.3]",
E02,Exterior Pair Storefront - Exit Devices/Exit Only - Surface Closers/Stop-Arm,False,,735,0.97,2,EA,OH Surface Closer-SCUSH,4040XP SCUSH,LCN,689,,LCN,Aluminum painted,,735,"[63.9, 542.7, 582.6, 555.6]",
E02,Exterior Pair Storefront - Exit Devices/Exit Only - Surface Closers/Stop-Arm,False,,735,0.97,1,EA,Overhead Rain Drip,16A (As Req),NGP,628,,National Guard Products,"Satin aluminum, clear anodized",,735,"[63.9, 556.9, 583.6, 569.9]",
E02,Exterior Pair Storefront - Exit Devices/Exit Only - Surface Closers/Stop-Arm,False,,735,0.97,1,EA,Mullion Seal,5100,NGP,BLK,,National Guard Products,Black,,735,"[63.9, 570.0, 583.6, 583.0]",
E02,Exterior Pair Storefront - Exit Devices/Exit Only - Surface Closers/Stop-Arm,False,,735,0.97,2,EA,Door Sweep,C627,NGP,628,,National Guard Products,"Satin aluminum, clear anodized",,735,"[63.9, 583.2, 583.6, 596.2]",
E02,Exterior Pair Storefront - Exit Devices/Exit Only - Surface Closers/Stop-Arm,False,,735,0.97,1,SET,Weatherstrip,700Nx700EN,NGP,719,,National Guard Products,Mill finish aluminum,,735,"[63.9, 596.3, 583.6, 609.3]",
E02,Exterior Pair Storefront - Exit Devices/Exit Only - Surface Closers/Stop-Arm,False,,735,0.97,1,EA,Threshold,To Suit Sill Condition,PEM,719,,Pemko,Mill finish aluminum,,735,"[63.9, 609.5, 584.6, 622.5]",
E02,Exterior Pair Storefront - Exit Devices/Exit Only - Surface Closers/Stop-Arm,False,,735,0.97,2,EA,Door Position Switch,MC-4 (Or as Req),SDC,,,Security Door Controls,,,735,"[63.9, 622.7, 582.1, 636.3]",
E03,,True,,736,0.9,,,,,,,,,,,,,
E04,Exterior Single - Institution Lockset/Ligature Resistant - Surface Closer,False,,736,0.97,1,SET,Continuous Hinge,AC500 HT SEC,ABH,630,,ABH Manufacturing,Satin stainless steel,,736,"[63.9, 421.3, 584.2, 434.3]",
E04,Exterior Single - Institution Lockset/Ligature Resistant - Surface Closer,False,,736,0.97,1,EA,Ligature Res. Mortise Lock-Institution,MRX-A-30,TOW,630,,Townsteel,Satin stainless steel,,736,"[63.9, 434.7, 587.0, 447.6]",
E04,Exterior Single - Institution Lockset/Ligature Resistant - Surface Closer,False,,736,0.97,2,EA,Cylinder,Per project,TBD,630,,To Be Determined,Satin stainless steel,,736,"[63.9, 448.9, 583.7, 461.9]",
E04,Exterior Single - Institution Lockset/Ligature Resistant - Surface Closer,False,,736,0.97,1,EA,OH Surface Closer-Hold Open @180°,4210T/4510T TBTRX mount public side,LCN,689,,LCN,Aluminum painted,,736,"[63.9, 463.2, 582.6, 476.2]",
E04,Exterior Single - Institution Lockset/Ligature Resistant - Surface Closer,False,,736,0.97,1,EA,Door Stop,Per Specification,,,,,,,736,"[63.9, 477.5, 574.0, 490.4]",
E04,Exterior Single - Institution Lockset/Ligature Resistant - Surface Closer,False,,736,0.97,1,EA,Overhead Rain Drip,16A (As Req) SEC,NGP,628,,National Guard Products,"Satin aluminum, clear anodized",,736,"[63.9, 490.6, 583.6, 503.5]",
E04,Exterior Single - Institution Lockset/Ligature Resistant - Surface Closer,False,,736,0.97,2,EA,Door Sweep,C627 SEC,NGP,628,,National Guard Products,"Satin aluminum, clear anodized",,736,"[63.9, 503.8, 583.6, 516.7]",
E04,Exterior Single - Institution Lockset/Ligature Resistant - Surface Closer,False,,736,0.97,1,SET,Weatherstrip,700Nx700EN SEC,NGP,719,,National Guard Products,Mill finish aluminum,,736,"[63.9, 516.9, 583.6, 529.8]",
E04,Exterior Single - Institution Lockset/Ligature Resistant - Surface Closer,False,,736,0.97,1,EA,Threshold,To Suit Sill Condition,PEM,719,,Pemko,Mill finish aluminum,,736,"[63.9, 530.1, 584.6, 543.0]",
E04,Exterior Single - Institution Lockset/Ligature Resistant - Surface Closer,False,,736,0.97,1,EA,Door Position Switch,By Division 28,,,,,,,736,"[63.9, 557.4, 574.2, 570.4]",
E05,Exterior Pair - Exit Device/Storeroom Lever - Surface Closer/Stop-Arm,False,,737,0.97,,,Hinge,4C51 NRP,PBB,630,,PBB,Satin stainless steel,,737,"[63.9, 127.1, 582.7, 140.0]",
E05,Exterior Pair - Exit Device/Storeroom Lever - Surface Closer/Stop-Arm,False,,737,0.97,1,EA,Removable Mullion,MUL,TOW,628,,Townsteel,"Satin aluminum, clear anodized",,737,"[63.9, 140.4, 587.0, 153.3]",
E05,Exterior Pair - Exit Device/Storeroom Lever - Surface Closer/Stop-Arm,False,,737,0.97,1,EA,Rim Device-EO,ED1100/EF1100-EO,TOW,630,,Townsteel,Satin stainless steel,,737,"[63.9, 153.7, 587.0, 166.6]",
E05,Exterior Pair - Exit Device/Storeroom Lever - Surface Closer/Stop-Arm,False,,737,0.97,1,EA,Rim Device-LNL,ED1100/EF1100 x ED309R-D,TOW,630,,Townsteel,Satin stainless steel,,737,"[63.9, 168.0, 587.0, 180.9]",
E05,Exterior Pair - Exit Device/Storeroom Lever - Surface Closer/Stop-Arm,False,,737,0.97,2,EA,Cylinder,Per project,TBD,626,,To Be Determined,Satin chrome,,737,"[63.9, 182.3, 583.7, 195.2]",
E05,Exterior Pair - Exit Device/Storeroom Lever - Surface Closer/Stop-Arm,False,,737,0.97,2,EA,OH Surface Closer-SCUSH,4040XP SCUSH,LCN,689,,LCN,Aluminum painted,,737,"[63.9, 196.4, 582.6, 209.4]",
E05,Exterior Pair - Exit Device/Storeroom Lever - Surface Closer/Stop-Arm,False,,737,0.97,1,EA,Overhead Rain Drip,16A (As Req),NGP,628,,National Guard Products,"Satin aluminum, clear anodized",,737,"[63.9, 210.7, 583.6, 223.6]",
E05,Exterior Pair - Exit Device/Storeroom Lever - Surface Closer/Stop-Arm,False,,737,0.97,1,EA,Mullion Seal,5100,NGP,BLK,,National Guard Products,Black,,737,"[63.9, 223.9, 583.6, 236.8]",
E05,Exterior Pair - Exit Device/Storeroom Lever - Surface Closer/Stop-Arm,False,,737,0.97,2,EA,Door Sweep,C627,NGP,628,,National Guard Products,"Satin aluminum, clear anodized",,737,"[63.9, 237.0, 583.6, 249.9]",
E05,Exterior Pair - Exit Device/Storeroom Lever - Surface Closer/Stop-Arm,False,,737,0.97,1,SET,Weatherstrip,700Nx700EN,NGP,719,,National Guard Products,Mill finish aluminum,,737,"[63.9, 250.2, 583.6, 263.1]",
E05,Exterior Pair - Exit Device/Storeroom Lever - Surface Closer/Stop-Arm,False,,737,0.97,1,EA,Threshold,To Suit Sill Condition,PEM,719,,Pemko,Mill finish aluminum,,737,"[63.9, 263.3, 584.6, 276.2]",
E05,Exterior Pair - Exit Device/Storeroom Lever - Surface Closer/Stop-Arm,False,,737,0.97,2,EA,Door Position Switch,By Division 28,,,,,,,737,"[63.9, 290.8, 574.2, 303.7]",
E06,,True,,737,0.9,,,,,,,,,,,,,
E07,,True,,738,0.9,,,,,,,,,,,,,
E08,Exterior Single - Card Readers - Elec Fail-Secure Institutional Lock - Surface Closer,False,,738,0.96,1,SET,Continuous Hinge,AC500 HT TW8 SEC,ABH,630,,ABH Manufacturing,Satin stainless steel,,738,"[63.9, 433.1, 584.2, 446.0]",
E08,Exterior Single - Card Readers - Elec Fail-Secure Institutional Lock - Surface Closer,False,,738,0.96,1,EA,Ligature Res. Mortise Lock-Fail Secure,X-MRX-A-241C,TOW,630,,Townsteel,Satin stainless steel,,738,"[63.9, 446.4, 587.0, 459.4]",
E08,Exterior Single - Card Readers - Elec Fail-Secure Institutional Lock - Surface Closer,False,,738,0.96,2,EA,Cylinder,Per project,TBD,630,,To Be Determined,Satin stainless steel,,738,"[63.9, 460.7, 583.7, 473.6]",
E08,Exterior Single - Card Readers - Elec Fail-Secure Institutional Lock - Surface Closer,False,,738,0.96,1,EA,OH Surface Closer,4210T/4510T TBTRX mount public side,LCN,689,,LCN,Aluminum painted,,738,"[63.9, 475.0, 582.6, 487.9]",
E08,Exterior Single - Card Readers - Elec Fail-Secure Institutional Lock - Surface Closer,False,,738,0.96,1,EA,Door Stop,1841,ABH,630,,ABH Manufacturing,Satin stainless steel,,738,"[63.9, 489.3, 584.2, 502.2]",
E08,Exterior Single - Card Readers - Elec Fail-Secure Institutional Lock - Surface Closer,False,,738,0.96,1,SET,Gasketing,ANTI-LIG 5050,NGP,BLK,,National Guard Products,Black,,738,"[63.9, 502.3, 583.6, 515.3]",
E08,Exterior Single - Card Readers - Elec Fail-Secure Institutional Lock - Surface Closer,False,,738,0.96,2,EA,Door Sweep,C627 SEC,NGP,628,,National Guard Products,"Satin aluminum, clear anodized",,738,"[63.9, 515.7, 583.6, 528.6]",
E08,Exterior Single - Card Readers - Elec Fail-Secure Institutional Lock - Surface Closer,False,,738,0.96,1,EA,Threshold,To Suit Sill Condition,PEM,719,,Pemko,Mill finish aluminum,,738,"[63.9, 528.9, 584.6, 541.8]",
E08,Exterior Single - Card Readers - Elec Fail-Secure Institutional Lock - Surface Closer,False,,738,0.96,2,EA,Card Reader,By Division 28,,,,,,,738,"[63.9, 556.2, 574.2, 569.2]",
E08,Exterior Single - Card Readers - Elec Fail-Secure Institutional Lock - Surface Closer,False,,738,0.96,1,EA,Door Position Switch,By Division 28,,,,,,,738,"[63.9, 569.7, 574.2, 582.6]",
E08,Exterior Single - Card Readers - Elec Fail-Secure Institutional Lock - Surface Closer,False,,738,0.96,1,EA,Lock Power Supply,By Division 28,,,,,,,738,"[63.9, 583.0, 574.2, 595.9]",
E09,Exterior Single - Delayed Egress Exit Device/Exit Only - Surface Closer,False,,739,0.96,,,Hinge,4C51 NRP,PBB,630,,PBB,Satin stainless steel,,739,"[63.9, 127.1, 582.7, 140.0]",
E09,Exterior Single - Delayed Egress Exit Device/Exit Only - Surface Closer,False,,739,0.96,1,EA,Hinge-Power Transfer,4C51EL,PBB,630,,PBB,Satin stainless steel,,739,"[63.9, 140.4, 582.7, 153.3]",
E09,Exterior Single - Delayed Egress Exit Device/Exit Only - Surface Closer,False,,739,0.96,1,EA,Delayed Egress Rim Device-EO,ED1100/EF1100-DE,TOW,630,,Townsteel,Satin stainless steel,,739,"[63.9, 153.7, 587.0, 166.6]",
E09,Exterior Single - Delayed Egress Exit Device/Exit Only - Surface Closer,False,,739,0.96,1,EA,Power Supply,PS220B 120VAC,CAT,,,,,,739,"[63.9, 168.0, 583.6, 180.9]",
E09,Exterior Single - Delayed Egress Exit Device/Exit Only - Surface Closer,False,,739,0.96,1,EA,OH Surface Closer-SCUSH,4040XP SCUSH,LCN,689,,LCN,Aluminum painted,,739,"[63.9, 181.3, 582.6, 194.2]",
E09,Exterior Single - Delayed Egress Exit Device/Exit Only - Surface Closer,False,,739,0.96,1,EA,Overhead Rain Drip,16A (As Req),NGP,628,,National Guard Products,"Satin aluminum, clear anodized",,739,"[63.9, 195.6, 583.6, 208.5]",
E09,Exterior Single - Delayed Egress Exit Device/Exit Only - Surface Closer,False,,739,0.96,1,EA,Door Sweep,C627,NGP,628,,National Guard Products,"Satin aluminum, clear anodized",,739,"[63.9, 208.7, 583.6, 221.6]",
E09,Exterior Single - Delayed Egress Exit Device/Exit Only - Surface Closer,False,,739,0.96,1,SET,Weatherstrip,700Nx700EN,NGP,719,,National Guard Products,Mill finish aluminum,,739,"[63.9, 221.9, 583.6, 234.8]",
E09,Exterior Single - Delayed Egress Exit Device/Exit Only - Surface Closer,False,,739,0.96,1,EA,Threshold,To Suit Sill Condition,PEM,719,,Pemko,Mill finish aluminum,,739,"[63.9, 235.1, 584.6, 248.0]",
E09,Exterior Single - Delayed Egress Exit Device/Exit Only - Surface Closer,False,,739,0.96,1,EA,Door Position Switch,By Division 28,,,,,,,739,"[63.9, 262.4, 574.2, 275.4]",
E09,Exterior Single - Delayed Egress Exit Device/Exit Only - Surface Closer,False,,739,0.96,1,EA,Lock Power Supply,By Division 28,,,,,,,739,"[63.9, 275.8, 574.2, 288.7]",
E10,Exterior Pair - Storeroom Lockset - Surface Closer/Stop-Arm,False,,739,0.97,,,Hinge,4C51 NRP,PBB,630,,PBB,Satin stainless steel,,739,"[63.9, 380.9, 582.7, 393.8]",
E10,Exterior Pair - Storeroom Lockset - Surface Closer/Stop-Arm,False,,739,0.97,1,SET,Auto Flush Bolts,1860P/1861P/1862P,ABH,630,,ABH Manufacturing,Satin stainless steel,,739,"[63.9, 394.3, 584.2, 407.3]",
E10,Exterior Pair - Storeroom Lockset - Surface Closer/Stop-Arm,False,,739,0.97,1,EA,Dust Proof Strike,1870/1872,ABH,630,,ABH Manufacturing,Satin stainless steel,,739,"[63.9, 407.6, 584.2, 420.6]",
E10,Exterior Pair - Storeroom Lockset - Surface Closer/Stop-Arm,False,,739,0.97,1,EA,Cyl. Lock -Storerm,CDC-86-S,SCH,626,,Schlage,Satin chrome,,739,"[63.9, 421.0, 582.3, 433.9]",
E10,Exterior Pair - Storeroom Lockset - Surface Closer/Stop-Arm,False,,739,0.97,1,EA,Cylinder,Per project,TBD,626,,To Be Determined,Satin chrome,,739,"[63.9, 434.2, 583.7, 447.1]",
E10,Exterior Pair - Storeroom Lockset - Surface Closer/Stop-Arm,False,,739,0.97,1,EA,Coordinator,3700 Series,ABH,600,,ABH Manufacturing,Primed for painting,,739,"[63.9, 448.5, 584.2, 461.4]",
E10,Exterior Pair - Storeroom Lockset - Surface Closer/Stop-Arm,False,,739,0.97,2,EA,Mounting Bracket,3751/3752 (as required),ABH,600,,ABH Manufacturing,Primed for painting,,739,"[63.9, 461.8, 584.2, 474.7]",
E10,Exterior Pair - Storeroom Lockset - Surface Closer/Stop-Arm,False,,739,0.97,2,EA,OH Surface Closer-SCUSH,4040XP SCUSH,LCN,689,,LCN,Aluminum painted,,739,"[63.9, 475.1, 582.6, 488.0]",
E10,Exterior Pair - Storeroom Lockset - Surface Closer/Stop-Arm,False,,739,0.97,1,EA,Overlapping Astragal,355CS,PEM,628,,Pemko,"Satin aluminum, clear anodized",,739,"[63.9, 489.4, 584.6, 502.3]",
E10,Exterior Pair - Storeroom Lockset - Surface Closer/Stop-Arm,False,,739,0.97,2,EA,Door Sweep,C627,NGP,628,,National Guard Products,"Satin aluminum, clear anodized",,739,"[63.9, 502.5, 583.6, 515.4]",
E10,Exterior Pair - Storeroom Lockset - Surface Closer/Stop-Arm,False,,739,0.97,1,SET,Weatherstrip,700Nx700EN,NGP,719,,National Guard Products,Mill finish aluminum,,739,"[63.9, 515.7, 583.6, 528.6]",
E10,Exterior Pair - Storeroom Lockset - Surface Closer/Stop-Arm,False,,739,0.97,1,EA,Threshold,To Suit Sill Condition,PEM,719,,Pemko,Mill finish aluminum,,739,"[63.9, 528.9, 584.6, 541.8]",
E10,Exterior Pair - Storeroom Lockset - Surface Closer/Stop-Arm,False,,739,0.97,2,EA,Door Position Switch,MC-4 (Or as Req),SDC,,,Security Door Controls,,,739,"[63.9, 541.9, 582.1, 555.6]",
E11,Exterior Single - Card Reader - Electrified Fail-Secure Lock - Surface Closer - Butt Hinges,False,,740,0.96,,,Hinge-HT,4C51 HT NRP,PBB,630,,PBB,Satin stainless steel,,740,"[63.9, 140.1, 582.7, 153.1]",
E11,Exterior Single - Card Reader - Electrified Fail-Secure Lock - Surface Closer - Butt Hinges,False,,740,0.96,1,EA,Hinge-Power Transfer,4C51EL HT,PBB,630,,PBB,Satin stainless steel,,740,"[63.9, 153.5, 582.7, 166.4]",
E11,Exterior Single - Card Reader - Electrified Fail-Secure Lock - Surface Closer - Butt Hinges,False,,740,0.96,1,EA,Fail Secure Cyl. Lock,XCDC-86-S-RQE 24VDC,TOW,626,,Townsteel,Satin chrome,,740,"[63.9, 166.9, 587.0, 179.8]",
E11,Exterior Single - Card Reader - Electrified Fail-Secure Lock - Surface Closer - Butt Hinges,False,,740,0.96,1,EA,Cylinder,Per project,TBD,626,,To Be Determined,Satin chrome,,740,"[63.9, 181.1, 583.7, 194.0]",
E11,Exterior Single - Card Reader - Electrified Fail-Secure Lock - Surface Closer - Butt Hinges,False,,740,0.96,1,EA,OH Surface Closer,4040XP/4040XP EDA,LCN,689,,LCN,Aluminum painted,,740,"[63.9, 195.3, 582.6, 208.3]",
E11,Exterior Single - Card Reader - Electrified Fail-Secure Lock - Surface Closer - Butt Hinges,False,,740,0.96,1,EA,Door Stop,Per Specification,,,,,,,740,"[63.9, 209.6, 574.0, 222.6]",
E11,Exterior Single - Card Reader - Electrified Fail-Secure Lock - Surface Closer - Butt Hinges,False,,740,0.96,1,EA,Overhead Rain Drip,16A (As Req),NGP,628,,National Guard Products,"Satin aluminum, clear anodized",,740,"[63.9, 222.8, 583.6, 235.8]",
E11,Exterior Single - Card Reader - Electrified Fail-Secure Lock - Surface Closer - Butt Hinges,False,,740,0.96,1,EA,Door Sweep,600A,NGP,628,,National Guard Products,"Satin aluminum, clear anodized",,740,"[63.9, 235.9, 583.6, 248.8]",
E11,Exterior Single - Card Reader - Electrified Fail-Secure Lock - Surface Closer - Butt Hinges,False,,740,0.96,1,SET,Weatherstrip,700Nx700EN,NGP,719,,National Guard Products,Mill finish aluminum,,740,"[63.9, 249.1, 583.6, 262.1]",
E11,Exterior Single - Card Reader - Electrified Fail-Secure Lock - Surface Closer - Butt Hinges,False,,740,0.96,1,EA,Threshold,To Suit Sill Condition,PEM,719,,Pemko,Mill finish aluminum,,740,"[63.9, 262.2, 584.6, 275.1]",
E11,Exterior Single - Card Reader - Electrified Fail-Secure Lock - Surface Closer - Butt Hinges,False,,740,0.96,1,EA,Card Reader,By Division 28,,,,,,,740,"[63.9, 289.7, 574.2, 302.6]",
E11,Exterior Single - Card Reader - Electrified Fail-Secure Lock - Surface Closer - Butt Hinges,False,,740,0.96,1,EA,Door Position Switch,By Division 28,,,,,,,740,"[63.9, 303.0, 574.2, 315.9]",
E11,Exterior Single - Card Reader - Electrified Fail-Secure Lock - Surface Closer - Butt Hinges,False,,740,0.96,1,EA,Lock Power Supply,By Division 28,,,,,,,740,"[63.9, 316.3, 574.2, 329.3]",
E12,,True,,741,0.9,,,,,,,,,,,,,
E13,Exterior Single - Card Reader - Inst Lock/Lig Res - Elec Strike - Automatic Operator,False,,742,0.96,1,EA,Continuous Hinge,AC500 HT TW8 SEC,ABH,630,,ABH Manufacturing,Satin stainless steel,,742,"[63.9, 140.1, 584.2, 153.1]",
E13,Exterior Single - Card Reader - Inst Lock/Lig Res - Elec Strike - Automatic Operator,False,,742,0.96,1,EA,Ligature Res. Mort Institutional Lock,MRX-A-30,TOW,630,,Townsteel,Satin stainless steel,,742,"[63.9, 167.7, 588.4, 180.7]",
E13,Exterior Single - Card Reader - Inst Lock/Lig Res - Elec Strike - Automatic Operator,False,,742,0.96,2,EA,Cylinder,Per project,TBD,630,,To Be Determined,Satin stainless steel,,742,"[63.9, 182.0, 583.7, 195.0]",
E13,Exterior Single - Card Reader - Inst Lock/Lig Res - Elec Strike - Automatic Operator,False,,742,0.96,1,EA,Elec. Strike,55 Series,SDC,630,,Security Door Controls,Satin stainless steel,,742,"[63.9, 195.0, 582.1, 207.9]",
E13,Exterior Single - Card Reader - Inst Lock/Lig Res - Elec Strike - Automatic Operator,False,,742,0.96,1,EA,Overhead Surface Auto Operator,SW200i 115VAC,BSM,628,,,"Satin aluminum, clear anodized",,742,"[63.9, 209.3, 584.2, 222.2]",
E13,Exterior Single - Card Reader - Inst Lock/Lig Res - Elec Strike - Automatic Operator,False,,742,0.96,1,EA,Wave Sense Actuator,MS31 / MS41 SEC,BEA,,,BEA,,,742,"[63.9, 222.3, 583.0, 235.3]",
E13,Exterior Single - Card Reader - Inst Lock/Lig Res - Elec Strike - Automatic Operator,False,,742,0.96,1,EA,Overhead Rain Drip,16A (As Req),NGP,628,,National Guard Products,"Satin aluminum, clear anodized",,742,"[63.9, 235.5, 583.6, 248.5]",
E13,Exterior Single - Card Reader - Inst Lock/Lig Res - Elec Strike - Automatic Operator,False,,742,0.96,1,EA,Door Sweep,600A SEC,NGP,628,,National Guard Products,"Satin aluminum, clear anodized",,742,"[63.9, 248.6, 583.6, 261.6]",
E13,Exterior Single - Card Reader - Inst Lock/Lig Res - Elec Strike - Automatic Operator,False,,742,0.96,1,SET,Weatherstrip,700Nx700EN SEC,NGP,719,,National Guard Products,Mill finish aluminum,,742,"[63.9, 261.8, 583.6, 274.8]",
E13,Exterior Single - Card Reader - Inst Lock/Lig Res - Elec Strike - Automatic Operator,False,,742,0.96,1,EA,Threshold,To Suit Sill Condition,PEM,719,,Pemko,Mill finish aluminum,,742,"[63.9, 275.0, 584.6, 288.0]",
E13,Exterior Single - Card Reader - Inst Lock/Lig Res - Elec Strike - Automatic Operator,False,,742,0.96,2,EA,Card Reader,By Division 28,,,,,,,742,"[63.9, 302.4, 574.2, 315.3]",
E13,Exterior Single - Card Reader - Inst Lock/Lig Res - Elec Strike - Automatic Operator,False,,742,0.96,1,EA,Door Position Switch,By Division 28,,,,,,,742,"[63.9, 315.7, 574.2, 328.7]",
E13,Exterior Single - Card Reader - Inst Lock/Lig Res - Elec Strike - Automatic Operator,False,,742,0.96,1,EA,REX Motion Sensor,By Division 28,,,,,,,742,"[63.9, 329.0, 574.2, 342.0]",
E13,Exterior Single - Card Reader - Inst Lock/Lig Res - Elec Strike - Automatic Operator,False,,742,0.96,1,EA,Lock Power Supply,By Division 28,,,,,,,742,"[63.9, 342.5, 574.2, 355.4]",
E14,Exterior Single - Card Reader - ELR Device/Lig Resistant Lever - Mag lock - Surf Clsr,False,,743,0.96,1,EA,Continuous Hinge,AC500 HT TW8 SEC,ABH,630,,ABH Manufacturing,Satin stainless steel,,743,"[63.9, 153.3, 584.2, 166.3]",
E14,Exterior Single - Card Reader - ELR Device/Lig Resistant Lever - Mag lock - Surf Clsr,False,,743,0.96,1,EA,ELR Mortise Device-EO,ELR-D3375/D8375-EO,ADR,630,,Adams Rite,Satin stainless steel,,743,"[63.9, 166.7, 584.0, 179.6]",
E14,Exterior Single - Card Reader - ELR Device/Lig Resistant Lever - Mag lock - Surf Clsr,False,,743,0.96,1,EA,Ligature Res. Dummy Trim for Device,ED-MRXA-41,TOW,630,,Townsteel,Satin stainless steel,,743,"[63.9, 180.9, 587.0, 193.9]",
E14,Exterior Single - Card Reader - ELR Device/Lig Resistant Lever - Mag lock - Surf Clsr,False,,743,0.96,1,EA,Cylinder for Key Switch,Per project,TBD,626,,To Be Determined,Satin chrome,,743,"[63.9, 195.2, 583.7, 208.2]",
E14,Exterior Single - Card Reader - ELR Device/Lig Resistant Lever - Mag lock - Surf Clsr,False,,743,0.96,1,EA,OH Surface Closer,4210T/4510T TBTRX mount public side,LCN,689,,LCN,Aluminum painted,,743,"[63.9, 209.4, 582.6, 222.3]",
E14,Exterior Single - Card Reader - ELR Device/Lig Resistant Lever - Mag lock - Surf Clsr,False,,743,0.96,1,EA,Delayed Egress Mag Lock,1511S-NC-K-V-D-B-A-VI SEC,SDC,628,,Security Door Controls,"Satin aluminum, clear anodized",,743,"[63.9, 223.7, 582.1, 236.6]",
E14,Exterior Single - Card Reader - ELR Device/Lig Resistant Lever - Mag lock - Surf Clsr,False,,743,0.96,1,EA,Emergency Release Button,CB402-B SEC,SDC,,,Security Door Controls,,,743,"[63.9, 237.9, 582.1, 250.9]",
E14,Exterior Single - Card Reader - ELR Device/Lig Resistant Lever - Mag lock - Surf Clsr,False,,743,0.96,1,EA,Alarm Kit w/Key Switch,101-1AK SEC,SDC,630,,Security Door Controls,Satin stainless steel,,743,"[63.9, 250.9, 582.1, 263.9]",
E14,Exterior Single - Card Reader - ELR Device/Lig Resistant Lever - Mag lock - Surf Clsr,False,,743,0.96,1,EA,Overhead Rain Drip,16A (As Req) SEC,NGP,628,,National Guard Products,"Satin aluminum, clear anodized",,743,"[63.9, 263.9, 583.6, 276.8]",
E14,Exterior Single - Card Reader - ELR Device/Lig Resistant Lever - Mag lock - Surf Clsr,False,,743,0.96,1,EA,Door Sweep,C627 x SEC,NGP,628,,National Guard Products,"Satin aluminum, clear anodized",,743,"[63.9, 277.0, 583.6, 289.9]",
E14,Exterior Single - Card Reader - ELR Device/Lig Resistant Lever - Mag lock - Surf Clsr,False,,743,0.96,1,SET,Weatherstrip,700Nx700EN x SEC,NGP,719,,National Guard Products,Mill finish aluminum,,743,"[63.9, 290.2, 583.6, 303.1]",
E14,Exterior Single - Card Reader - ELR Device/Lig Resistant Lever - Mag lock - Surf Clsr,False,,743,0.96,1,EA,Threshold,To Suit Sill Condition,PEM,719,,Pemko,Mill finish aluminum,,743,"[63.9, 303.2, 584.6, 316.2]",
E14,Exterior Single - Card Reader - ELR Device/Lig Resistant Lever - Mag lock - Surf Clsr,False,,743,0.96,1,EA,Door Position Switch,MC-4 (Or as Req),SDC,,,Security Door Controls,,,743,"[63.9, 316.4, 582.1, 330.1]",
E14,Exterior Single - Card Reader - ELR Device/Lig Resistant Lever - Mag lock - Surf Clsr,False,,743,0.96,2,EA,Card Reader,By Division 28,,,,,,,743,"[63.9, 330.7, 574.2, 343.7]",
E14,Exterior Single - Card Reader - ELR Device/Lig Resistant Lever - Mag lock - Surf Clsr,False,,743,0.96,1,EA,Door Position Switch,By Division 28,,,,,,,743,"[63.9, 344.0, 574.2, 357.0]",
E14,Exterior Single - Card Reader - ELR Device/Lig Resistant Lever - Mag lock - Surf Clsr,False,,743,0.96,1,EA,Lock Power Supply,By Division 28,,,,,,,743,"[63.9, 357.4, 574.2, 370.3]",
E15,,True,,744,0.9,,,,,,,,,,,,,
E16,Interior Single - Push/Pull-Ligature Resistant - Automatic Operator,False,,744,0.96,1,EA,Continuous Hinge,AC500 HT SEC,ABH,630,,ABH Manufacturing,Satin stainless steel,,744,"[63.9, 524.8, 584.2, 537.7]",
E16,Interior Single - Push/Pull-Ligature Resistant - Automatic Operator,False,,744,0.96,1,SET,Ligature Res. Push/Pull Set,MRX-A-72,TOW,630,,Townsteel,Satin stainless steel,,744,"[63.9, 538.1, 587.0, 551.0]",
E16,Interior Single - Push/Pull-Ligature Resistant - Automatic Operator,False,,744,0.96,1,EA,Overhead Surface Auto Operator,SW200i 115VAC,BSM,628,,,"Satin aluminum, clear anodized",,744,"[63.9, 552.4, 584.2, 565.3]",
E16,Interior Single - Push/Pull-Ligature Resistant - Automatic Operator,False,,744,0.96,,,Wave Sense Actuator,MS31 / MS41,BEA,,,BEA,,,744,"[63.9, 565.5, 583.0, 578.4]",
E16,Interior Single - Push/Pull-Ligature Resistant - Automatic Operator,False,,744,0.96,1,EA,Door Stop,Per Specification,,,,,,,744,"[63.9, 578.7, 574.0, 591.6]",
E16,Interior Single - Push/Pull-Ligature Resistant - Automatic Operator,False,,744,0.96,1,SET,Gasketing,ANTI-LIG 5050,NGP,BLK,,National Guard Products,Black,,744,"[63.9, 591.7, 583.6, 604.6]",
E16,Interior Single - Push/Pull-Ligature Resistant - Automatic Operator,False,,744,0.96,1,EA,Threshold,To Suit Sill Condition,PEM,719,,Pemko,Mill finish aluminum,,744,"[63.9, 605.0, 584.6, 617.9]",
E17,,True,,745,0.9,,,,,,,,,,,,,
E18,Exterior Automated Sliding Gate,False,,745,0.3,,,,,,,,,,,,,
E19,,True,,746,0.9,,,,,,,,,,,,,
E20,,True,,746,0.9,,,,,,,,,,,,,
E21,Exterior Single - Card Readers - Elec Fail-Secure Institutional Lock - Automatic Operator,False,,747,0.96,1,SET,Continuous Hinge,AC500 HT TW8 SEC,ABH,630,,ABH Manufacturing,Satin stainless steel,,747,"[63.9, 127.1, 585.4, 140.0]",
E21,Exterior Single - Card Readers - Elec Fail-Secure Institutional Lock - Automatic Operator,False,,747,0.96,1,EA,Ligature Res. Mort Lock-Fail Secure,X-MRX-A-241C,TOW,630,,Townsteel,Satin stainless steel,,747,"[63.9, 140.4, 588.4, 153.3]",
E21,Exterior Single - Card Readers - Elec Fail-Secure Institutional Lock - Automatic Operator,False,,747,0.96,2,EA,Cylinder,Per project,TBD,630,,To Be Determined,Satin stainless steel,,747,"[63.9, 154.7, 585.1, 167.6]",
E21,Exterior Single - Card Readers - Elec Fail-Secure Institutional Lock - Automatic Operator,False,,747,0.96,1,EA,Overhead Surface Auto Operator,SW200i 120VAC,BSM,628,,,"Satin aluminum, clear anodized",,747,"[63.9, 168.8, 585.2, 181.8]",
E21,Exterior Single - Card Readers - Elec Fail-Secure Institutional Lock - Automatic Operator,False,,747,0.96,1,EA,Door Stop,1841,ABH,630,,ABH Manufacturing,Satin stainless steel,,747,"[63.9, 182.0, 585.4, 195.0]",
E21,Exterior Single - Card Readers - Elec Fail-Secure Institutional Lock - Automatic Operator,False,,747,0.96,1,SET,Gasketing,ANTI-LIG 5050,NGP,BLK,,National Guard Products,Black,,747,"[63.9, 195.2, 584.4, 208.2]",
E21,Exterior Single - Card Readers - Elec Fail-Secure Institutional Lock - Automatic Operator,False,,747,0.96,2,EA,Door Sweep,C627 SEC,NGP,628,,National Guard Products,"Satin aluminum, clear anodized",,747,"[63.9, 208.5, 584.4, 221.5]",
E21,Exterior Single - Card Readers - Elec Fail-Secure Institutional Lock - Automatic Operator,False,,747,0.96,1,EA,Threshold,To Suit Sill Condition,PEM,719,,Pemko,Mill finish aluminum,,747,"[63.9, 221.6, 585.6, 234.6]",
E21,Exterior Single - Card Readers - Elec Fail-Secure Institutional Lock - Automatic Operator,False,,747,0.96,1,EA,Door Position Switch,MC-4 (Or as Req),SDC,,,Security Door Controls,,,747,"[63.9, 234.8, 582.8, 248.5]",
E21,Exterior Single - Card Readers - Elec Fail-Secure Institutional Lock - Automatic Operator,False,,747,0.96,2,EA,Card Reader,By Division 28,,,,,,,747,"[63.9, 249.1, 574.2, 262.1]",
E21,Exterior Single - Card Readers - Elec Fail-Secure Institutional Lock - Automatic Operator,False,,747,0.96,1,EA,Door Position Switch,By Division 28,,,,,,,747,"[63.9, 262.4, 574.2, 275.4]",
E21,Exterior Single - Card Readers - Elec Fail-Secure Institutional Lock - Automatic Operator,False,,747,0.96,1,EA,Lock Power Supply,By Division 28,,,,,,,747,"[63.9, 275.8, 574.2, 288.7]",
G01,Exterior Pair Gates - Exit Devices/Storeroom Lever - Center Mullion - Gate Pivots/Closers,False,,748,0.88,2,SET,Spring Hinge/Closer,Mammoth-HD,LOC,TBD,,Locknetics,,,748,"[63.9, 127.1, 582.3, 140.0]",finish
G01,Exterior Pair Gates - Exit Devices/Storeroom Lever - Center Mullion - Gate Pivots/Closers,False,,748,0.88,1,EA,Center Mullion,By Gate Mfg.,,TBD,,,,,748,"[63.9, 140.1, 574.0, 153.1]",finish
G01,Exterior Pair Gates - Exit Devices/Storeroom Lever - Center Mullion - Gate Pivots/Closers,False,,748,0.88,1,EA,Exit Device-EO,40W-01CN,DET,TBD,,,,,748,"[63.9, 153.3, 583.2, 166.3]",finish
G01,Exterior Pair Gates - Exit Devices/Storeroom Lever - Center Mullion - Gate Pivots/Closers,False,,748,0.88,1,EA,Exit Device-LNL,40W-09DN,DET,TBD,,,,,748,"[63.9, 166.4, 583.2, 179.4]",finish
G01,Exterior Pair Gates - Exit Devices/Storeroom Lever - Center Mullion - Gate Pivots/Closers,False,,748,0.88,1,EA,Cylinder to Suit Device,Per Specification,,,,,,,748,"[63.9, 179.6, 574.0, 192.6]",
G02,Exterior Pair Gates - Exit Device/Storeroom Lever - Cane Bolt - Gate Pivots/Closers,False,,748,0.9,2,SET,Spring Hinge/Closer,Mammoth-HD,LOC,TBD,,Locknetics,,,748,"[63.9, 271.4, 582.3, 284.4]",finish
G02,Exterior Pair Gates - Exit Device/Storeroom Lever - Cane Bolt - Gate Pivots/Closers,False,,748,0.9,1,EA,Exit Device-LNL,40W-09DN,DET,TBD,,,,,748,"[63.9, 284.6, 583.2, 297.6]",finish
G02,Exterior Pair Gates - Exit Device/Storeroom Lever - Cane Bolt - Gate Pivots/Closers,False,,748,0.9,1,EA,Cylinder to Suit Device,Per Specification,,,,,,,748,"[63.9, 297.8, 574.0, 310.8]",
G02,Exterior Pair Gates - Exit Device/Storeroom Lever - Cane Bolt - Gate Pivots/Closers,False,,748,0.9,1,EA,Cane Bolt,53-2528,STA,TBD,,Stanley,,,748,"[63.9, 310.9, 582.0, 323.9]",finish
G02,Exterior Pair Gates - Exit Device/Storeroom Lever - Cane Bolt - Gate Pivots/Closers,False,,748,0.9,1,EA,Padlock for cane bolt,Per Specification,,,,,,,748,"[63.9, 324.1, 574.0, 337.1]",
G03,Exterior Pair Gates - Exit Device/Storeroom Lever - Cane Bolt - Gate Pivots/Closers,False,,748,0.9,2,SET,Spring Hinge/Closer,Mammoth-HD,LOC,TBD,,Locknetics,,,748,"[63.9, 403.0, 582.3, 415.9]",finish
G03,Exterior Pair Gates - Exit Device/Storeroom Lever - Cane Bolt - Gate Pivots/Closers,False,,748,0.9,1,EA,Exit Device-LNL,40W-09DN,DET,TBD,,,,,748,"[63.9, 416.2, 583.2, 429.1]",finish
G03,Exterior Pair Gates - Exit Device/Storeroom Lever - Cane Bolt - Gate Pivots/Closers,False,,748,0.9,1,EA,Cylinder to Suit Device,Per Specification,,,,,,,748,"[63.9, 429.3, 574.0, 442.2]",
G03,Exterior Pair Gates - Exit Device/Storeroom Lever - Cane Bolt - Gate Pivots/Closers,False,,748,0.9,1,EA,Cane Bolt,53-2528,STA,TBD,,Stanley,,,748,"[63.9, 442.5, 582.0, 455.4]",finish
G03,Exterior Pair Gates - Exit Device/Storeroom Lever - Cane Bolt - Gate Pivots/Closers,False,,748,0.9,1,EA,Padlock for cane bolt,Per Specification,,,,,,,748,"[63.9, 455.7, 574.0, 468.6]",
