set_number,set_description,not_used,doors,set_pages,set_confidence,qty,unit,description,catalog_number,mfr,finish,notes,mfr_name,finish_name,electrified,component_page,component_bbox,low_confidence_fields
1,,False,101,3,0.95,3,,Standard Hinge,"T4A3386 5"" x 4 1/2"" C32D NRP",,C32D,,,Satin stainless,,3,"[108.7, 195.9, 539.1, 204.3]",
1,,False,101,3,0.95,1,,Exit Device,25-R-L-NL 622 510L-NL LAT 626 RHR 965 x 2134 Door,,626/622,,,,,3,"[108.7, 207.6, 548.0, 216.0]",
1,,False,101,3,0.95,1,,Cylinder,"985 626 1 1/4"" G 6-Pin Open",,626,,,Satin chrome,,3,"[108.7, 219.4, 531.6, 227.8]",
1,,False,101,3,0.95,1,,Surface Closer,SC71A Rw/ PA 689,,689,,,Aluminum painted,,3,"[108.7, 231.1, 531.6, 239.5]",
1,,False,101,3,0.95,1,,Weatherstripping,"W-50S-CA x 38""x84"" Opening",,CA,,,Clear anodized,,3,"[108.7, 242.9, 529.3, 251.3]",
1,,False,101,3,0.95,1,,Weatherstripping,"W-38S-CA x 38""",,CA,,,Clear anodized,,3,"[108.7, 254.7, 529.3, 263.1]",
1,,False,101,3,0.95,1,,Threshold,"CT-45 x 38""",,,,,,,3,"[108.7, 266.4, 286.8, 274.8]",
2,,False,101A,4,0.95,1,,Continuous Hinge,"112XY-83"" C28 EPT @ 42"" Top Down",,C28,,,Clear anodized,,4,"[108.7, 163.0, 533.0, 183.2]",
2,,False,101A,4,0.95,1,,Continuous Hinge,"112XY-83"" C28",,C28,,,Clear anodized,,4,"[108.7, 186.6, 533.0, 195.0]",
2,,False,101A,4,0.95,1,,Accessory,EPT-10-689,,689,,,Aluminum painted,,4,"[108.7, 198.3, 531.6, 206.7]",
2,,False,101A,4,0.95,1,,Electrified Exit Device,RX-MEL-24-R-C 630 718C 626 LHR 4' LENGTH CON 965 x 2147 Door,,626/630,,,,,4,"[108.7, 210.0, 548.0, 218.4]",
2,,False,101A,4,0.95,1,,Exit Device,24-R L 630 RHR 4' LENGTH 965 x 2147 Door,,630,,,Satin stainless steel,,4,"[108.7, 221.8, 531.6, 230.2]",
2,,False,101A,4,0.95,1,,Cylinder,"951 626 1 1/4"" G 6-Pin Open",,626,,,Satin chrome,,4,"[108.7, 233.5, 531.6, 241.9]",
2,,False,101A,4,0.95,1,,Removable Mullion,"KR-4023 689 84 17/32""",,689,,,Aluminum painted,,4,"[108.7, 245.3, 531.6, 253.7]",
2,,False,101A,4,0.95,1,,Cylinder,"985 626 1 1/4"" G 6-Pin Open",,626,,,Satin chrome,,4,"[108.7, 257.1, 531.6, 265.5]",
2,,False,101A,4,0.95,2,,Door Pull,8145EZHD-18 C32D-316,,C32D-316,,,,,4,"[108.7, 268.8, 555.9, 277.2]",
2,,False,101A,4,0.95,1,,Card Access,Card Reader & Fobs By Security Contractor,,,,,,,4,"[108.7, 280.5, 406.0, 288.9]",
2,,False,101A,4,0.95,2,,Overhead Door Stop,104S C26D,,C26D,,,Satin chrome,,4,"[108.7, 292.3, 539.1, 300.7]",
2,,False,101A,4,0.95,1,,Surface Closer,SC71A Rw/ PA 689 SC70A-18,,689,,,Aluminum painted,,4,"[108.7, 304.0, 531.6, 312.4]",
2,,False,101A,4,0.95,1,,Auto Operator,Horton 4100 LHR Push Series,,US28,,,Satin aluminum,,4,"[108.7, 315.8, 538.6, 324.2]",
2,,False,101A,4,0.95,2,,Actuator,8310-813,,,,,,,4,"[108.7, 327.6, 278.3, 336.0]",
2,,False,101A,4,0.95,2,,Mounting Box,9530-18 628,,628,,,"Satin aluminum, clear anodized",,4,"[108.7, 339.3, 531.6, 347.7]",
2,,False,101A,4,0.95,1,,Weatherstripping,Weatherstrip Set By Door Supplier,,CA,,,Clear anodized,,4,"[108.7, 351.0, 529.3, 359.4]",
2,,False,101A,4,0.95,1,,Threshold,"CT-65(Stock Size) x 76""",,,,,,,4,"[108.7, 362.8, 332.1, 371.2]",
2,,False,101A,4,0.95,2,,Door Postion Switch,679-05HM,,,,,,,4,"[108.7, 374.5, 282.0, 382.9]",
2,,False,101A,4,0.95,1,,Schematic,Opening Schematic By Others,,,,,,,4,"[108.7, 386.3, 355.6, 394.7]",
2,,False,101A,4,0.95,1,,,Power Supply - By Security Contractor,,,,,,,4,"[108.7, 398.1, 385.6, 406.5]",
3,,False,102,4,0.95,3,,Standard Hinge,"TA714 4 1/2"" x 4"" C26D",,C26D,,,Satin chrome,,4,"[108.7, 577.0, 539.1, 585.4]",
3,,False,102,4,0.95,1,,Lockset,W581 P6 LAT/LAT 626/626 G,,626/626,,,,,4,"[108.7, 588.8, 548.0, 597.2]",
3,,False,102,4,0.95,1,,Floor Door Stop,S102LF C26D,,C26D,,,Satin chrome,,4,"[108.7, 600.6, 539.1, 609.0]",
3,,False,102,4,0.95,3,,Door Silencer,SR64 GRY,,GRY,,,Gray,,4,"[108.7, 612.3, 535.6, 620.7]",
4,,False,103,5,0.94,3,,Standard Hinge,"TA714 4 1/2"" x 4"" C26D",,C26D,,,Satin chrome,,5,"[108.7, 126.1, 539.1, 134.5]",
4,,False,103,5,0.94,1,,Lockset,W511 P6 LAT/LAT 626/626 G,,626/626,,,,,5,"[108.7, 137.8, 548.0, 146.2]",
4,,False,103,5,0.94,1,,Wall Door Stop,63F-626E,,-626E,,,,,5,"[108.7, 149.6, 540.1, 158.0]",
4,,False,103,5,0.94,3,,Door Silencer,SR64 GRY,,GRY,,,Gray,,5,"[108.7, 161.4, 535.6, 169.8]",
5,,False,104,5,0.95,3,,Standard Hinge,"TA714 4 1/2"" x 4"" C26D",,C26D,,,Satin chrome,,5,"[108.7, 298.6, 539.1, 307.0]",
5,,False,104,5,0.95,1,,Lockset,T581 P6 LAT/LAT 626/626 G 23981152,,626/626,,,,,5,"[108.7, 310.4, 548.0, 318.8]",
5,,False,104,5,0.95,1,,Electric Strike,6400- 24VDC-630,,630,,,Satin stainless steel,,5,"[108.7, 322.2, 531.6, 330.6]",
5,,False,104,5,0.95,1,,Card Access,Card Reader & Fobs By Security Contractor,,,,,,,5,"[108.7, 333.9, 406.0, 342.3]",
5,,False,104,5,0.95,1,,Door Postion Switch,679-05HM,,,,,,,5,"[108.7, 345.6, 282.0, 354.0]",
5,,False,104,5,0.95,1,,Floor Door Stop,S102LF C26D,,C26D,,,Satin chrome,,5,"[108.7, 357.4, 539.1, 365.8]",
5,,False,104,5,0.95,3,,Door Silencer,SR64 GRY,,GRY,,,Gray,,5,"[108.7, 369.1, 535.6, 377.5]",
6,,False,105,5,0.94,3,,Standard Hinge,"TA714 4 1/2"" x 4"" C26D",,C26D,,,Satin chrome,,5,"[108.7, 506.4, 539.1, 514.8]",
6,,False,105,5,0.94,1,,Latchset,T101 LAT/LAT 626/626,,626/626,,,,,5,"[108.7, 518.2, 548.0, 526.6]",
6,,False,105,5,0.94,1,,Dead Lock,B660 P6 626/626 KD C Final Keying By Canada Post,,626/626,,,,,5,"[108.7, 529.9, 548.0, 550.1]",
6,,False,105,5,0.94,1,,Surface Closer,SC81A Rw/ PA 689,,689,,,Aluminum painted,,5,"[108.7, 553.5, 531.6, 561.9]",
6,,False,105,5,0.94,1,,Floor Door Stop,S102LF C26D,,C26D,,,Satin chrome,,5,"[108.7, 565.2, 539.1, 573.6]",
6,,False,105,5,0.94,3,,Door Silencer,SR64 GRY,,GRY,,,Gray,,5,"[108.7, 576.9, 535.6, 585.3]",
7,,False,106,6,0.95,3,,Standard Hinge,"TA786 5"" x 4 1/2"" C26D",,C26D,,,Satin chrome,,6,"[108.7, 126.1, 539.1, 134.5]",
7,,False,106,6,0.95,1,,Lockset,MA581 P LTG/LTG 626/626 g LH,,626/626,,,,,6,"[108.7, 137.8, 548.0, 146.2]",
7,,False,106,6,0.95,1,,Cylinder,"985 626 1 1/4"" G 6-Pin Open",,626,,,Satin chrome,,6,"[108.7, 149.6, 531.6, 158.0]",
7,,False,106,6,0.95,1,,Electric Strike,6400- 24VDC-630,,630,,,Satin stainless steel,,6,"[108.7, 161.4, 531.6, 169.8]",
7,,False,106,6,0.95,1,,Entry Phone,Visitor Entry Phone System By Security Contractor,,,,,,,6,"[108.7, 173.1, 430.6, 181.5]",
7,,False,106,6,0.95,1,,Door Postion Switch,679-05HM,,,,,,,6,"[108.7, 184.8, 282.0, 193.2]",
7,,False,106,6,0.95,1,,Auto Operator,Horton 4100 RHR Push Series,,US28,,,Satin aluminum,,6,"[108.7, 196.6, 538.6, 205.0]",
7,,False,106,6,0.95,2,,Actuator,8310-813,,,,,,,6,"[108.7, 208.3, 278.3, 216.7]",
7,,False,106,6,0.95,2,,Mounting Box,9530-18 628,,628,,,"Satin aluminum, clear anodized",,6,"[108.7, 220.1, 531.6, 228.5]",
7,,False,106,6,0.95,1,,Gasketing,W-22AL 1/965 x 2/2134,,,,,,,6,"[108.7, 231.9, 330.6, 240.3]",
7,,False,106,6,0.95,1,,Kick Plate,"8400 C32D 8"" x 36 1/2""",,C32D,,,Satin stainless,,6,"[108.7, 243.6, 539.1, 252.0]",
7,,False,106,6,0.95,1,,Schematic,Opening Schematic By Others,,,,,,,6,"[108.7, 255.3, 355.6, 263.7]",
8,,False,"107, 142",6,0.95,6,,Standard Hinge,"TA786 4 1/2"" x 4"" C26D",,C26D,,,Satin chrome,,6,"[108.7, 406.6, 539.1, 415.0]",
8,,False,"107, 142",6,0.95,2,,Exit Device,F-25-R-L-BE 626 510L-BE LAT 626 RHR 914 x 2134 Door,,626/626,,,,,6,"[108.7, 418.3, 548.0, 426.7]",
8,,False,"107, 142",6,0.95,2,,Surface Closer,SC81A Rw/ PA 689,,689,,,Aluminum painted,,6,"[108.7, 430.1, 531.6, 438.5]",
8,,False,"107, 142",6,0.95,2,,Overhead Door Stop,104S C26D,,C26D,,,Satin chrome,,6,"[108.7, 441.9, 539.1, 450.3]",
8,,False,"107, 142",6,0.95,2,,Kick Plate,8400 C32D 8x34,,C32D,,,Satin stainless,,6,"[108.7, 453.6, 539.1, 462.0]",
8,,False,"107, 142",6,0.95,6,,Door Silencer,SR64 GRY,,GRY,,,Gray,,6,"[108.7, 465.3, 535.6, 473.7]",
9,,False,"108, 117",7,0.95,12,,Standard Hinge,"TA2314 4 1/2"" x 4 1/2"" C32D NRP",,C32D,,,Satin stainless,,7,"[104.0, 140.1, 539.1, 148.5]",
9,,False,"108, 117",7,0.95,2,,Lockset,T561 P6 LAT/LAT 626/626 G 23981152,,626/626,,,,,7,"[108.7, 151.8, 548.0, 160.2]",
9,,False,"108, 117",7,0.95,2,,Flush Bolt,FB31P-12-MD C32D,,C32D,,,Satin stainless,,7,"[108.7, 163.5, 539.1, 171.9]",
9,,False,"108, 117",7,0.95,2,,Astragal,W-8SP x 2150mm,,,,,,,7,"[108.7, 175.3, 310.6, 183.7]",
9,,False,"108, 117",7,0.95,4,,Surface Closer,SC71A Rw/ PA 689,,689,,,Aluminum painted,,7,"[108.7, 187.0, 531.6, 195.4]",
9,,False,"108, 117",7,0.95,4,,Overhead Door Stop,104S C26D,,C26D,,,Satin chrome,,7,"[108.7, 198.8, 539.1, 207.2]",
9,,False,"108, 117",7,0.95,4,,Kick Plate,"8400 C32D 8"" x 36 1/2""",,C32D,,,Satin stainless,,7,"[108.7, 210.6, 539.1, 219.0]",
9,,False,"108, 117",7,0.95,2,,Weatherstripping,"W-2050S-CA x 76""",,CA,,,Clear anodized,,7,"[108.7, 222.3, 529.3, 230.7]",
9,,False,"108, 117",7,0.95,4,,Jamb Weatherstripping,"W-50S-CAx84"" Opening",,CA,,,Clear anodized,,7,"[108.7, 234.0, 529.3, 242.4]",
9,,False,"108, 117",7,0.95,2,,Threshold,"CT-65(Stock Size) x 76""",,,,,,,7,"[108.7, 245.8, 332.1, 254.2]",
10,,False,108A,7,0.95,6,,Standard Hinge,"TA714 4 1/2"" x 4"" C26D",,C26D,,,Satin chrome,,7,"[108.7, 383.1, 539.1, 391.5]",
10,,False,108A,7,0.95,1,,Lockset,T561 P6 LAT/LAT 626/626 G 23981152,,626/626,,,,,7,"[108.7, 394.8, 548.0, 403.2]",
10,,False,108A,7,0.95,1,,Flush Bolt,FB31P-12-MD C32D,,C32D,,,Satin stainless,,7,"[108.7, 406.6, 539.1, 415.0]",
10,,False,108A,7,0.95,1,,Astragal,W-8SP x 2150mm,,,,,,,7,"[108.7, 418.3, 310.6, 426.7]",
10,,False,108A,7,0.95,2,,Surface Closer,SC71A Rw/ PA 689,,689,,,Aluminum painted,,7,"[108.7, 430.1, 531.6, 438.5]",
10,,False,108A,7,0.95,2,,Overhead Door Stop,104S C26D ADJ,,C26D,,,Satin chrome,,7,"[108.7, 441.9, 539.1, 450.3]",
10,,False,108A,7,0.95,2,,Kick Plate,"8400 C32D 8"" x 36 1/2""",,C32D,,,Satin stainless,,7,"[108.7, 453.6, 539.1, 462.0]",
10,,False,108A,7,0.95,2,,Door Silencer,SR64 GRY,,GRY,,,Gray,,7,"[108.7, 465.3, 535.6, 473.7]",
11,,False,109,8,0.95,3,,Standard Hinge,"TA786 5"" x 4 1/2"" C26D",,C26D,,,Satin chrome,,8,"[108.7, 126.1, 539.1, 134.5]",
11,,False,109,8,0.95,1,,Lockset,MA581 P LTG/LTG 626/626 g RH,,626/626,,,,,8,"[108.7, 137.8, 548.0, 146.2]",
11,,False,109,8,0.95,1,,Cylinder,"985 626 1 1/4"" G 6-Pin Open",,626,,,Satin chrome,,8,"[108.7, 149.6, 531.6, 158.0]",
11,,False,109,8,0.95,1,,Electric Strike,6400- 24VDC-630,,630,,,Satin stainless steel,,8,"[108.7, 161.4, 531.6, 169.8]",
11,,False,109,8,0.95,1,,Entry Phone,Visitor Entry Phone System By Security Contractor,,,,,,,8,"[108.7, 173.1, 430.6, 181.5]",
11,,False,109,8,0.95,1,,Door Postion Switch,679-05HM,,,,,,,8,"[108.7, 184.8, 282.0, 193.2]",
11,,False,109,8,0.95,1,,Auto Operator,Horton 4100 LHR Push Series,,US28,,,Satin aluminum,,8,"[108.7, 196.6, 538.6, 205.0]",
11,,False,109,8,0.95,2,,Actuator,8310-813,,,,,,,8,"[108.7, 208.3, 278.3, 216.7]",
11,,False,109,8,0.95,2,,Mounting Box,9530-18 628,,628,,,"Satin aluminum, clear anodized",,8,"[108.7, 220.1, 531.6, 228.5]",
11,,False,109,8,0.95,1,,Gasketing,W-22AL 1/965 x 2/2134,,,,,,,8,"[108.7, 231.9, 330.6, 240.3]",
11,,False,109,8,0.95,1,,Kick Plate,"8400 C32D 8"" x 36 1/2""",,C32D,,,Satin stainless,,8,"[108.7, 243.6, 539.1, 252.0]",
11,,False,109,8,0.95,1,,Schematic,Opening Schematic By Others,,,,,,,8,"[108.7, 255.3, 355.6, 263.7]",
12,,False,109A,8,0.95,3,,Standard Hinge,"TA786 5"" x 4 1/2"" C26D",,C26D,,,Satin chrome,,8,"[108.7, 392.7, 539.1, 401.1]",
12,,False,109A,8,0.95,1,,Latchset,W101 LAT/LAT 626/626,,626/626,,,,,8,"[108.7, 404.4, 548.0, 412.8]",
12,,False,109A,8,0.95,1,,Electric Strike,6400- 24VDC-630,,630,,,Satin stainless steel,,8,"[108.7, 416.1, 531.6, 424.5]",
12,,False,109A,8,0.95,1,,Auto Operator,Horton 4100 RHR Push Series,,US28,,,Satin aluminum,,8,"[108.7, 427.9, 538.6, 436.3]",
12,,False,109A,8,0.95,2,,Actuator,8310-813,,,,,,,8,"[108.7, 439.6, 278.3, 448.0]",
12,,False,109A,8,0.95,2,,Mounting Box,9530-18 628,,628,,,"Satin aluminum, clear anodized",,8,"[108.7, 451.4, 531.6, 459.8]",
12,,False,109A,8,0.95,1,,Weatherstripping,"W-50S-CA x 38""x84"" Opening",,CA,,,Clear anodized,,8,"[108.7, 463.2, 529.3, 471.6]",
12,,False,109A,8,0.95,1,,Kick Plate,"8400 C32D 8"" x 36 1/2""",,C32D,,,Satin stainless,,8,"[108.7, 474.9, 539.1, 483.3]",
12,,False,109A,8,0.95,1,,Weatherstripping,"W-24S-CA x 38""",,CA,,,Clear anodized,,8,"[108.7, 486.6, 529.3, 495.0]",
12,,False,109A,8,0.95,1,,Threshold,"CT-65 x 38""",,,,,,,8,"[108.7, 498.4, 286.8, 506.8]",
13,,False,110,9,0.95,3,,Standard Hinge,"TA714 4 1/2"" x 4"" C26D",,C26D,,,Satin chrome,,9,"[108.7, 126.1, 539.1, 134.5]",
13,,False,110,9,0.95,1,,Lockset,W581 P6 LAT/LAT 626/626 G,,626/626,,,,,9,"[108.7, 137.8, 548.0, 146.2]",
13,,False,110,9,0.95,1,,Surface Closer,SC81A Rw/ PA 689,,689,,,Aluminum painted,,9,"[108.7, 149.6, 531.6, 158.0]",
13,,False,110,9,0.95,1,,Floor Door Stop,S102LF C26D,,C26D,,,Satin chrome,,9,"[108.7, 161.4, 539.1, 169.8]",
13,,False,110,9,0.95,1,,Weatherstripping,"W-50S-CA x 38""x84"" Opening",,CA,,,Clear anodized,,9,"[108.7, 173.1, 529.3, 181.5]",
13,,False,110,9,0.95,1,,Weatherstripping,"W-38S-CA x 38""",,CA,,,Clear anodized,,9,"[108.7, 184.8, 529.3, 193.2]",
13,,False,110,9,0.95,1,,Threshold,"CT-65 x 38""",,,,,,,9,"[108.7, 196.6, 286.8, 205.0]",
14,,False,111,9,0.95,3,,Standard Hinge,"TA714 4 1/2"" x 4"" C26D",,C26D,,,Satin chrome,,9,"[108.7, 333.9, 539.1, 342.3]",
14,,False,111,9,0.95,1,,Lockset,T581 P6 LAT/LAT 626/626 G 23981152,,626/626,,,,,9,"[108.7, 345.6, 548.0, 354.0]",
14,,False,111,9,0.95,1,,Surface Closer,SC81A Rw/ PA 689,,689,,,Aluminum painted,,9,"[108.7, 357.4, 531.6, 365.8]",
14,,False,111,9,0.95,1,,Floor Door Stop,S102LF C26D,,C26D,,,Satin chrome,,9,"[108.7, 369.1, 539.1, 377.5]",
14,,False,111,9,0.95,1,,Weatherstripping,"W-50S-CA x 38""x84"" Opening",,CA,,,Clear anodized,,9,"[108.7, 380.9, 529.3, 389.3]",
14,,False,111,9,0.95,1,,Weatherstripping,"W-38S-CA x 38""",,CA,,,Clear anodized,,9,"[108.7, 392.7, 529.3, 401.1]",
14,,False,111,9,0.95,1,,Threshold,"CT-65 x 38""",,,,,,,9,"[108.7, 404.4, 286.8, 412.8]",
15,,False,111A,9,0.95,6,,Standard Hinge,"TA2314 4 1/2"" x 4 1/2"" C32D NRP",,C32D,,,Satin stainless,,9,"[108.7, 541.7, 539.1, 550.1]",
15,,False,111A,9,0.95,1,,Lockset,T581 P6 LAT/LAT 626/626 G 23981152,,626/626,,,,,9,"[108.7, 553.5, 548.0, 561.9]",
15,,False,111A,9,0.95,1,,Flush Bolt,FB31P-12-MD C32D,,C32D,,,Satin stainless,,9,"[108.7, 565.2, 539.1, 573.6]",
15,,False,111A,9,0.95,1,,Astragal,W-8SP x 2150mm,,,,,,,9,"[108.7, 576.9, 310.6, 585.3]",
15,,False,111A,9,0.95,2,,Surface Closer,SC71A Rw/ PA 689,,689,,,Aluminum painted,,9,"[108.7, 588.7, 531.6, 597.1]",
15,,False,111A,9,0.95,2,,Overhead Door Stop,104S C26D,,C26D,,,Satin chrome,,9,"[108.7, 600.4, 539.1, 608.8]",
15,,False,111A,9,0.95,2,,Kick Plate,"8400 C32D 8"" x 36 1/2""",,C32D,,,Satin stainless,,9,"[108.7, 612.2, 539.1, 620.6]",
15,,False,111A,9,0.95,2,,Weatherstripping,"W-38S-CA x 38""",,CA,,,Clear anodized,,9,"[108.7, 624.0, 529.3, 632.4]",
15,,False,111A,9,0.95,1,,Weatherstripping,"W-2050S-CA x 76""",,CA,,,Clear anodized,,9,"[108.7, 635.7, 529.3, 644.1]",
15,,False,111A,9,0.95,2,,Jamb Weatherstripping,"W-50S-CAx84"" Opening",,CA,,,Clear anodized,,9,"[108.7, 647.4, 529.3, 655.8]",
15,,False,111A,9,0.95,1,,Threshold,"CT-65(Stock Size) x 76""",,,,,,,9,"[108.7, 659.2, 332.1, 667.6]",
16,,False,"112, 118, 133",10,0.96,9,,Standard Hinge,"T4A3386 5"" x 4 1/2"" C32D NRP",,C32D,,,Satin stainless,,10,"[108.7, 154.0, 539.1, 162.4]",
16,,False,"112, 118, 133",10,0.96,1,,Exit Device,F-25-R EO 630 LHR 914 x 2134 Door,,630,,,Satin stainless steel,,10,"[108.7, 165.7, 531.6, 174.1]",
16,,False,"112, 118, 133",10,0.96,2,,Exit Device,F-25-R EO 630 RHR 914 x 2134 Door,,630,,,Satin stainless steel,,10,"[108.7, 177.5, 531.6, 185.9]",
16,,False,"112, 118, 133",10,0.96,3,,Surface Closer,SC71A Rw/ PA 689,,689,,,Aluminum painted,,10,"[108.7, 189.3, 531.6, 197.7]",
16,,False,"112, 118, 133",10,0.96,3,,Kick Plate,8400 C32D 8x34,,C32D,,,Satin stainless,,10,"[108.7, 201.0, 539.1, 209.4]",
16,,False,"112, 118, 133",10,0.96,3,,Weatherstripping,"W-38S-CA x 36""",,CA,,,Clear anodized,,10,"[108.7, 212.7, 529.3, 221.1]",
16,,False,"112, 118, 133",10,0.96,3,,Weatherstripping,"W-2050S-CA x 36""",,CA,,,Clear anodized,,10,"[108.7, 224.5, 529.3, 232.9]",
16,,False,"112, 118, 133",10,0.96,6,,Jamb Weatherstripping,"W-50S-CAx84"" Opening",,CA,,,Clear anodized,,10,"[108.7, 236.2, 529.3, 244.6]",
16,,False,"112, 118, 133",10,0.96,3,,Threshold,"CT-65 x 38""",,,,,,,10,"[108.7, 248.0, 286.8, 256.4]",
17,,False,"113, P249, P349, P449, P549, P649, A712, A714, C713, C715, A812, A912, A1012, A1112, A1212, A1412, A1512, A1612, A1712, A1812, A1912, A2012, A2112, A2212, A2312, A2412, A2512, A2612, A2712, A813, A913, A1013, A1113, A1213, A1413, A1513, A1613, A1713, A1813, A1913, A2013, A2113, A2213, A2313, A2413, A2513, A2613, A2713, A2812, A2813, C813, C913, C1013, C1113, C1213, C1413, C1513, C1613, C814, C914, C1014, C1114, C1214, C1414, C1514, C1614, C1713, C1714","11, 12",0.95,204,,Standard Hinge,"TA786 4 1/2"" x 4"" C26D",,C26D,,,Satin chrome,,12,"[99.3, 391.2, 539.1, 399.6]",
17,,False,"113, P249, P349, P449, P549, P649, A712, A714, C713, C715, A812, A912, A1012, A1112, A1212, A1412, A1512, A1612, A1712, A1812, A1912, A2012, A2112, A2212, A2312, A2412, A2512, A2612, A2712, A813, A913, A1013, A1113, A1213, A1413, A1513, A1613, A1713, A1813, A1913, A2013, A2113, A2213, A2313, A2413, A2513, A2613, A2713, A2812, A2813, C813, C913, C1013, C1113, C1213, C1413, C1513, C1613, C814, C914, C1014, C1114, C1214, C1414, C1514, C1614, C1713, C1714","11, 12",0.95,68,,Exit Device,F-25-R-L-BE 626 510L-BE LAT 626 LHR 914 x 2134 Door,,626/626,,,,,12,"[104.0, 402.9, 548.0, 411.3]",
17,,False,"113, P249, P349, P449, P549, P649, A712, A714, C713, C715, A812, A912, A1012, A1112, A1212, A1412, A1512, A1612, A1712, A1812, A1912, A2012, A2112, A2212, A2312, A2412, A2512, A2612, A2712, A813, A913, A1013, A1113, A1213, A1413, A1513, A1613, A1713, A1813, A1913, A2013, A2113, A2213, A2313, A2413, A2513, A2613, A2713, A2812, A2813, C813, C913, C1013, C1113, C1213, C1413, C1513, C1613, C814, C914, C1014, C1114, C1214, C1414, C1514, C1614, C1713, C1714","11, 12",0.95,68,,Surface Closer,SC81A Rw/ PA 689,,689,,,Aluminum painted,,12,"[104.0, 414.6, 531.6, 423.0]",
17,,False,"113, P249, P349, P449, P549, P649, A712, A714, C713, C715, A812, A912, A1012, A1112, A1212, A1412, A1512, A1612, A1712, A1812, A1912, A2012, A2112, A2212, A2312, A2412, A2512, A2612, A2712, A813, A913, A1013, A1113, A1213, A1413, A1513, A1613, A1713, A1813, A1913, A2013, A2113, A2213, A2313, A2413, A2513, A2613, A2713, A2812, A2813, C813, C913, C1013, C1113, C1213, C1413, C1513, C1613, C814, C914, C1014, C1114, C1214, C1414, C1514, C1614, C1713, C1714","11, 12",0.95,68,,Wall Door Stop,S120 C26D,,C26D,,,Satin chrome,,12,"[104.0, 426.4, 539.1, 434.8]",
17,,False,"113, P249, P349, P449, P549, P649, A712, A714, C713, C715, A812, A912, A1012, A1112, A1212, A1412, A1512, A1612, A1712, A1812, A1912, A2012, A2112, A2212, A2312, A2412, A2512, A2612, A2712, A813, A913, A1013, A1113, A1213, A1413, A1513, A1613, A1713, A1813, A1913, A2013, A2113, A2213, A2313, A2413, A2513, A2613, A2713, A2812, A2813, C813, C913, C1013, C1113, C1213, C1413, C1513, C1613, C814, C914, C1014, C1114, C1214, C1414, C1514, C1614, C1713, C1714","11, 12",0.95,68,,Kick Plate,8400 C32D 8x34,,C32D,,,Satin stainless,,12,"[104.0, 438.1, 539.1, 446.5]",
17,,False,"113, P249, P349, P449, P549, P649, A712, A714, C713, C715, A812, A912, A1012, A1112, A1212, A1412, A1512, A1612, A1712, A1812, A1912, A2012, A2112, A2212, A2312, A2412, A2512, A2612, A2712, A813, A913, A1013, A1113, A1213, A1413, A1513, A1613, A1713, A1813, A1913, A2013, A2113, A2213, A2313, A2413, A2513, A2613, A2713, A2812, A2813, C813, C913, C1013, C1113, C1213, C1413, C1513, C1613, C814, C914, C1014, C1114, C1214, C1414, C1514, C1614, C1713, C1714","11, 12",0.95,204,,Door Silencer,SR64 GRY,,GRY,,,Gray,,12,"[99.3, 449.9, 535.6, 458.3]",
18,,False,"114, 114A",13,0.95,6,,Standard Hinge,"TA2314 4 1/2"" x 4 1/2"" C32D NRP",,C32D,,,Satin stainless,,13,"[108.7, 140.1, 539.1, 148.5]",
18,,False,"114, 114A",13,0.95,2,,Lockset,W581 P6 LAT/LAT 626/626 G,,626/626,,,,,13,"[108.7, 151.8, 548.0, 160.2]",
18,,False,"114, 114A",13,0.95,2,,Electric Strike,6400- 24VDC-630,,630,,,Satin stainless steel,,13,"[108.7, 163.5, 531.6, 171.9]",
18,,False,"114, 114A",13,0.95,2,,Card Access,Card Reader & Fobs By Security Contractor,,,,,,,13,"[108.7, 175.3, 406.0, 183.7]",
18,,False,"114, 114A",13,0.95,2,,Door Postion Switch,679-05HM,,,,,,,13,"[108.7, 187.0, 282.0, 195.4]",
18,,False,"114, 114A",13,0.95,2,,Surface Closer,SC81A Rw/ PA 689,,689,,,Aluminum painted,,13,"[108.7, 198.8, 531.6, 207.2]",
18,,False,"114, 114A",13,0.95,2,,Overhead Door Stop,104S C26D ADJ,,C26D,,,Satin chrome,,13,"[108.7, 210.6, 539.1, 219.0]",
18,,False,"114, 114A",13,0.95,2,,Weatherstripping,KN Crowder W-16S 1/965 x 2/2134,,CA,,,Clear anodized,,13,"[108.7, 222.3, 529.3, 230.7]",
18,,False,"114, 114A",13,0.95,2,,Weatherstripping,"W-38S-CA x 38""",,CA,,,Clear anodized,,13,"[108.7, 234.0, 529.3, 242.4]",
18,,False,"114, 114A",13,0.95,2,,Threshold,"CT-65 x 38""",,,,,,,13,"[108.7, 245.8, 286.8, 254.2]",
18,,False,"114, 114A",13,0.95,2,,Kick Plate,"8400 C32D 8"" x 36 1/2""",,C32D,,,Satin stainless,,13,"[108.7, 257.5, 539.1, 265.9]",
19,,False,115,13,0.95,1,,Continuous Hinge,"112XY-83"" C28",,C28,,,Clear anodized,,13,"[108.7, 394.8, 533.0, 403.2]",
19,,False,115,13,0.95,1,,Dead Lock,4531-35-101-628 - LH *Confirm Door Thickness,,628,,,"Satin aluminum, clear anodized",,13,"[108.7, 406.6, 531.6, 426.7]",
19,,False,115,13,0.95,1,,Push Paddle Trim,4590-02-00-628 *Confirm Door Thickness,,628,,,"Satin aluminum, clear anodized",,13,"[108.7, 430.1, 531.6, 450.3]",
19,,False,115,13,0.95,1,,Cylinder,"985 630 1 1/8"" G - Adams Rite MS CAM 6-Pin Open",,630,,,Satin stainless steel,,13,"[108.7, 453.6, 531.6, 462.0]",
19,,False,115,13,0.95,1,,Dead Lock,4600-MD-612-32D,,32D,,,Satin stainless,,13,"[108.7, 465.3, 533.0, 473.7]",
19,,False,115,13,0.95,1,,Electric Strike,7100-510-628-00,,628,,,"Satin aluminum, clear anodized",,13,"[108.7, 477.1, 531.6, 485.5]",
19,,False,115,13,0.95,1,,Auto Operator,Horton 4100 LH Pull Series,,US28,,,Satin aluminum,,13,"[108.7, 488.8, 538.6, 497.2]",
19,,False,115,13,0.95,2,,Actuator,8310-813,,,,,,,13,"[108.7, 500.6, 278.3, 509.0]",
19,,False,115,13,0.95,2,,Mounting Box,9530-18 628,,628,,,"Satin aluminum, clear anodized",,13,"[108.7, 512.4, 531.6, 520.8]",
19,,False,115,13,0.95,1,,Weatherstripping,Weatherstrip Set By Door Supplier,,CA,,,Clear anodized,,13,"[108.7, 524.1, 529.3, 532.5]",
19,,False,115,13,0.95,1,,Weatherstripping,"W-24S-CA x 38""",,CA,,,Clear anodized,,13,"[108.7, 535.8, 529.3, 544.2]",
19,,False,115,13,0.95,1,,Threshold,"CT-65 x 38""",,,,,,,13,"[108.7, 547.6, 286.8, 556.0]",
20,,False,116,14,0.95,3,,Standard Hinge,"TA786 5"" x 4 1/2"" C26D",,C26D,,,Satin chrome,,14,"[108.7, 126.1, 539.1, 134.5]",
20,,False,116,14,0.95,1,,Lockset,MA581 P LTG/LTG 626/626 g LH,,626/626,,,,,14,"[108.7, 137.8, 548.0, 146.2]",
20,,False,116,14,0.95,1,,Cylinder,"985 626 1 1/4"" G 6-Pin Open",,626,,,Satin chrome,,14,"[108.7, 149.6, 531.6, 158.0]",
20,,False,116,14,0.95,1,,Electric Strike,6400- 24VDC-630,,630,,,Satin stainless steel,,14,"[108.7, 161.4, 531.6, 169.8]",
20,,False,116,14,0.95,1,,Entry Phone,Visitor Entry Phone System By Security Contractor,,,,,,,14,"[108.7, 173.1, 430.6, 181.5]",
20,,False,116,14,0.95,1,,Door Postion Switch,679-05HM,,,,,,,14,"[108.7, 184.8, 282.0, 193.2]",
20,,False,116,14,0.95,1,,Auto Operator,Horton 4100 LH Pull Series,,US28,,,Satin aluminum,,14,"[108.7, 196.6, 538.6, 205.0]",
20,,False,116,14,0.95,2,,Actuator,8310-813,,,,,,,14,"[108.7, 208.3, 278.3, 216.7]",
20,,False,116,14,0.95,2,,Mounting Box,9530-18 628,,628,,,"Satin aluminum, clear anodized",,14,"[108.7, 220.1, 531.6, 228.5]",
20,,False,116,14,0.95,1,,Gasketing,W-22AL 1/965 x 2/2134,,,,,,,14,"[108.7, 231.9, 330.6, 240.3]",
20,,False,116,14,0.95,1,,Kick Plate,"8400 C32D 8"" x 36 1/2""",,C32D,,,Satin stainless,,14,"[108.7, 243.6, 539.1, 252.0]",
20,,False,116,14,0.95,1,,Schematic,Opening Schematic By Others,,,,,,,14,"[108.7, 255.3, 355.6, 263.7]",
21,,False,117A,14,0.95,3,,Standard Hinge,"TA714 4 1/2"" x 4"" C26D",,C26D,,,Satin chrome,,14,"[108.7, 392.7, 539.1, 401.1]",
21,,False,117A,14,0.95,1,,Lockset,W561 P6 LAT/LAT 626/626 G,,626/626,,,,,14,"[108.7, 404.4, 548.0, 412.8]",
21,,False,117A,14,0.95,1,,Surface Closer,SC81A Rw/ PA 689,,689,,,Aluminum painted,,14,"[108.7, 416.1, 531.6, 424.5]",
21,,False,117A,14,0.95,1,,Gasketing,W-22AL 1/965 x 2/2134,,,,,,,14,"[108.7, 427.9, 330.6, 436.3]",
21,,False,117A,14,0.95,1,,Kick Plate,"8400 C32D 8"" x 36 1/2""",,C32D,,,Satin stainless,,14,"[108.7, 439.6, 539.1, 448.0]",
22,,False,119,14,0.95,3,,Standard Hinge,"TA786 4 1/2"" x 4"" C26D",,C26D,,,Satin chrome,,14,"[108.7, 576.9, 539.1, 585.3]",
22,,False,119,14,0.95,1,,Exit Device,F-25-R-L-NL 626 510L-NL LAT 626 LHR 914 x 2134 Door,,626/626,,,,,14,"[108.7, 588.7, 548.0, 597.1]",
22,,False,119,14,0.95,1,,Electric Strike,6300- 24VDC-630,,630,,,Satin stainless steel,,14,"[108.7, 600.4, 531.6, 608.8]",
22,,False,119,14,0.95,1,,Card Access,Card Reader & Fobs By Security Contractor,,,,,,,14,"[108.7, 612.2, 406.0, 620.6]",
22,,False,119,14,0.95,1,,Door Postion Switch,679-05HM,,,,,,,14,"[108.7, 624.0, 282.0, 632.4]",
22,,False,119,14,0.95,1,,Surface Closer,SC81A Rw/ PA 689,,689,,,Aluminum painted,,14,"[108.7, 635.7, 531.6, 644.1]",
22,,False,119,14,0.95,1,,Wall Door Stop,S120 C26D,,C26D,,,Satin chrome,,14,"[108.7, 647.4, 539.1, 655.8]",
22,,False,119,14,0.95,1,,Kick Plate,8400 C32D 8x34,,C32D,,,Satin stainless,,14,"[108.7, 659.2, 539.1, 667.6]",
22,,False,119,14,0.95,3,,Door Silencer,SR64 GRY,,GRY,,,Gray,,14,"[108.7, 670.9, 535.6, 679.3]",
23,,False,120,15,0.95,3,,Standard Hinge,"TA786 5"" x 4 1/2"" C26D",,C26D,,,Satin chrome,,15,"[108.7, 140.1, 539.1, 148.5]",
23,,False,120,15,0.95,1,,Latchset,T101 LAT/LAT 626/626,,626/626,,,,,15,"[108.7, 151.8, 548.0, 160.2]",
23,,False,120,15,0.95,1,,Electric Strike,6400- 24VDC-630,,630,,,Satin stainless steel,,15,"[108.7, 163.5, 531.6, 171.9]",
23,,False,120,15,0.95,1,,Auto Operator,Horton 4100 RH Pull Series,,US28,,,Satin aluminum,,15,"[108.7, 175.3, 538.6, 183.7]",
23,,False,120,15,0.95,2,,Actuator,8310-813,,,,,,,15,"[108.7, 187.0, 278.3, 195.4]",
23,,False,120,15,0.95,2,,Mounting Box,9530-18 628,,628,,,"Satin aluminum, clear anodized",,15,"[108.7, 198.8, 531.6, 207.2]",
23,,False,120,15,0.95,1,,Gasketing,W-22AL 1/965 x 2/2134,,,,,,,15,"[108.7, 210.6, 330.6, 219.0]",
23,,False,120,15,0.95,1,,Kick Plate,"8400 C32D 8"" x 36 1/2""",,C32D,,,Satin stainless,,15,"[108.7, 222.3, 539.1, 230.7]",
23,,False,120,15,0.95,1,,Weatherstripping,"W-24S-CA x 38""",,CA,,,Clear anodized,,15,"[108.7, 234.0, 529.3, 242.4]",
24,,False,120A,15,0.95,3,,Standard Hinge,"TA2314 4 1/2"" x 4 1/2"" C32D NRP",,C32D,,,Satin stainless,,15,"[108.7, 371.4, 539.1, 379.8]",
24,,False,120A,15,0.95,1,,Exit Device,F-25-R-L-NL 626 510L-NL LAT 626 RHR 965 x 2134 Door,,626/626,,,,,15,"[108.7, 383.1, 548.0, 391.5]",
24,,False,120A,15,0.95,1,,Cylinder,"985 626 1 1/4"" G 6-Pin Open",,626,,,Satin chrome,,15,"[108.7, 394.8, 531.6, 403.2]",
24,,False,120A,15,0.95,1,,Surface Closer,SC71A Rw/ PA 689,,689,,,Aluminum painted,,15,"[108.7, 406.6, 531.6, 415.0]",
24,,False,120A,15,0.95,1,,Overhead Door Stop,104S C26D,,C26D,,,Satin chrome,,15,"[108.7, 418.3, 539.1, 426.7]",
24,,False,120A,15,0.95,1,,Kick Plate,"8400 C32D 8"" x 36 1/2""",,C32D,,,Satin stainless,,15,"[108.7, 430.1, 539.1, 438.5]",
24,,False,120A,15,0.95,1,,Weatherstripping,"W-2050S-CA x 38""",,CA,,,Clear anodized,,15,"[108.7, 441.9, 529.3, 450.3]",
24,,False,120A,15,0.95,2,,Jamb Weatherstripping,"W-50S-CAx84"" Opening",,CA,,,Clear anodized,,15,"[108.7, 453.6, 529.3, 462.0]",
24,,False,120A,15,0.95,1,,Weatherstripping,"W-38S-CA x 38""",,CA,,,Clear anodized,,15,"[108.7, 465.3, 529.3, 473.7]",
24,,False,120A,15,0.95,1,,Threshold,"CT-65 x 38""",,,,,,,15,"[108.7, 477.1, 286.8, 485.5]",
25,,False,120B,16,0.95,3,,Standard Hinge,"TA786 5"" x 4 1/2"" C26D",,C26D,,,Satin chrome,,16,"[108.7, 126.1, 539.1, 134.5]",
25,,False,120B,16,0.95,1,,Exit Device,F-25-R-L-NL 626 510L-NL LAT 626 LH 965 x 2134 Door,,626/626,,,,,16,"[108.7, 137.8, 548.0, 146.2]",
25,,False,120B,16,0.95,1,,Cylinder,"985 626 1 1/4"" G 6-Pin Open",,626,,,Satin chrome,,16,"[108.7, 149.6, 531.6, 158.0]",
25,,False,120B,16,0.95,1,,Magnetic Lock,Magnetic Lock - By Security Contractor,,,,,,,16,"[108.7, 161.4, 388.2, 169.8]",
25,,False,120B,16,0.95,1,,REX,Request To Exit By Security Division,,,,,,,16,"[108.7, 173.1, 377.6, 181.5]",
25,,False,120B,16,0.95,1,,Electric Strike,6300- 24VDC-630,,630,,,Satin stainless steel,,16,"[108.7, 184.8, 531.6, 193.2]",
25,,False,120B,16,0.95,1,,Card Access,Card Reader & Fobs By Security Contractor,,,,,,,16,"[108.7, 196.6, 406.0, 205.0]",
25,,False,120B,16,0.95,1,,Auto Operator,Horton 4100 RHR Push Series,,US28,,,Satin aluminum,,16,"[108.7, 208.3, 538.6, 216.7]",
25,,False,120B,16,0.95,2,,Actuator,8310-813,,,,,,,16,"[108.7, 220.1, 278.3, 228.5]",
25,,False,120B,16,0.95,2,,Mounting Box,9530-18 628,,628,,,"Satin aluminum, clear anodized",,16,"[108.7, 231.9, 531.6, 240.3]",
25,,False,120B,16,0.95,1,,Gasketing,W-22AL 1/965 x 2/2134,,,,,,,16,"[108.7, 243.6, 330.6, 252.0]",
25,,False,120B,16,0.95,1,,Kick Plate,"8400 C32D 8"" x 36 1/2""",,C32D,,,Satin stainless,,16,"[108.7, 255.3, 539.1, 263.7]",
26,,False,121,16,0.95,8,,Standard Hinge,"TA714 4 1/2"" x 4"" C26D",,C26D,,,Satin chrome,,16,"[108.7, 392.7, 539.1, 401.1]",
26,,False,121,16,0.95,1,,Lockset,W581 P6 LAT/LAT 626/626 G,,626/626,,,,,16,"[108.7, 404.4, 548.0, 412.8]",
26,,False,121,16,0.95,1,,Flush Bolt,FB31P-12-MD C32D,,C32D,,,Satin stainless,,16,"[108.7, 416.1, 539.1, 424.5]",
26,,False,121,16,0.95,1,,Weatherstripping,W-8SP x 8',,,,,,,16,"[108.7, 427.9, 284.2, 436.3]",
26,,False,121,16,0.95,2,,Surface Closer,SC81A Rw/ PA 689,,689,,,Aluminum painted,,16,"[108.7, 439.6, 531.6, 448.0]",
26,,False,121,16,0.95,2,,Floor Door Stop,S102LF C26D,,C26D,,,Satin chrome,,16,"[108.7, 451.4, 539.1, 459.8]",
26,,False,121,16,0.95,2,,Door Silencer,SR64 GRY,,GRY,,,Gray,,16,"[108.7, 463.2, 535.6, 471.6]",
27,,False,122,16,0.95,8,,Standard Hinge,"TA714 4 1/2"" x 4"" C26D",,C26D,,,Satin chrome,,16,"[108.7, 600.4, 539.1, 608.8]",
27,,False,122,16,0.95,1,,Lockset,W581 P6 LAT/LAT 626/626 G,,626/626,,,,,16,"[108.7, 612.2, 548.0, 620.6]",
27,,False,122,16,0.95,1,,Flush Bolt,FB31P-12-MD C32D,,C32D,,,Satin stainless,,16,"[108.7, 624.0, 539.1, 632.4]",
27,,False,122,16,0.95,1,,Weatherstripping,W-8SP x 8',,,,,,,16,"[108.7, 635.7, 284.2, 644.1]",
27,,False,122,16,0.95,2,,Surface Closer,SC81A Rw/ PA 689,,689,,,Aluminum painted,,16,"[108.7, 647.4, 531.6, 655.8]",
27,,False,122,16,0.95,2,,Floor Door Stop,S102LF C26D,,C26D,,,Satin chrome,,16,"[108.7, 659.2, 539.1, 667.6]",
27,,False,122,16,0.95,2,,Door Silencer,SR64 GRY,,GRY,,,Gray,,16,"[108.7, 670.9, 535.6, 679.3]",
28,,False,"123, 124, 139",17,0.95,6,,Continuous Hinge,"112XY-119"" C28",,C28,,,Clear anodized,,17,"[108.7, 168.0, 533.0, 176.4]",
28,,False,"123, 124, 139",17,0.95,3,,Lockset,T581 P6 LAT/LAT 626/626 G 23981152,,626/626,,,,,17,"[108.7, 179.7, 548.0, 188.1]",
28,,False,"123, 124, 139",17,0.95,3,,Flush Bolt,"FB31T-12-MD C32D 36""",,C32D,,,Satin stainless,,17,"[108.7, 191.4, 539.1, 199.8]",
28,,False,"123, 124, 139",17,0.95,3,,Flush Bolt,FB31B-12-MD C32D,,C32D,,,Satin stainless,,17,"[108.7, 203.2, 539.1, 211.6]",
28,,False,"123, 124, 139",17,0.95,3,,Z Astragal,Z Astragal Factory Applied By Door Manufacturer,,,,,,,17,"[108.7, 214.9, 425.2, 223.3]",
28,,False,"123, 124, 139",17,0.95,6,,Surface Closer,SC71A FA 689,,689,,,Aluminum painted,,17,"[108.7, 226.7, 531.6, 235.1]",
28,,False,"123, 124, 139",17,0.95,6,,Overhead Door Stop,105S C32D,,C32D,,,Satin stainless,,17,"[108.7, 238.5, 539.1, 246.9]",
28,,False,"123, 124, 139",17,0.95,6,,Kick Plate,8400 C32D 10x38,,C32D,,,Satin stainless,,17,"[108.7, 250.2, 539.1, 258.6]",
28,,False,"123, 124, 139",17,0.95,6,,Weatherstripping,"W-38S-CA x 40""",,CA,,,Clear anodized,,17,"[108.7, 261.9, 529.3, 270.3]",
28,,False,"123, 124, 139",17,0.95,3,,Weatherstripping,"W-2050S-CA x 78 3/4""x118 1/8"" Opening",,CA,,,Clear anodized,,17,"[108.7, 273.7, 529.3, 282.1]",
28,,False,"123, 124, 139",17,0.95,3,,Threshold,"CT-65 x 78 3/4""",,,,,,,17,"[108.7, 285.4, 300.9, 293.8]",
29,,False,"125, 126",17,0.95,4,,Continuous Hinge,"112XY-83"" C28",,C28,,,Clear anodized,,17,"[108.7, 436.7, 533.0, 445.1]",
29,,False,"125, 126",17,0.95,2,,Lockset,T581 P6 LAT/LAT 626/626 G 23981152,,626/626,,,,,17,"[108.7, 448.5, 548.0, 456.9]",
29,,False,"125, 126",17,0.95,2,,Flush Bolt,FB31P-12-MD C32D,,C32D,,,Satin stainless,,17,"[108.7, 460.2, 539.1, 468.6]",
29,,False,"125, 126",17,0.95,2,,Z Astragal,Z Astragal Factory Applied By Door Manufacturer,,,,,,,17,"[108.7, 471.9, 425.2, 480.3]",
29,,False,"125, 126",17,0.95,4,,Surface Closer,SC71A Rw/ PA 689,,689,,,Aluminum painted,,17,"[108.7, 483.7, 531.6, 492.1]",
29,,False,"125, 126",17,0.95,4,,Overhead Door Stop,105S C32D,,C32D,,,Satin stainless,,17,"[108.7, 495.4, 539.1, 503.8]",
29,,False,"125, 126",17,0.95,4,,Kick Plate,8400 C32D 10x38,,C32D,,,Satin stainless,,17,"[108.7, 507.2, 539.1, 515.6]",
29,,False,"125, 126",17,0.95,4,,Weatherstripping,"W-38S-CA x 40""",,CA,,,Clear anodized,,17,"[108.7, 519.0, 529.3, 527.4]",
29,,False,"125, 126",17,0.95,2,,Weatherstripping,"W-2050S-CA x 78 3/4""x84"" Opening",,CA,,,Clear anodized,,17,"[108.7, 530.7, 529.3, 539.1]",
29,,False,"125, 126",17,0.95,2,,Threshold,"CT-65 x 78 3/4""",,,,,,,17,"[108.7, 542.4, 300.9, 550.8]",
30,,False,127A,18,0.96,3,,Standard Hinge,"T4A3386 5"" x 4 1/2"" C32D NRP",,C32D,,,Satin stainless,,18,"[108.7, 126.1, 539.1, 134.5]",
30,,False,127A,18,0.96,1,,Exit Device,F-25-R EO 630 LHR 965 x 2134 Door,,630,,,Satin stainless steel,,18,"[108.7, 137.8, 531.6, 146.2]",
30,,False,127A,18,0.96,1,,Surface Closer,SC71A Rw/ PA 689,,689,,,Aluminum painted,,18,"[108.7, 149.6, 531.6, 158.0]",
30,,False,127A,18,0.96,1,,Overhead Door Stop,104S C26D,,C26D,,,Satin chrome,,18,"[108.7, 161.4, 539.1, 169.8]",
30,,False,127A,18,0.96,1,,Kick Plate,"8400 C32D 8"" x 36 1/2""",,C32D,,,Satin stainless,,18,"[108.7, 173.1, 539.1, 181.5]",
30,,False,127A,18,0.96,1,,Weatherstripping,"W-38S-CA x 38""",,CA,,,Clear anodized,,18,"[108.7, 184.8, 529.3, 193.2]",
30,,False,127A,18,0.96,1,,Weatherstripping,"W-2050S-CA x 38""",,CA,,,Clear anodized,,18,"[108.7, 196.6, 529.3, 205.0]",
30,,False,127A,18,0.96,2,,Jamb Weatherstripping,"W-50S-CAx84"" Opening",,CA,,,Clear anodized,,18,"[108.7, 208.3, 529.3, 216.7]",
30,,False,127A,18,0.96,1,,Threshold,"CT-65 x 38""",,,,,,,18,"[108.7, 220.1, 286.8, 228.5]",
31,,False,127,18,0.96,3,,Standard Hinge,"TA786 5"" x 4 1/2"" C26D",,C26D,,,Satin chrome,,18,"[108.7, 357.4, 539.1, 365.8]",
31,,False,127,18,0.96,1,,Exit Device,F-25-R EO 630 LHR 965 x 2134 Door,,630,,,Satin stainless steel,,18,"[108.7, 369.1, 531.6, 377.5]",
31,,False,127,18,0.96,1,,Surface Closer,SC71A Rw/ PA 689,,689,,,Aluminum painted,,18,"[108.7, 380.9, 531.6, 389.3]",
31,,False,127,18,0.96,1,,Overhead Door Stop,104S C26D,,C26D,,,Satin chrome,,18,"[108.7, 392.7, 539.1, 401.1]",
31,,False,127,18,0.96,1,,Kick Plate,"8400 C32D 8"" x 36 1/2""",,C32D,,,Satin stainless,,18,"[108.7, 404.4, 539.1, 412.8]",
31,,False,127,18,0.96,1,,Weatherstripping,"W-2050S-CA x 38""",,CA,,,Clear anodized,,18,"[108.7, 416.1, 529.3, 424.5]",
31,,False,127,18,0.96,2,,Jamb Weatherstripping,"W-50S-CAx84"" Opening",,CA,,,Clear anodized,,18,"[108.7, 427.9, 529.3, 436.3]",
31,,False,127,18,0.96,1,,Threshold,"CT-65 x 38""",,,,,,,18,"[108.7, 439.6, 286.8, 448.0]",
32,,False,128,19,0.95,3,,Standard Hinge,"TA786 4 1/2"" x 4"" C26D",,C26D,,,Satin chrome,,19,"[108.7, 126.1, 539.1, 134.5]",
32,,False,128,19,0.95,1,,Exit Device,F-25-R-L-BE 626 510L-BE LAT 626 RHR 965 x 2134 Door,,626/626,,,,,19,"[108.7, 137.8, 548.0, 146.2]",
32,,False,128,19,0.95,1,,Electric Strike,6300- 24VDC-630,,630,,,Satin stainless steel,,19,"[108.7, 149.6, 531.6, 158.0]",
32,,False,128,19,0.95,1,,Card Access,Card Reader & Fobs By Security Contractor,,,,,,,19,"[108.7, 161.4, 406.0, 169.8]",
32,,False,128,19,0.95,1,,Door Postion Switch,679-05HM,,,,,,,19,"[108.7, 173.1, 282.0, 181.5]",
32,,False,128,19,0.95,1,,Surface Closer,SC71A Rw/ PA 689,,689,,,Aluminum painted,,19,"[108.7, 184.8, 531.6, 193.2]",
32,,False,128,19,0.95,1,,Overhead Door Stop,104S C26D,,C26D,,,Satin chrome,,19,"[108.7, 196.6, 539.1, 205.0]",
32,,False,128,19,0.95,1,,Gasketing,W-22AL 1/965 x 2/2134,,,,,,,19,"[108.7, 208.3, 330.6, 216.7]",
32,,False,128,19,0.95,1,,Kick Plate,"8400 C32D 8"" x 36 1/2""",,C32D,,,Satin stainless,,19,"[108.7, 220.1, 539.1, 228.5]",
32,,False,128,19,0.95,1,,Threshold,"CT-65 x 38""",,,,,,,19,"[108.7, 231.9, 286.8, 240.3]",
33,,False,129,19,0.95,3,,Standard Hinge,"TA714 4 1/2"" x 4"" C26D",,C26D,,,Satin chrome,,19,"[108.7, 392.1, 539.1, 400.5]",
33,,False,129,19,0.95,1,,Lockset,W581 P6 LAT/LAT 626/626 G,,626/626,,,,,19,"[108.7, 403.9, 548.0, 412.3]",
33,,False,129,19,0.95,1,,Electric Strike,6400- 24VDC-630,,630,,,Satin stainless steel,,19,"[108.7, 415.6, 531.6, 424.0]",
33,,False,129,19,0.95,1,,Card Access,Card Reader & Fobs By Security Contractor,,,,,,,19,"[108.7, 427.4, 406.0, 435.8]",
33,,False,129,19,0.95,1,,Door Postion Switch,679-05HM,,,,,,,19,"[108.7, 439.2, 282.0, 447.6]",
33,,False,129,19,0.95,1,,Surface Closer,SC81A Rw/ PA 689,,689,,,Aluminum painted,,19,"[108.7, 450.9, 531.6, 459.3]",
33,,False,129,19,0.95,1,,Wall Door Stop,S120 C26D,,C26D,,,Satin chrome,,19,"[108.7, 462.6, 539.1, 471.0]",
33,,False,129,19,0.95,1,,Gasketing,W-22AL 1/965 x 2/2134,,,,,,,19,"[108.7, 474.4, 330.6, 482.8]",
33,,False,129,19,0.95,1,,Kick Plate,"8400 C32D 8"" x 36 1/2""",,C32D,,,Satin stainless,,19,"[108.7, 486.1, 539.1, 494.5]",
34,,False,130,20,0.95,1,,Continuous Hinge,"112XY-83"" C28 EPT @ 42"" Top Down",,C28,,,Clear anodized,,20,"[108.7, 163.0, 533.0, 183.2]",
34,,False,130,20,0.95,1,,Continuous Hinge,"112XY-83"" C28",,C28,,,Clear anodized,,20,"[108.7, 186.6, 533.0, 195.0]",
34,,False,130,20,0.95,1,,Accessory,EPT-10-689,,689,,,Aluminum painted,,20,"[108.7, 198.3, 531.6, 206.7]",
34,,False,130,20,0.95,1,,Electrified Exit Device,RX-MEL-24-R-C 630 718C 626 LHR 4' LENGTH CON 965 x 2134 Door,,626/630,,,,,20,"[108.7, 210.0, 548.0, 218.4]",
34,,False,130,20,0.95,1,,Exit Device,24-R L 630 RHR 4' LENGTH 965 x 2134 Door,,630,,,Satin stainless steel,,20,"[108.7, 221.8, 531.6, 230.2]",
34,,False,130,20,0.95,1,,Cylinder,"951 626 1 1/4"" G 6-Pin Open",,626,,,Satin chrome,,20,"[108.7, 233.5, 531.6, 241.9]",
34,,False,130,20,0.95,1,,Removable Mullion,"KR-4023 689 84 17/32""",,689,,,Aluminum painted,,20,"[108.7, 245.3, 531.6, 253.7]",
34,,False,130,20,0.95,1,,Cylinder,"985 626 1 1/4"" G 6-Pin Open",,626,,,Satin chrome,,20,"[108.7, 257.1, 531.6, 265.5]",
34,,False,130,20,0.95,2,,Door Pull,8145EZHD-18 C32D-316,,C32D-316,,,,,20,"[108.7, 268.8, 555.9, 277.2]",
34,,False,130,20,0.95,1,,Card Access,Card Reader & Fobs By Security Contractor,,,,,,,20,"[108.7, 280.5, 406.0, 288.9]",
34,,False,130,20,0.95,2,,Overhead Door Stop,104S C26D,,C26D,,,Satin chrome,,20,"[108.7, 292.3, 539.1, 300.7]",
34,,False,130,20,0.95,1,,Surface Closer,SC71A Rw/ PA 689 SC70A-18,,689,,,Aluminum painted,,20,"[108.7, 304.0, 531.6, 312.4]",
34,,False,130,20,0.95,1,,Auto Operator,Horton 4100 LHR Push Series,,US28,,,Satin aluminum,,20,"[108.7, 315.8, 538.6, 324.2]",
34,,False,130,20,0.95,2,,Actuator,8310-813,,,,,,,20,"[108.7, 327.6, 278.3, 336.0]",
34,,False,130,20,0.95,2,,Mounting Box,9530-18 628,,628,,,"Satin aluminum, clear anodized",,20,"[108.7, 339.3, 531.6, 347.7]",
34,,False,130,20,0.95,1,,Weatherstripping,Weatherstrip Set By Door Supplier,,CA,,,Clear anodized,,20,"[108.7, 351.0, 529.3, 359.4]",
34,,False,130,20,0.95,1,,Threshold,"CT-65(Stock Size) x 76""",,,,,,,20,"[108.7, 362.8, 332.1, 371.2]",
34,,False,130,20,0.95,2,,Door Postion Switch,679-05HM,,,,,,,20,"[108.7, 374.5, 282.0, 382.9]",
34,,False,130,20,0.95,1,,Schematic,Opening Schematic By Others,,,,,,,20,"[108.7, 386.3, 355.6, 394.7]",
34,,False,130,20,0.95,1,,,Power Supply - By Security Contractor,,,,,,,20,"[108.7, 398.1, 385.6, 406.5]",
35,,False,131,21,0.95,3,,Standard Hinge,"TA786 5"" x 4 1/2"" C26D",,C26D,,,Satin chrome,,21,"[108.7, 126.1, 539.1, 134.5]",
35,,False,131,21,0.95,1,,Lockset,MA581 P LTG/LTG 626/626 g RHR,,626/626,,,,,21,"[108.7, 137.8, 548.0, 146.2]",
35,,False,131,21,0.95,1,,Cylinder,"985 626 1 1/4"" G 6-Pin Open",,626,,,Satin chrome,,21,"[108.7, 149.6, 531.6, 158.0]",
35,,False,131,21,0.95,1,,Electric Strike,6400- 24VDC-630,,630,,,Satin stainless steel,,21,"[108.7, 161.4, 531.6, 169.8]",
35,,False,131,21,0.95,1,,Entry Phone,Visitor Entry Phone System By Security Contractor,,,,,,,21,"[108.7, 173.1, 430.6, 181.5]",
35,,False,131,21,0.95,1,,Door Postion Switch,679-05HM,,,,,,,21,"[108.7, 184.8, 282.0, 193.2]",
35,,False,131,21,0.95,1,,Auto Operator,Horton 4100 LH Pull Series,,US28,,,Satin aluminum,,21,"[108.7, 196.6, 538.6, 205.0]",
35,,False,131,21,0.95,2,,Actuator,8310-813,,,,,,,21,"[108.7, 208.3, 278.3, 216.7]",
35,,False,131,21,0.95,2,,Mounting Box,9530-18 628,,628,,,"Satin aluminum, clear anodized",,21,"[108.7, 220.1, 531.6, 228.5]",
35,,False,131,21,0.95,1,,Gasketing,W-22AL 1/965 x 2/2134,,,,,,,21,"[108.7, 231.9, 330.6, 240.3]",
35,,False,131,21,0.95,1,,Kick Plate,"8400 C32D 8"" x 36 1/2""",,C32D,,,Satin stainless,,21,"[108.7, 243.6, 539.1, 252.0]",
35,,False,131,21,0.95,1,,Schematic,Opening Schematic By Others,,,,,,,21,"[108.7, 255.3, 355.6, 263.7]",
36,,False,132,21,0.95,6,,Standard Hinge,"TA714 4 1/2"" x 4"" C26D",,C26D,,,Satin chrome,,21,"[108.7, 392.7, 539.1, 401.1]",
36,,False,132,21,0.95,1,,Lockset,T561 P6 LAT/LAT 626/626 G 23981152,,626/626,,,,,21,"[108.7, 404.4, 548.0, 412.8]",
36,,False,132,21,0.95,1,,Flush Bolt,FB31P-12-MD C32D,,C32D,,,Satin stainless,,21,"[108.7, 416.1, 539.1, 424.5]",
36,,False,132,21,0.95,1,,Astragal,W-8SP x 2150mm,,,,,,,21,"[108.7, 427.9, 310.6, 436.3]",
36,,False,132,21,0.95,2,,Surface Closer,SC81A Rw/ PA 689,,689,,,Aluminum painted,,21,"[108.7, 439.6, 531.6, 448.0]",
36,,False,132,21,0.95,2,,Overhead Door Holder,104H C26D,,C26D,,,Satin chrome,,21,"[108.7, 451.4, 539.1, 459.8]",
36,,False,132,21,0.95,2,,Kick Plate,"8400 C32D 8"" x 36 1/2""",,C32D,,,Satin stainless,,21,"[108.7, 463.2, 539.1, 471.6]",
36,,False,132,21,0.95,2,,Door Silencer,SR64 GRY,,GRY,,,Gray,,21,"[108.7, 474.9, 535.6, 483.3]",
37,,False,132A,22,0.95,6,,Standard Hinge,"TA2314 4 1/2"" x 4 1/2"" C32D NRP",,C32D,,,Satin stainless,,22,"[108.7, 126.1, 539.1, 134.5]",
37,,False,132A,22,0.95,1,,Lockset,T581 P6 LAT/LAT 626/626 G 23981152,,626/626,,,,,22,"[108.7, 137.8, 548.0, 146.2]",
37,,False,132A,22,0.95,1,,Flush Bolt,FB31P-12-MD C32D,,C32D,,,Satin stainless,,22,"[108.7, 149.6, 539.1, 158.0]",
37,,False,132A,22,0.95,1,,Z Astragal,Z Astragal Factory Applied By Door Manufacturer,,,,,,,22,"[108.7, 161.4, 425.2, 169.8]",
37,,False,132A,22,0.95,2,,Surface Closer,SC71A Rw/ PA 689,,689,,,Aluminum painted,,22,"[108.7, 173.1, 531.6, 181.5]",
37,,False,132A,22,0.95,2,,Overhead Door Holder,104H C26D,,C26D,,,Satin chrome,,22,"[108.7, 184.8, 539.1, 193.2]",
37,,False,132A,22,0.95,2,,Kick Plate,"8400 C32D 8"" x 36 1/2""",,C32D,,,Satin stainless,,22,"[108.7, 196.6, 539.1, 205.0]",
37,,False,132A,22,0.95,2,,Weatherstripping,"W-38S-CA x 38""",,CA,,,Clear anodized,,22,"[108.7, 208.3, 529.3, 216.7]",
37,,False,132A,22,0.95,1,,Weatherstripping,"W-2050S-CA x 76""",,CA,,,Clear anodized,,22,"[108.7, 220.1, 529.3, 228.5]",
37,,False,132A,22,0.95,2,,Jamb Weatherstripping,"W-50S-CAx84"" Opening",,CA,,,Clear anodized,,22,"[108.7, 231.9, 529.3, 240.3]",
37,,False,132A,22,0.95,1,,Threshold,"CT-65(Stock Size) x 76""",,,,,,,22,"[108.7, 243.6, 332.1, 252.0]",
38,,False,134,22,0.95,3,,Standard Hinge,"TA714 4 1/2"" x 4"" C26D",,C26D,,,Satin chrome,,22,"[108.7, 380.9, 539.1, 389.3]",
38,,False,134,22,0.95,1,,Lockset,W561 P6 LAT/LAT 626/626 G,,626/626,,,,,22,"[108.7, 392.7, 548.0, 401.1]",
38,,False,134,22,0.95,1,,Surface Closer,SC81A Rw/ PA 689,,689,,,Aluminum painted,,22,"[108.7, 404.4, 531.6, 412.8]",
38,,False,134,22,0.95,1,,Wall Door Stop,S120 C26D,,C26D,,,Satin chrome,,22,"[108.7, 416.1, 539.1, 424.5]",
38,,False,134,22,0.95,1,,Gasketing,W-22AL 1/965 x 2/2134,,,,,,,22,"[108.7, 427.9, 330.6, 436.3]",
38,,False,134,22,0.95,1,,Kick Plate,"8400 C32D 8"" x 36 1/2""",,C32D,,,Satin stainless,,22,"[108.7, 439.6, 539.1, 448.0]",
39,,False,135,22,0.95,3,,Standard Hinge,"TA714 4 1/2"" x 4"" C26D",,C26D,,,Satin chrome,,22,"[108.7, 576.9, 539.1, 585.3]",
39,,False,135,22,0.95,1,,Lockset,W581 P6 LAT/LAT 626/626 G,,626/626,,,,,22,"[108.7, 588.7, 548.0, 597.1]",
39,,False,135,22,0.95,1,,Surface Closer,SC81A Rw/ PA 689,,689,,,Aluminum painted,,22,"[108.7, 600.4, 531.6, 608.8]",
39,,False,135,22,0.95,1,,Wall Door Stop,S120 C26D,,C26D,,,Satin chrome,,22,"[108.7, 612.2, 539.1, 620.6]",
39,,False,135,22,0.95,1,,Gasketing,W-22AL 1/965 x 2/2134,,,,,,,22,"[108.7, 624.0, 330.6, 632.4]",
39,,False,135,22,0.95,1,,Kick Plate,"8400 C32D 8"" x 36 1/2""",,C32D,,,Satin stainless,,22,"[108.7, 635.7, 539.1, 644.1]",
40,,False,136,23,0.95,3,,Standard Hinge,"TA786 5"" x 4 1/2"" C26D",,C26D,,,Satin chrome,,23,"[108.7, 126.1, 539.1, 134.5]",
40,,False,136,23,0.95,1,,Lockset,MA581 P LTG/LTG 626/626 g RH,,626/626,,,,,23,"[108.7, 137.8, 548.0, 146.2]",
40,,False,136,23,0.95,1,,Cylinder,"985 626 1 1/4"" G 6-Pin Open",,626,,,Satin chrome,,23,"[108.7, 149.6, 531.6, 158.0]",
40,,False,136,23,0.95,1,,Electric Strike,6400- 24VDC-630,,630,,,Satin stainless steel,,23,"[108.7, 161.4, 531.6, 169.8]",
40,,False,136,23,0.95,1,,Entry Phone,Visitor Entry Phone System By Security Contractor,,,,,,,23,"[108.7, 173.1, 430.6, 181.5]",
40,,False,136,23,0.95,1,,Door Postion Switch,679-05HM,,,,,,,23,"[108.7, 184.8, 282.0, 193.2]",
40,,False,136,23,0.95,1,,Auto Operator,Horton 4100 RH Pull Series,,US28,,,Satin aluminum,,23,"[108.7, 196.6, 538.6, 205.0]",
40,,False,136,23,0.95,2,,Actuator,8310-813,,,,,,,23,"[108.7, 208.3, 278.3, 216.7]",
40,,False,136,23,0.95,2,,Mounting Box,9530-18 628,,628,,,"Satin aluminum, clear anodized",,23,"[108.7, 220.1, 531.6, 228.5]",
40,,False,136,23,0.95,1,,Gasketing,W-22AL 1/965 x 2/2134,,,,,,,23,"[108.7, 231.9, 330.6, 240.3]",
40,,False,136,23,0.95,1,,Kick Plate,"8400 C32D 8"" x 36 1/2""",,C32D,,,Satin stainless,,23,"[108.7, 243.6, 539.1, 252.0]",
40,,False,136,23,0.95,1,,Schematic,Opening Schematic By Others,,,,,,,23,"[108.7, 255.3, 355.6, 263.7]",
41,,False,136A,23,0.95,3,,Standard Hinge,"TA786 5"" x 4 1/2"" C26D",,C26D,,,Satin chrome,,23,"[108.7, 392.7, 539.1, 401.1]",
41,,False,136A,23,0.95,1,,Latchset,W101 LAT/LAT 626/626,,626/626,,,,,23,"[108.7, 404.4, 548.0, 412.8]",
41,,False,136A,23,0.95,1,,Electric Strike,6400- 24VDC-630,,630,,,Satin stainless steel,,23,"[108.7, 416.1, 531.6, 424.5]",
41,,False,136A,23,0.95,1,,Auto Operator,Horton 4100 RHR Push Series,,US28,,,Satin aluminum,,23,"[108.7, 427.9, 538.6, 436.3]",
41,,False,136A,23,0.95,2,,Actuator,8310-813,,,,,,,23,"[108.7, 439.6, 278.3, 448.0]",
41,,False,136A,23,0.95,2,,Mounting Box,9530-18 628,,628,,,"Satin aluminum, clear anodized",,23,"[108.7, 451.4, 531.6, 459.8]",
41,,False,136A,23,0.95,1,,Weatherstripping,"W-50S-CA x 38""x84"" Opening",,CA,,,Clear anodized,,23,"[108.7, 463.2, 529.3, 471.6]",
41,,False,136A,23,0.95,1,,Kick Plate,"8400 C32D 8"" x 36 1/2""",,C32D,,,Satin stainless,,23,"[108.7, 474.9, 539.1, 483.3]",
41,,False,136A,23,0.95,1,,Weatherstripping,"W-24S-CA x 38""",,CA,,,Clear anodized,,23,"[108.7, 486.6, 529.3, 495.0]",
41,,False,136A,23,0.95,1,,Threshold,"CT-65 x 38""",,,,,,,23,"[108.7, 498.4, 286.8, 506.8]",
42,,False,137,24,0.95,3,,Standard Hinge,"T2714 5"" x 4 1/2"" C26D",,C26D,,,Satin chrome,,24,"[108.7, 126.1, 539.1, 134.5]",
42,,False,137,24,0.95,1,,Lockset,T581 P6 LAT/LAT 626/626 G 23981152,,626/626,,,,,24,"[108.7, 137.8, 548.0, 146.2]",
42,,False,137,24,0.95,1,,Surface Closer,SC81A Rw/ PA 689,,689,,,Aluminum painted,,24,"[108.7, 149.6, 531.6, 158.0]",
42,,False,137,24,0.95,1,,Wall Door Stop,S120 C26D,,C26D,,,Satin chrome,,24,"[108.7, 161.4, 539.1, 169.8]",
42,,False,137,24,0.95,1,,Gasketing,W-22AL 1/965 x 2/2134,,,,,,,24,"[108.7, 173.1, 330.6, 181.5]",
42,,False,137,24,0.95,1,,Kick Plate,"8400 C32D 8"" x 36 1/2""",,C32D,,,Satin stainless,,24,"[108.7, 184.8, 539.1, 193.2]",
43,,False,137A,24,0.95,6,,Standard Hinge,"TA2314 4 1/2"" x 4 1/2"" C32D NRP",,C32D,,,Satin stainless,,24,"[108.7, 322.2, 539.1, 330.6]",
43,,False,137A,24,0.95,1,,Lockset,T581 P6 LAT/LAT 626/626 G 23981152,,626/626,,,,,24,"[108.7, 333.9, 548.0, 342.3]",
43,,False,137A,24,0.95,1,,Flush Bolt,FB31P-12-MD C32D,,C32D,,,Satin stainless,,24,"[108.7, 345.6, 539.1, 354.0]",
43,,False,137A,24,0.95,1,,Astragal,W-8SP x 2150mm,,,,,,,24,"[108.7, 357.4, 310.6, 365.8]",
43,,False,137A,24,0.95,2,,Surface Closer,SC71A Rw/ PA 689,,689,,,Aluminum painted,,24,"[108.7, 369.1, 531.6, 377.5]",
43,,False,137A,24,0.95,2,,Overhead Door Stop,104S C26D,,C26D,,,Satin chrome,,24,"[108.7, 380.9, 539.1, 389.3]",
43,,False,137A,24,0.95,2,,Kick Plate,"8400 C32D 8"" x 36 1/2""",,C32D,,,Satin stainless,,24,"[108.7, 392.7, 539.1, 401.1]",
43,,False,137A,24,0.95,2,,Weatherstripping,"W-38S-CA x 38""",,CA,,,Clear anodized,,24,"[108.7, 404.4, 529.3, 412.8]",
43,,False,137A,24,0.95,1,,Weatherstripping,"W-2050S-CA x 76""",,CA,,,Clear anodized,,24,"[108.7, 416.1, 529.3, 424.5]",
43,,False,137A,24,0.95,2,,Jamb Weatherstripping,"W-50S-CAx84"" Opening",,CA,,,Clear anodized,,24,"[108.7, 427.9, 529.3, 436.3]",
43,,False,137A,24,0.95,1,,Threshold,"CT-65(Stock Size) x 76""",,,,,,,24,"[108.7, 439.6, 332.1, 448.0]",
44,,False,140,24,0.95,3,,Standard Hinge,"T4A3386 5"" x 4 1/2"" C32D NRP",,C32D,,,Satin stainless,,24,"[108.7, 576.9, 539.1, 585.3]",
44,,False,140,24,0.95,1,,Exit Device,25-R-L-NL 622 510L-NL LAT 626 LHR 965 x 2134 Door,,626/622,,,,,24,"[108.7, 588.7, 548.0, 597.1]",
44,,False,140,24,0.95,1,,Cylinder,"985 626 1 1/4"" G 6-Pin Open",,626,,,Satin chrome,,24,"[108.7, 600.4, 531.6, 608.8]",
44,,False,140,24,0.95,1,,Surface Closer,SC71A Rw/ PA 689,,689,,,Aluminum painted,,24,"[108.7, 612.2, 531.6, 620.6]",
44,,False,140,24,0.95,1,,Weatherstripping,"W-50S-CA x 38""x84"" Opening",,CA,,,Clear anodized,,24,"[108.7, 624.0, 529.3, 632.4]",
44,,False,140,24,0.95,1,,Weatherstripping,"W-38S-CA x 38""",,CA,,,Clear anodized,,24,"[108.7, 635.7, 529.3, 644.1]",
44,,False,140,24,0.95,1,,Threshold,"CT-45 x 38""",,,,,,,24,"[108.7, 647.4, 286.8, 655.8]",
45,,False,140A,25,0.95,3,,Standard Hinge,"TA786 4 1/2"" x 4"" C26D",,C26D,,,Satin chrome,,25,"[108.7, 126.1, 539.1, 134.5]",
45,,False,140A,25,0.95,1,,Exit Device,F-25-R-L-BE 626 510L-BE LAT 626 RHR 965 x 2134 Door,,626/626,,,,,25,"[108.7, 137.8, 548.0, 146.2]",
45,,False,140A,25,0.95,1,,Surface Closer,SC81A Rw/ PA 689,,689,,,Aluminum painted,,25,"[108.7, 149.6, 531.6, 158.0]",
45,,False,140A,25,0.95,1,,Overhead Door Stop,104S C26D,,C26D,,,Satin chrome,,25,"[108.7, 161.4, 539.1, 169.8]",
45,,False,140A,25,0.95,1,,Kick Plate,"8400 C32D 8"" x 36 1/2""",,C32D,,,Satin stainless,,25,"[108.7, 173.1, 539.1, 181.5]",
45,,False,140A,25,0.95,3,,Door Silencer,SR64 GRY,,GRY,,,Gray,,25,"[108.7, 184.8, 535.6, 193.2]",
46,,False,141,25,0.96,3,,Standard Hinge,"TA786 5"" x 4 1/2"" C26D",,C26D,,,Satin chrome,,25,"[108.7, 322.2, 539.1, 330.6]",
46,,False,141,25,0.96,1,,Exit Device,F-25-R EO 630 RHR 965 x 2134 Door,,630,,,Satin stainless steel,,25,"[108.7, 333.9, 531.6, 342.3]",
46,,False,141,25,0.96,1,,Surface Closer,SC81A Rw/ PA 689,,689,,,Aluminum painted,,25,"[108.7, 345.6, 531.6, 354.0]",
46,,False,141,25,0.96,1,,Overhead Door Stop,104S C26D,,C26D,,,Satin chrome,,25,"[108.7, 357.4, 539.1, 365.8]",
46,,False,141,25,0.96,1,,Kick Plate,"8400 C32D 8"" x 36 1/2""",,C32D,,,Satin stainless,,25,"[108.7, 369.1, 539.1, 377.5]",
46,,False,141,25,0.96,3,,Door Silencer,SR64 GRY,,GRY,,,Gray,,25,"[108.7, 380.9, 535.6, 389.3]",
47,,False,"143, 143A, 143B, 143C",26,0.95,8,,Continuous Hinge,"112XY-83"" C28",,C28,,,Clear anodized,,26,"[108.7, 204.9, 533.0, 213.3]",
47,,False,"143, 143A, 143B, 143C",26,0.95,4,,Exit Device,24-R-C 630 718C 626 RHR 4' LENGTH 965 x 2134 Door,,626/630,,,,,26,"[108.7, 216.6, 548.0, 225.0]",
47,,False,"143, 143A, 143B, 143C",26,0.95,4,,Exit Device,24-R L 630 LHR 4' LENGTH 965 x 2134 Door,,630,,,Satin stainless steel,,26,"[108.7, 228.4, 531.6, 236.8]",
47,,False,"143, 143A, 143B, 143C",26,0.95,4,,Cylinder,"951 626 1 1/4"" G 6-Pin Open",,626,,,Satin chrome,,26,"[108.7, 240.1, 531.6, 248.5]",
47,,False,"143, 143A, 143B, 143C",26,0.95,4,,Removable Mullion,"KR-4023 689 84 17/32""",,689,,,Aluminum painted,,26,"[108.7, 251.9, 531.6, 260.3]",
47,,False,"143, 143A, 143B, 143C",26,0.95,4,,Cylinder,"985 626 1 1/4"" G 6-Pin Open",,626,,,Satin chrome,,26,"[108.7, 263.7, 531.6, 272.1]",
47,,False,"143, 143A, 143B, 143C",26,0.95,8,,Door Pull,8145EZHD-18 C32D-316,,C32D-316,,,,,26,"[108.7, 275.4, 555.9, 283.8]",
47,,False,"143, 143A, 143B, 143C",26,0.95,8,,Overhead Door Stop,104S C26D,,C26D,,,Satin chrome,,26,"[108.7, 287.1, 539.1, 295.5]",
47,,False,"143, 143A, 143B, 143C",26,0.95,8,,Surface Closer,SC71A Rw/ PA 689 SC70A-18,,689,,,Aluminum painted,,26,"[108.7, 298.9, 531.6, 307.3]",
47,,False,"143, 143A, 143B, 143C",26,0.95,4,,Weatherstripping,Weatherstrip Set By Door Supplier,,CA,,,Clear anodized,,26,"[108.7, 310.6, 529.3, 319.0]",
47,,False,"143, 143A, 143B, 143C",26,0.95,8,,Weatherstripping,"W-24S-CA x 38""",,CA,,,Clear anodized,,26,"[108.7, 322.4, 529.3, 330.8]",
47,,False,"143, 143A, 143B, 143C",26,0.95,4,,Threshold,"CT-65(Stock Size) x 76""",,,,,,,26,"[108.7, 334.2, 332.1, 342.6]",
48,,False,"143D, 143F, 143G",26,0.95,9,,Standard Hinge,"TA714 4 1/2"" x 4"" C26D",,C26D,,,Satin chrome,,26,"[108.7, 513.3, 539.1, 521.7]",
48,,False,"143D, 143F, 143G",26,0.95,3,,Lockset,W581 P6 LAT/LAT 626/626 G,,626/626,,,,,26,"[108.7, 525.0, 548.0, 533.4]",
48,,False,"143D, 143F, 143G",26,0.95,3,,Surface Closer,SC81A Rw/ PA 689,,689,,,Aluminum painted,,26,"[108.7, 536.8, 531.6, 545.2]",
48,,False,"143D, 143F, 143G",26,0.95,3,,Wall Door Stop,S120 C26D,,C26D,,,Satin chrome,,26,"[108.7, 548.5, 539.1, 556.9]",
48,,False,"143D, 143F, 143G",26,0.95,3,,Gasketing,W-22AL 1/965 x 2/2134,,,,,,,26,"[108.7, 560.3, 330.6, 568.7]",
48,,False,"143D, 143F, 143G",26,0.95,3,,Kick Plate,"8400 C32D 8"" x 36 1/2""",,C32D,,,Satin stainless,,26,"[108.7, 572.1, 539.1, 580.5]",
49,,False,144,27,0.95,3,,Standard Hinge,"TA714 4 1/2"" x 4"" C26D",,C26D,,,Satin chrome,,27,"[108.7, 126.1, 539.1, 134.5]",
49,,False,144,27,0.95,1,,Lockset,W581 P6 LAT/LAT 626/626 G,,626/626,,,,,27,"[108.7, 137.8, 548.0, 146.2]",
49,,False,144,27,0.95,1,,Electric Strike,6400- 24VDC-630,,630,,,Satin stainless steel,,27,"[108.7, 149.6, 531.6, 158.0]",
49,,False,144,27,0.95,1,,Card Access,Card Reader & Fobs By Security Contractor,,,,,,,27,"[108.7, 161.4, 406.0, 169.8]",
49,,False,144,27,0.95,1,,Door Postion Switch,679-05HM,,,,,,,27,"[108.7, 173.1, 282.0, 181.5]",
49,,False,144,27,0.95,1,,Surface Closer,SC81A Rw/ PA 689,,689,,,Aluminum painted,,27,"[108.7, 184.8, 531.6, 193.2]",
49,,False,144,27,0.95,1,,Wall Door Stop,S120 C26D,,C26D,,,Satin chrome,,27,"[108.7, 196.6, 539.1, 205.0]",
49,,False,144,27,0.95,1,,Gasketing,W-22AL 1/965 x 2/2134,,,,,,,27,"[108.7, 208.3, 330.6, 216.7]",
49,,False,144,27,0.95,1,,Kick Plate,"8400 C32D 8"" x 36 1/2""",,C32D,,,Satin stainless,,27,"[108.7, 220.1, 539.1, 228.5]",
50,,False,144A,27,0.95,3,,Standard Hinge,"TA786 4 1/2"" x 4"" C26D",,C26D,,,Satin chrome,,27,"[108.7, 357.4, 539.1, 365.8]",
50,,False,144A,27,0.95,1,,Exit Device,F-25-R-L-BE 626 510L-BE LAT 626 RHR 965 x 2134 Door,,626/626,,,,,27,"[108.7, 369.1, 548.0, 377.5]",
50,,False,144A,27,0.95,1,,Surface Closer,SC81A Rw/ PA 689,,689,,,Aluminum painted,,27,"[108.7, 380.9, 531.6, 389.3]",
50,,False,144A,27,0.95,1,,Wall Door Stop,S120 C26D,,C26D,,,Satin chrome,,27,"[108.7, 392.7, 539.1, 401.1]",
50,,False,144A,27,0.95,1,,Kick Plate,"8400 C32D 8"" x 36 1/2""",,C32D,,,Satin stainless,,27,"[108.7, 404.4, 539.1, 412.8]",
50,,False,144A,27,0.95,3,,Door Silencer,SR64 GRY,,GRY,,,Gray,,27,"[108.7, 416.1, 535.6, 424.5]",
51,,False,144B,27,0.95,3,,Standard Hinge,"TA786 4 1/2"" x 4"" C26D",,C26D,,,Satin chrome,,27,"[108.7, 553.5, 539.1, 561.9]",
51,,False,144B,27,0.95,1,,Latchset,T101 LAT/LAT 626/626,,626/626,,,,,27,"[108.7, 565.2, 548.0, 573.6]",
51,,False,144B,27,0.95,1,,Surface Closer,SC81A Rw/ PA 689,,689,,,Aluminum painted,,27,"[108.7, 576.9, 531.6, 585.3]",
51,,False,144B,27,0.95,1,,Wall Door Stop,S120 C26D,,C26D,,,Satin chrome,,27,"[108.7, 588.7, 539.1, 597.1]",
51,,False,144B,27,0.95,1,,Kick Plate,"8400 C32D 8"" x 36 1/2""",,C32D,,,Satin stainless,,27,"[108.7, 600.4, 539.1, 608.8]",
51,,False,144B,27,0.95,3,,Door Silencer,SR64 GRY,,GRY,,,Gray,,27,"[108.7, 612.2, 535.6, 620.6]",
52,,False,"145, 145A",28,0.95,6,,Standard Hinge,"TA786 4 1/2"" x 4"" C26D",,C26D,,,Satin chrome,,28,"[108.7, 140.1, 539.1, 148.5]",
52,,False,"145, 145A",28,0.95,2,,Exit Device,F-25-R-L-BE 626 510L-BE LAT 626 RHR 965 x 2134 Door,,626/626,,,,,28,"[108.7, 151.8, 548.0, 160.2]",
52,,False,"145, 145A",28,0.95,2,,Surface Closer,SC81A Rw/ PA 689,,689,,,Aluminum painted,,28,"[108.7, 163.5, 531.6, 171.9]",
52,,False,"145, 145A",28,0.95,2,,Wall Door Stop,S120 C26D,,C26D,,,Satin chrome,,28,"[108.7, 175.3, 539.1, 183.7]",
52,,False,"145, 145A",28,0.95,2,,Kick Plate,"8400 C32D 8"" x 36 1/2""",,C32D,,,Satin stainless,,28,"[108.7, 187.0, 539.1, 195.4]",
52,,False,"145, 145A",28,0.95,6,,Door Silencer,SR64 GRY,,GRY,,,Gray,,28,"[108.7, 198.8, 535.6, 207.2]",
53,,False,"146, P244, P344, P444, P544, P644, P245, P345, P445, P545, P645, P251, P351, P451, P551, P651",28,0.95,48,,Standard Hinge,"TA714 4 1/2"" x 4"" C26D",,C26D,,,Satin chrome,,28,"[104.0, 545.4, 539.1, 553.8]",
53,,False,"146, P244, P344, P444, P544, P644, P245, P345, P445, P545, P645, P251, P351, P451, P551, P651",28,0.95,16,,Lockset,W581 P6 LAT/LAT 626/626 G,,626/626,,,,,28,"[104.0, 557.1, 548.0, 565.5]",
53,,False,"146, P244, P344, P444, P544, P644, P245, P345, P445, P545, P645, P251, P351, P451, P551, P651",28,0.95,16,,Electric Strike,6400- 24VDC-630,,630,,,Satin stainless steel,,28,"[104.0, 568.8, 531.6, 577.2]",
53,,False,"146, P244, P344, P444, P544, P644, P245, P345, P445, P545, P645, P251, P351, P451, P551, P651",28,0.95,16,,Card Access,Card Reader & Fobs By Security Contractor,,,,,,,28,"[104.0, 580.6, 406.0, 589.0]",
53,,False,"146, P244, P344, P444, P544, P644, P245, P345, P445, P545, P645, P251, P351, P451, P551, P651",28,0.95,16,,Door Postion Switch,679-05HM,,,,,,,28,"[104.0, 592.3, 282.0, 600.7]",
53,,False,"146, P244, P344, P444, P544, P644, P245, P345, P445, P545, P645, P251, P351, P451, P551, P651",28,0.95,16,,Surface Closer,SC81A Rw/ PA 689,,689,,,Aluminum painted,,28,"[104.0, 604.1, 531.6, 612.5]",
53,,False,"146, P244, P344, P444, P544, P644, P245, P345, P445, P545, P645, P251, P351, P451, P551, P651",28,0.95,16,,Wall Door Stop,S120 C26D,,C26D,,,Satin chrome,,28,"[104.0, 615.9, 539.1, 624.3]",
53,,False,"146, P244, P344, P444, P544, P644, P245, P345, P445, P545, P645, P251, P351, P451, P551, P651",28,0.95,16,,Gasketing,W-22AL 1/965 x 2/2134,,,,,,,28,"[104.0, 627.6, 330.6, 636.0]",
53,,False,"146, P244, P344, P444, P544, P644, P245, P345, P445, P545, P645, P251, P351, P451, P551, P651",28,0.95,16,,Kick Plate,"8400 C32D 8"" x 36 1/2""",,C32D,,,Satin stainless,,28,"[104.0, 639.3, 539.1, 647.7]",
54,,False,"1-5, 1-10, A706, 1-2, C704, 1-19, A2806, 1-20, B1905, B1907, 1-8, C1704",29,0.95,210,,Standard Hinge,"TA714 4 1/2"" x 4"" C26D",,C26D,,,Satin chrome,,29,"[99.3, 279.6, 539.1, 288.0]",
54,,False,"1-5, 1-10, A706, 1-2, C704, 1-19, A2806, 1-20, B1905, B1907, 1-8, C1704",29,0.95,70,,Electronic Locking Device,SALTO Suite Entry Levers By Others,,626,,,Satin chrome,,29,"[104.0, 291.3, 531.6, 299.7]",
54,,False,"1-5, 1-10, A706, 1-2, C704, 1-19, A2806, 1-20, B1905, B1907, 1-8, C1704",29,0.95,70,,Surface Closer,161BFxTPN 689,,689,,,Aluminum painted,,29,"[104.0, 303.0, 531.6, 311.4]",
54,,False,"1-5, 1-10, A706, 1-2, C704, 1-19, A2806, 1-20, B1905, B1907, 1-8, C1704",29,0.95,140,,Door Viewer,U698B26D,,26D,,,Satin chrome,,29,"[99.3, 314.8, 533.0, 323.2]",
54,,False,"1-5, 1-10, A706, 1-2, C704, 1-19, A2806, 1-20, B1905, B1907, 1-8, C1704",29,0.95,70,,Gasketing,W-22AL 1/965 x 2/2134,,,,,,,29,"[104.0, 326.5, 330.6, 334.9]",
54,,False,"1-5, 1-10, A706, 1-2, C704, 1-19, A2806, 1-20, B1905, B1907, 1-8, C1704",29,0.95,70,,Threshold,"CT-65 x 38""",,,,,,,29,"[104.0, 338.3, 286.8, 346.7]",
55,,False,"1-65, 1-3, 1-5, 1-57, 1-95, A2802, A2803, A2804, A2801, A2805, A2807, A2808, A2809, 1-50, 1-30, B1903, B1904, B1906, B1908, B1909, B1901, B1902, B1910, 1-48, 1-24, C1701, C1702, C1703, C1707, C1708, C1709, C1705, C1706, C1710","30, 31",0.95,483,,Electronic Locking Device,SALTO Suite Entry Levers By Others,,626,,,Satin chrome,,30,"[99.3, 667.9, 531.6, 676.3]",
55,,False,"1-65, 1-3, 1-5, 1-57, 1-95, A2802, A2803, A2804, A2801, A2805, A2807, A2808, A2809, 1-50, 1-30, B1903, B1904, B1906, B1908, B1909, B1901, B1902, B1910, 1-48, 1-24, C1701, C1702, C1703, C1707, C1708, C1709, C1705, C1706, C1710","30, 31",0.95,483,,Surface Closer,161BFxTPN 689,,689,,,Aluminum painted,,30,"[99.3, 679.7, 531.6, 688.1]",
55,,False,"1-65, 1-3, 1-5, 1-57, 1-95, A2802, A2803, A2804, A2801, A2805, A2807, A2808, A2809, 1-50, 1-30, B1903, B1904, B1906, B1908, B1909, B1901, B1902, B1910, 1-48, 1-24, C1701, C1702, C1703, C1707, C1708, C1709, C1705, C1706, C1710","30, 31",0.95,483,,Door Viewer,U698B26D,,26D,,,Satin chrome,,30,"[99.3, 691.5, 533.0, 699.9]",
55,,False,"1-65, 1-3, 1-5, 1-57, 1-95, A2802, A2803, A2804, A2801, A2805, A2807, A2808, A2809, 1-50, 1-30, B1903, B1904, B1906, B1908, B1909, B1901, B1902, B1910, 1-48, 1-24, C1701, C1702, C1703, C1707, C1708, C1709, C1705, C1706, C1710","30, 31",0.95,483,,Gasketing,W-22AL 1/965 x 2/2134,,,,,,,30,"[99.3, 703.2, 330.6, 711.6]",
55,,False,"1-65, 1-3, 1-5, 1-57, 1-95, A2802, A2803, A2804, A2801, A2805, A2807, A2808, A2809, 1-50, 1-30, B1903, B1904, B1906, B1908, B1909, B1901, B1902, B1910, 1-48, 1-24, C1701, C1702, C1703, C1707, C1708, C1709, C1705, C1706, C1710","30, 31",0.95,483,,Threshold,"CT-65 x 38""",,,,,,,31,"[99.3, 42.4, 286.8, 50.8]",
56,,False,"P231, P331, P431, P531, P631",31,0.95,15,,Standard Hinge,"TA786 4 1/2"" x 4"" C26D",,C26D,,,Satin chrome,,31,"[104.0, 235.5, 539.1, 243.9]",
56,,False,"P231, P331, P431, P531, P631",31,0.95,5,,Exit Device,25-R-L-NL 622 510L-NL LAT 626 RHR 965 x 2134 Door,,626/622,,,,,31,"[108.7, 247.2, 548.0, 255.6]",
56,,False,"P231, P331, P431, P531, P631",31,0.95,5,,Cylinder,"985 626 1 1/4"" G 6-Pin Open",,626,,,Satin chrome,,31,"[108.7, 259.0, 531.6, 267.4]",
56,,False,"P231, P331, P431, P531, P631",31,0.95,5,,Electric Strike,6300- 24VDC-630,,630,,,Satin stainless steel,,31,"[108.7, 270.7, 531.6, 279.1]",
56,,False,"P231, P331, P431, P531, P631",31,0.95,5,,Card Access,Card Reader & Fobs By Security Contractor,,,,,,,31,"[108.7, 282.5, 406.0, 290.9]",
56,,False,"P231, P331, P431, P531, P631",31,0.95,5,,Surface Closer,SC81A Rw/ PA 689,,689,,,Aluminum painted,,31,"[108.7, 294.3, 531.6, 302.7]",
56,,False,"P231, P331, P431, P531, P631",31,0.95,5,,Wall Door Stop,S120 C26D,,C26D,,,Satin chrome,,31,"[108.7, 306.0, 539.1, 314.4]",
56,,False,"P231, P331, P431, P531, P631",31,0.95,5,,Gasketing,W-22AL 1/965 x 2/2134,,,,,,,31,"[108.7, 317.7, 330.6, 326.1]",
56,,False,"P231, P331, P431, P531, P631",31,0.95,5,,Kick Plate,"8400 C32D 8"" x 36 1/2""",,C32D,,,Satin stainless,,31,"[108.7, 329.5, 539.1, 337.9]",
57,,False,"P232, P332, P432, P532, P632, P239A, P339A, P439A, P539A, P639A",32,0.95,30,,Standard Hinge,"TA786 4 1/2"" x 4"" C26D",,C26D,,,Satin chrome,,32,"[104.0, 251.7, 539.1, 260.1]",
57,,False,"P232, P332, P432, P532, P632, P239A, P339A, P439A, P539A, P639A",32,0.95,10,,Exit Device,F-25-R-L-BE 626 510L-BE LAT 626 LHR 965 x 2134 Door,,626/626,,,,,32,"[104.0, 263.4, 548.0, 271.8]",
57,,False,"P232, P332, P432, P532, P632, P239A, P339A, P439A, P539A, P639A",32,0.95,10,,Electric Strike,6300- 24VDC-630,,630,,,Satin stainless steel,,32,"[104.0, 275.1, 531.6, 283.5]",
57,,False,"P232, P332, P432, P532, P632, P239A, P339A, P439A, P539A, P639A",32,0.95,10,,Auto Operator,Horton 4100 LHR Push Series,,US28,,,Satin aluminum,,32,"[104.0, 286.9, 538.6, 295.3]",
57,,False,"P232, P332, P432, P532, P632, P239A, P339A, P439A, P539A, P639A",32,0.95,20,,Actuator,8310-813,,,,,,,32,"[104.0, 298.6, 278.3, 307.0]",
57,,False,"P232, P332, P432, P532, P632, P239A, P339A, P439A, P539A, P639A",32,0.95,20,,Mounting Box,9530-18 628,,628,,,"Satin aluminum, clear anodized",,32,"[104.0, 310.4, 531.6, 318.8]",
57,,False,"P232, P332, P432, P532, P632, P239A, P339A, P439A, P539A, P639A",32,0.95,10,,Gasketing,W-22AL 1/965 x 2/2134,,,,,,,32,"[104.0, 322.2, 330.6, 330.6]",
57,,False,"P232, P332, P432, P532, P632, P239A, P339A, P439A, P539A, P639A",32,0.95,10,,Kick Plate,"8400 C32D 8"" x 36 1/2""",,C32D,,,Satin stainless,,32,"[104.0, 333.9, 539.1, 342.3]",
57,,False,"P232, P332, P432, P532, P632, P239A, P339A, P439A, P539A, P639A",32,0.95,10,,Weatherstripping,"W-24S-CA x 38""",,CA,,,Clear anodized,,32,"[104.0, 345.6, 529.3, 354.0]",
58,,False,"P232A, P332A, P432A, P532A, P632A",32,0.95,15,,Standard Hinge,"TA786 4 1/2"" x 4"" C26D",,C26D,,,Satin chrome,,32,"[104.0, 538.8, 539.1, 547.2]",
58,,False,"P232A, P332A, P432A, P532A, P632A",32,0.95,5,,Exit Device,F-25-R-L-BE 626 510L-BE LAT 626 RHR 965 x 2134 Door,,626/626,,,,,32,"[108.7, 550.5, 548.0, 558.9]",
58,,False,"P232A, P332A, P432A, P532A, P632A",32,0.95,5,,Electric Strike,6300- 24VDC-630,,630,,,Satin stainless steel,,32,"[108.7, 562.2, 531.6, 570.6]",
58,,False,"P232A, P332A, P432A, P532A, P632A",32,0.95,5,,Auto Operator,Horton 4100 RHR Push Series,,US28,,,Satin aluminum,,32,"[108.7, 574.0, 538.6, 582.4]",
58,,False,"P232A, P332A, P432A, P532A, P632A",32,0.95,10,,Actuator,8310-813,,,,,,,32,"[104.0, 585.7, 278.3, 594.1]",
58,,False,"P232A, P332A, P432A, P532A, P632A",32,0.95,10,,Mounting Box,9530-18 628,,628,,,"Satin aluminum, clear anodized",,32,"[104.0, 597.5, 531.6, 605.9]",
58,,False,"P232A, P332A, P432A, P532A, P632A",32,0.95,5,,Gasketing,W-22AL 1/965 x 2/2134,,,,,,,32,"[108.7, 609.3, 330.6, 617.7]",
58,,False,"P232A, P332A, P432A, P532A, P632A",32,0.95,5,,Kick Plate,"8400 C32D 8"" x 36 1/2""",,C32D,,,Satin stainless,,32,"[108.7, 621.0, 539.1, 629.4]",
58,,False,"P232A, P332A, P432A, P532A, P632A",32,0.95,5,,Weatherstripping,"W-24S-CA x 38""",,CA,,,Clear anodized,,32,"[108.7, 632.7, 529.3, 641.1]",
59,,False,"P233, P333, P433, P533, P633, P238, P328, P428, P528, P628, P247, P347, P447, P547, P647, A710, B714, C712, A810, A910, A1010, A1110, A1210, A1410, A1510, A1610, A1710, A1810, A1910, A2010, A2110, A2210, A2310, A2410, A2510, A2610, A2710, A2810, B813, B913, B1013, B1113, B1213, B1413, B1513, B1613, B1713, B1813, B1913, C812, C912, C1012, C1112, C1212, C1412, C1512, C1612, C1712","33, 34",0.95,174,,Standard Hinge,"TA714 4 1/2"" x 4"" C26D",,C26D,,,Satin chrome,,34,"[99.3, 251.7, 539.1, 260.1]",
59,,False,"P233, P333, P433, P533, P633, P238, P328, P428, P528, P628, P247, P347, P447, P547, P647, A710, B714, C712, A810, A910, A1010, A1110, A1210, A1410, A1510, A1610, A1710, A1810, A1910, A2010, A2110, A2210, A2310, A2410, A2510, A2610, A2710, A2810, B813, B913, B1013, B1113, B1213, B1413, B1513, B1613, B1713, B1813, B1913, C812, C912, C1012, C1112, C1212, C1412, C1512, C1612, C1712","33, 34",0.95,58,,Latchset,W101 LAT/LAT 626/626,,626/626,,,,,34,"[104.0, 263.4, 548.0, 271.8]",
59,,False,"P233, P333, P433, P533, P633, P238, P328, P428, P528, P628, P247, P347, P447, P547, P647, A710, B714, C712, A810, A910, A1010, A1110, A1210, A1410, A1510, A1610, A1710, A1810, A1910, A2010, A2110, A2210, A2310, A2410, A2510, A2610, A2710, A2810, B813, B913, B1013, B1113, B1213, B1413, B1513, B1613, B1713, B1813, B1913, C812, C912, C1012, C1112, C1212, C1412, C1512, C1612, C1712","33, 34",0.95,58,,Surface Closer,SC81A Rw/ PA 689,,689,,,Aluminum painted,,34,"[104.0, 275.1, 531.6, 283.5]",
59,,False,"P233, P333, P433, P533, P633, P238, P328, P428, P528, P628, P247, P347, P447, P547, P647, A710, B714, C712, A810, A910, A1010, A1110, A1210, A1410, A1510, A1610, A1710, A1810, A1910, A2010, A2110, A2210, A2310, A2410, A2510, A2610, A2710, A2810, B813, B913, B1013, B1113, B1213, B1413, B1513, B1613, B1713, B1813, B1913, C812, C912, C1012, C1112, C1212, C1412, C1512, C1612, C1712","33, 34",0.95,58,,Wall Door Stop,S120 C26D,,C26D,,,Satin chrome,,34,"[104.0, 286.9, 539.1, 295.3]",
59,,False,"P233, P333, P433, P533, P633, P238, P328, P428, P528, P628, P247, P347, P447, P547, P647, A710, B714, C712, A810, A910, A1010, A1110, A1210, A1410, A1510, A1610, A1710, A1810, A1910, A2010, A2110, A2210, A2310, A2410, A2510, A2610, A2710, A2810, B813, B913, B1013, B1113, B1213, B1413, B1513, B1613, B1713, B1813, B1913, C812, C912, C1012, C1112, C1212, C1412, C1512, C1612, C1712","33, 34",0.95,58,,Gasketing,W-22AL 1/965 x 2/2134,,,,,,,34,"[104.0, 298.6, 330.6, 307.0]",
59,,False,"P233, P333, P433, P533, P633, P238, P328, P428, P528, P628, P247, P347, P447, P547, P647, A710, B714, C712, A810, A910, A1010, A1110, A1210, A1410, A1510, A1610, A1710, A1810, A1910, A2010, A2110, A2210, A2310, A2410, A2510, A2610, A2710, A2810, B813, B913, B1013, B1113, B1213, B1413, B1513, B1613, B1713, B1813, B1913, C812, C912, C1012, C1112, C1212, C1412, C1512, C1612, C1712","33, 34",0.95,58,,Kick Plate,"8400 C32D 8"" x 36 1/2""",,C32D,,,Satin stainless,,34,"[104.0, 310.4, 539.1, 318.8]",
60,,False,"P234, P334, P434, P534, P634, P237, P327, P427, P527, P627, P246, P346, P446, P546, P646, A711, B713, C711, A811, A911, A1011, A1111, A1211, A1411, A1511, A1611, A1711, A1811, A1911, A2011, A2111, A2211, A2311, A2411, A2511, A2611, A2711, A2811, B812, B912, B1012, B1112, B1212, B1412, B1512, B1612, B1712, B1812, B1912, C811, C911, C1011, C1111, C1211, C1411, C1511, C1611, C1711","35, 36",0.95,348,,Standard Hinge,"TA714 4 1/2"" x 4"" C26D",,C26D,,,Satin chrome,,36,"[99.3, 251.7, 539.1, 260.1]",
60,,False,"P234, P334, P434, P534, P634, P237, P327, P427, P527, P627, P246, P346, P446, P546, P646, A711, B713, C711, A811, A911, A1011, A1111, A1211, A1411, A1511, A1611, A1711, A1811, A1911, A2011, A2111, A2211, A2311, A2411, A2511, A2611, A2711, A2811, B812, B912, B1012, B1112, B1212, B1412, B1512, B1612, B1712, B1812, B1912, C811, C911, C1011, C1111, C1211, C1411, C1511, C1611, C1711","35, 36",0.95,58,,Lockset,T581 P6 LAT/LAT 626/626 G 23981152,,626/626,,,,,36,"[104.0, 263.4, 548.0, 271.8]",
60,,False,"P234, P334, P434, P534, P634, P237, P327, P427, P527, P627, P246, P346, P446, P546, P646, A711, B713, C711, A811, A911, A1011, A1111, A1211, A1411, A1511, A1611, A1711, A1811, A1911, A2011, A2111, A2211, A2311, A2411, A2511, A2611, A2711, A2811, B812, B912, B1012, B1112, B1212, B1412, B1512, B1612, B1712, B1812, B1912, C811, C911, C1011, C1111, C1211, C1411, C1511, C1611, C1711","35, 36",0.95,58,,Flush Bolt,FB31P-12-MD C32D,,C32D,,,Satin stainless,,36,"[104.0, 275.1, 539.1, 283.5]",
60,,False,"P234, P334, P434, P534, P634, P237, P327, P427, P527, P627, P246, P346, P446, P546, P646, A711, B713, C711, A811, A911, A1011, A1111, A1211, A1411, A1511, A1611, A1711, A1811, A1911, A2011, A2111, A2211, A2311, A2411, A2511, A2611, A2711, A2811, B812, B912, B1012, B1112, B1212, B1412, B1512, B1612, B1712, B1812, B1912, C811, C911, C1011, C1111, C1211, C1411, C1511, C1611, C1711","35, 36",0.95,58,,Astragal,W-8SP x 2150mm,,,,,,,36,"[104.0, 286.9, 310.6, 295.3]",
60,,False,"P234, P334, P434, P534, P634, P237, P327, P427, P527, P627, P246, P346, P446, P546, P646, A711, B713, C711, A811, A911, A1011, A1111, A1211, A1411, A1511, A1611, A1711, A1811, A1911, A2011, A2111, A2211, A2311, A2411, A2511, A2611, A2711, A2811, B812, B912, B1012, B1112, B1212, B1412, B1512, B1612, B1712, B1812, B1912, C811, C911, C1011, C1111, C1211, C1411, C1511, C1611, C1711","35, 36",0.95,116,,Surface Closer,SC61A Rw/ PA 689,,689,,,Aluminum painted,,36,"[99.9, 298.6, 531.6, 307.0]",
60,,False,"P234, P334, P434, P534, P634, P237, P327, P427, P527, P627, P246, P346, P446, P546, P646, A711, B713, C711, A811, A911, A1011, A1111, A1211, A1411, A1511, A1611, A1711, A1811, A1911, A2011, A2111, A2211, A2311, A2411, A2511, A2611, A2711, A2811, B812, B912, B1012, B1112, B1212, B1412, B1512, B1612, B1712, B1812, B1912, C811, C911, C1011, C1111, C1211, C1411, C1511, C1611, C1711","35, 36",0.95,58,,Coordinator,COR72 C26D,,C26D,,,Satin chrome,,36,"[104.0, 310.4, 539.1, 318.8]",
60,,False,"P234, P334, P434, P534, P634, P237, P327, P427, P527, P627, P246, P346, P446, P546, P646, A711, B713, C711, A811, A911, A1011, A1111, A1211, A1411, A1511, A1611, A1711, A1811, A1911, A2011, A2111, A2211, A2311, A2411, A2511, A2611, A2711, A2811, B812, B912, B1012, B1112, B1212, B1412, B1512, B1612, B1712, B1812, B1912, C811, C911, C1011, C1111, C1211, C1411, C1511, C1611, C1711","35, 36",0.95,58,,Gasketing,W-22AL 1/1930 x 2/2134,,,,,,,36,"[104.0, 322.2, 335.3, 330.6]",
61,,False,"P235, P335, P435, P535, P635, P236, P326, P426, P526, P626",36,0.95,30,,Standard Hinge,"TA786 4 1/2"" x 4"" C26D",,C26D,,,Satin chrome,,36,"[104.0, 585.0, 539.1, 593.4]",
61,,False,"P235, P335, P435, P535, P635, P236, P326, P426, P526, P626",36,0.95,10,,Exit Device,F-25-R-L-BE 626 510L-BE LAT 626 LHR 914 x 2134 Door,,626/626,,,,,36,"[104.0, 596.7, 548.0, 605.1]",
61,,False,"P235, P335, P435, P535, P635, P236, P326, P426, P526, P626",36,0.95,10,,Surface Closer,SC81A Rw/ PA 689,,689,,,Aluminum painted,,36,"[104.0, 608.5, 531.6, 616.9]",
61,,False,"P235, P335, P435, P535, P635, P236, P326, P426, P526, P626",36,0.95,10,,Wall Door Stop,S120 C26D,,C26D,,,Satin chrome,,36,"[104.0, 620.2, 539.1, 628.6]",
61,,False,"P235, P335, P435, P535, P635, P236, P326, P426, P526, P626",36,0.95,10,,Kick Plate,8400 C32D 8x34,,C32D,,,Satin stainless,,36,"[104.0, 632.0, 539.1, 640.4]",
61,,False,"P235, P335, P435, P535, P635, P236, P326, P426, P526, P626",36,0.95,30,,Door Silencer,SR64 GRY,,GRY,,,Gray,,36,"[104.0, 643.8, 535.6, 652.2]",
62,,False,"P239, P329, P429, P529, P629",37,0.95,15,,Standard Hinge,"TA786 5"" x 4 1/2"" C26D",,C26D,,,Satin chrome,,37,"[104.0, 181.9, 539.1, 190.3]",
62,,False,"P239, P329, P429, P529, P629",37,0.95,5,,Exit Device,25-R-L-NL 622 510L-NL LAT 626 LHR 965 x 2134 Door,,626/622,,,,,37,"[108.7, 193.6, 548.0, 202.0]",
62,,False,"P239, P329, P429, P529, P629",37,0.95,5,,Cylinder,"985 626 1 1/4"" G 6-Pin Open",,626,,,Satin chrome,,37,"[108.7, 205.4, 531.6, 213.8]",
62,,False,"P239, P329, P429, P529, P629",37,0.95,5,,Electric Strike,6300- 24VDC-630,,630,,,Satin stainless steel,,37,"[108.7, 217.2, 531.6, 225.6]",
62,,False,"P239, P329, P429, P529, P629",37,0.95,5,,Card Access,Card Reader & Fobs By Security Contractor,,,,,,,37,"[108.7, 228.9, 406.0, 237.3]",
62,,False,"P239, P329, P429, P529, P629",37,0.95,5,,Auto Operator,Horton 4100 LHR Push Series,,US28,,,Satin aluminum,,37,"[108.7, 240.6, 538.6, 249.0]",
62,,False,"P239, P329, P429, P529, P629",37,0.95,10,,Actuator,8310-813,,,,,,,37,"[104.0, 252.4, 278.3, 260.8]",
62,,False,"P239, P329, P429, P529, P629",37,0.95,10,,Mounting Box,9530-18 628,,628,,,"Satin aluminum, clear anodized",,37,"[104.0, 264.1, 531.6, 272.5]",
62,,False,"P239, P329, P429, P529, P629",37,0.95,5,,Gasketing,W-22AL 1/965 x 2/2134,,,,,,,37,"[108.7, 275.9, 330.6, 284.3]",
62,,False,"P239, P329, P429, P529, P629",37,0.95,5,,Kick Plate,"8400 C32D 8"" x 36 1/2""",,C32D,,,Satin stainless,,37,"[108.7, 287.7, 539.1, 296.1]",
63,,False,"P240, P340, P440, P540, P640, P242, P342, P442, P542, P642, B711, B715, B811, B911, B1011, B1111, B1211, B1411, B1511, B1611, B1711, B1811, B814, B914, B1014, B1114, B1214, B1414, B1514, B1614, B1714, B1814, B1911, B1914, B2002",38,0.95,105,,Standard Hinge,"TA786 4 1/2"" x 4"" C26D",,C26D,,,Satin chrome,,38,"[99.3, 600.4, 539.1, 608.8]",
63,,False,"P240, P340, P440, P540, P640, P242, P342, P442, P542, P642, B711, B715, B811, B911, B1011, B1111, B1211, B1411, B1511, B1611, B1711, B1811, B814, B914, B1014, B1114, B1214, B1414, B1514, B1614, B1714, B1814, B1911, B1914, B2002",38,0.95,35,,Exit Device,F-25-R-L-BE 626 510L-BE LAT 626 RHR 914 x 2134 Door,,626/626,,,,,38,"[104.0, 612.1, 548.0, 620.5]",
63,,False,"P240, P340, P440, P540, P640, P242, P342, P442, P542, P642, B711, B715, B811, B911, B1011, B1111, B1211, B1411, B1511, B1611, B1711, B1811, B814, B914, B1014, B1114, B1214, B1414, B1514, B1614, B1714, B1814, B1911, B1914, B2002",38,0.95,35,,Surface Closer,SC81A Rw/ PA 689,,689,,,Aluminum painted,,38,"[104.0, 623.9, 531.6, 632.3]",
63,,False,"P240, P340, P440, P540, P640, P242, P342, P442, P542, P642, B711, B715, B811, B911, B1011, B1111, B1211, B1411, B1511, B1611, B1711, B1811, B814, B914, B1014, B1114, B1214, B1414, B1514, B1614, B1714, B1814, B1911, B1914, B2002",38,0.95,35,,Wall Door Stop,S120 C26D,,C26D,,,Satin chrome,,38,"[104.0, 635.7, 539.1, 644.1]",
63,,False,"P240, P340, P440, P540, P640, P242, P342, P442, P542, P642, B711, B715, B811, B911, B1011, B1111, B1211, B1411, B1511, B1611, B1711, B1811, B814, B914, B1014, B1114, B1214, B1414, B1514, B1614, B1714, B1814, B1911, B1914, B2002",38,0.95,35,,Kick Plate,8400 C32D 8x34,,C32D,,,Satin stainless,,38,"[104.0, 647.4, 539.1, 655.8]",
63,,False,"P240, P340, P440, P540, P640, P242, P342, P442, P542, P642, B711, B715, B811, B911, B1011, B1111, B1211, B1411, B1511, B1611, B1711, B1811, B814, B914, B1014, B1114, B1214, B1414, B1514, B1614, B1714, B1814, B1911, B1914, B2002",38,0.95,105,,Door Silencer,SR64 GRY,,GRY,,,Gray,,38,"[99.3, 659.1, 535.6, 667.5]",
64,,False,"P241, P341, P441, P541, P641, P248, P348, P448, P548, P648",39,0.95,30,,Standard Hinge,"TA714 4 1/2"" x 4"" C26D",,C26D,,,Satin chrome,,39,"[104.0, 251.7, 539.1, 260.1]",
64,,False,"P241, P341, P441, P541, P641, P248, P348, P448, P548, P648",39,0.95,10,,Lockset,W581 P6 LAT/LAT 626/626 G,,626/626,,,,,39,"[104.0, 263.4, 548.0, 271.8]",
64,,False,"P241, P341, P441, P541, P641, P248, P348, P448, P548, P648",39,0.95,10,,Surface Closer,SC81A Rw/ PA 689,,689,,,Aluminum painted,,39,"[104.0, 275.1, 531.6, 283.5]",
64,,False,"P241, P341, P441, P541, P641, P248, P348, P448, P548, P648",39,0.95,10,,Wall Door Stop,S120 C26D,,C26D,,,Satin chrome,,39,"[104.0, 286.9, 539.1, 295.3]",
64,,False,"P241, P341, P441, P541, P641, P248, P348, P448, P548, P648",39,0.95,10,,Gasketing,W-22AL 1/965 x 2/2134,,,,,,,39,"[104.0, 298.6, 330.6, 307.0]",
64,,False,"P241, P341, P441, P541, P641, P248, P348, P448, P548, P648",39,0.95,10,,Kick Plate,"8400 C32D 8"" x 36 1/2""",,C32D,,,Satin stainless,,39,"[104.0, 310.4, 539.1, 318.8]",
65,,False,"P243, P343, P443, P543, P643",39,0.95,15,,Standard Hinge,"TA786 5"" x 4 1/2"" C26D",,C26D,,,Satin chrome,,39,"[104.0, 503.5, 539.1, 511.9]",
65,,False,"P243, P343, P443, P543, P643",39,0.95,5,,Lockset,MA581 P LTG/LTG 626/626 g RH,,626/626,,,,,39,"[108.7, 515.2, 548.0, 523.6]",
65,,False,"P243, P343, P443, P543, P643",39,0.95,5,,Cylinder,"985 626 1 1/4"" G 6-Pin Open",,626,,,Satin chrome,,39,"[108.7, 527.0, 531.6, 535.4]",
65,,False,"P243, P343, P443, P543, P643",39,0.95,5,,Electric Strike,6400- 24VDC-630,,630,,,Satin stainless steel,,39,"[108.7, 538.8, 531.6, 547.2]",
65,,False,"P243, P343, P443, P543, P643",39,0.95,5,,Card Access,Card Reader & Fobs By Security Contractor,,,,,,,39,"[108.7, 550.5, 406.0, 558.9]",
65,,False,"P243, P343, P443, P543, P643",39,0.95,5,,Door Postion Switch,679-05HM,,,,,,,39,"[108.7, 562.2, 282.0, 570.6]",
65,,False,"P243, P343, P443, P543, P643",39,0.95,5,,Auto Operator,Horton 4100 RH Pull Series,,US28,,,Satin aluminum,,39,"[108.7, 574.0, 538.6, 582.4]",
65,,False,"P243, P343, P443, P543, P643",39,0.95,10,,Actuator,8310-813,,,,,,,39,"[104.0, 585.7, 278.3, 594.1]",
65,,False,"P243, P343, P443, P543, P643",39,0.95,10,,Mounting Box,9530-18 628,,628,,,"Satin aluminum, clear anodized",,39,"[104.0, 597.5, 531.6, 605.9]",
65,,False,"P243, P343, P443, P543, P643",39,0.95,5,,Gasketing,W-22AL 1/965 x 2/2134,,,,,,,39,"[108.7, 609.3, 330.6, 617.7]",
65,,False,"P243, P343, P443, P543, P643",39,0.95,5,,Kick Plate,"8400 C32D 8"" x 36 1/2""",,C32D,,,Satin stainless,,39,"[108.7, 621.0, 539.1, 629.4]",
65,,False,"P243, P343, P443, P543, P643",39,0.95,5,,Schematic,Opening Schematic By Others,,,,,,,39,"[108.7, 632.7, 355.6, 641.1]",
66,,False,"P243A, P343A, P443A, P543A, P643A",40,0.95,15,,Standard Hinge,"TA786 5"" x 4 1/2"" C26D",,C26D,,,Satin chrome,,40,"[104.0, 181.9, 539.1, 190.3]",
66,,False,"P243A, P343A, P443A, P543A, P643A",40,0.95,5,,Latchset,MA101 LTG/LTG 626/626 LH,,626/626,,,,,40,"[108.7, 193.6, 548.0, 202.0]",
66,,False,"P243A, P343A, P443A, P543A, P643A",40,0.95,5,,Electric Strike,6400- 24VDC-630,,630,,,Satin stainless steel,,40,"[108.7, 205.4, 531.6, 213.8]",
66,,False,"P243A, P343A, P443A, P543A, P643A",40,0.95,5,,Auto Operator,Horton 4100 RHR Push Series,,US28,,,Satin aluminum,,40,"[108.7, 217.2, 538.6, 225.6]",
66,,False,"P243A, P343A, P443A, P543A, P643A",40,0.95,10,,Actuator,8310-813,,,,,,,40,"[104.0, 228.9, 278.3, 237.3]",
66,,False,"P243A, P343A, P443A, P543A, P643A",40,0.95,10,,Mounting Box,9530-18 628,,628,,,"Satin aluminum, clear anodized",,40,"[104.0, 240.6, 531.6, 249.0]",
66,,False,"P243A, P343A, P443A, P543A, P643A",40,0.95,5,,Gasketing,W-22AL 1/965 x 2/2134,,,,,,,40,"[108.7, 252.4, 330.6, 260.8]",
66,,False,"P243A, P343A, P443A, P543A, P643A",40,0.95,5,,Kick Plate,"8400 C32D 8"" x 36 1/2""",,C32D,,,Satin stainless,,40,"[108.7, 264.1, 539.1, 272.5]",
66,,False,"P243A, P343A, P443A, P543A, P643A",40,0.95,5,,Weatherstripping,"W-24S-CA x 38""",,CA,,,Clear anodized,,40,"[108.7, 275.9, 529.3, 284.3]",
67,,False,"P249A, P349A, P449A, P549A, P649A",40,0.95,15,,Standard Hinge,"TA786 4 1/2"" x 4"" C26D",,C26D,,,Satin chrome,,40,"[104.0, 469.0, 539.1, 477.4]",
67,,False,"P249A, P349A, P449A, P549A, P649A",40,0.95,5,,Exit Device,F-25-R-L-BE 626 510L-BE LAT 626 RHR 914 x 2134 Door,,626/626,,,,,40,"[108.7, 480.7, 548.0, 489.1]",
67,,False,"P249A, P349A, P449A, P549A, P649A",40,0.95,5,,Surface Closer,SC71A Rw/ PA 689,,689,,,Aluminum painted,,40,"[108.7, 492.5, 531.6, 500.9]",
67,,False,"P249A, P349A, P449A, P549A, P649A",40,0.95,5,,Overhead Door Stop,104S C26D,,C26D,,,Satin chrome,,40,"[108.7, 504.3, 539.1, 512.7]",
67,,False,"P249A, P349A, P449A, P549A, P649A",40,0.95,5,,Gasketing,W-22AL 1/965 x 2/2134,,,,,,,40,"[108.7, 516.0, 330.6, 524.4]",
67,,False,"P249A, P349A, P449A, P549A, P649A",40,0.95,5,,Kick Plate,8400 C32D 8x34,,C32D,,,Satin stainless,,40,"[108.7, 527.7, 539.1, 536.1]",
68,,False,"P250, P350, P450, P550, P650",41,0.95,15,,Standard Hinge,"TA786 4 1/2"" x 4"" C26D",,C26D,,,Satin chrome,,41,"[104.0, 181.9, 539.1, 190.3]",
68,,False,"P250, P350, P450, P550, P650",41,0.95,5,,Exit Device,F-25-R-L-BE 626 510L-BE LAT 626 RHR 914 x 2134 Door,,626/626,,,,,41,"[108.7, 193.6, 548.0, 202.0]",
68,,False,"P250, P350, P450, P550, P650",41,0.95,5,,Surface Closer,SC71A Rw/ PA 689,,689,,,Aluminum painted,,41,"[108.7, 205.4, 531.6, 213.8]",
68,,False,"P250, P350, P450, P550, P650",41,0.95,5,,Overhead Door Stop,104S C26D,,C26D,,,Satin chrome,,41,"[108.7, 217.2, 539.1, 225.6]",
68,,False,"P250, P350, P450, P550, P650",41,0.95,5,,Gasketing,W-22AL 1/965 x 2/2134,,,,,,,41,"[108.7, 228.9, 330.6, 237.3]",
68,,False,"P250, P350, P450, P550, P650",41,0.95,5,,Kick Plate,8400 C32D 8x34,,C32D,,,Satin stainless,,41,"[108.7, 240.6, 539.1, 249.0]",
69,,False,"P252, P352, P452, P552, P652",41,0.95,15,,Standard Hinge,"TA786 4 1/2"" x 4"" C26D",,C26D,,,Satin chrome,,41,"[104.0, 456.7, 539.1, 465.1]",
69,,False,"P252, P352, P452, P552, P652",41,0.95,5,,Exit Device,F-25-R-L-BE 626 510L-BE LAT 626 RHR 965 x 2134 Door,,626/626,,,,,41,"[108.7, 468.5, 548.0, 476.9]",
69,,False,"P252, P352, P452, P552, P652",41,0.95,5,,Electric Strike,6300- 24VDC-630,,630,,,Satin stainless steel,,41,"[108.7, 480.3, 531.6, 488.7]",
69,,False,"P252, P352, P452, P552, P652",41,0.95,5,,Card Access,Card Reader & Fobs By Security Contractor,,,,,,,41,"[108.7, 492.0, 406.0, 500.4]",
69,,False,"P252, P352, P452, P552, P652",41,0.95,5,,Door Postion Switch,679-05HM,,,,,,,41,"[108.7, 503.7, 282.0, 512.1]",
69,,False,"P252, P352, P452, P552, P652",41,0.95,5,,Surface Closer,SC71A Rw/ PA 689,,689,,,Aluminum painted,,41,"[108.7, 515.5, 531.6, 523.9]",
69,,False,"P252, P352, P452, P552, P652",41,0.95,5,,Overhead Door Stop,104S C26D,,C26D,,,Satin chrome,,41,"[108.7, 527.2, 539.1, 535.6]",
69,,False,"P252, P352, P452, P552, P652",41,0.95,5,,Gasketing,W-22AL 1/965 x 2/2134,,,,,,,41,"[108.7, 539.0, 330.6, 547.4]",
69,,False,"P252, P352, P452, P552, P652",41,0.95,5,,Kick Plate,"8400 C32D 8"" x 36 1/2""",,C32D,,,Satin stainless,,41,"[108.7, 550.8, 539.1, 559.2]",
69,,False,"P252, P352, P452, P552, P652",41,0.95,5,,Threshold,"CT-65 x 38""",,,,,,,41,"[108.7, 562.5, 286.8, 570.9]",
70,,False,"P252A, P352A, P452A, P552A, P652A",42,0.95,15,,Standard Hinge,"TA786 4 1/2"" x 4"" C26D",,C26D,,,Satin chrome,,42,"[104.0, 181.9, 539.1, 190.3]",
70,,False,"P252A, P352A, P452A, P552A, P652A",42,0.95,5,,Exit Device,F-25-R-L-BE 626 510L-BE LAT 626 RHR 965 x 2134 Door,,626/626,,,,,42,"[108.7, 193.6, 548.0, 202.0]",
70,,False,"P252A, P352A, P452A, P552A, P652A",42,0.95,5,,Surface Closer,SC71A Rw/ PA 689,,689,,,Aluminum painted,,42,"[108.7, 205.4, 531.6, 213.8]",
70,,False,"P252A, P352A, P452A, P552A, P652A",42,0.95,5,,Overhead Door Stop,104S C26D,,C26D,,,Satin chrome,,42,"[108.7, 217.2, 539.1, 225.6]",
70,,False,"P252A, P352A, P452A, P552A, P652A",42,0.95,5,,Gasketing,W-22AL 1/965 x 2/2134,,,,,,,42,"[108.7, 228.9, 330.6, 237.3]",
70,,False,"P252A, P352A, P452A, P552A, P652A",42,0.95,5,,Kick Plate,"8400 C32D 8"" x 36 1/2""",,C32D,,,Satin stainless,,42,"[108.7, 240.6, 539.1, 249.0]",
71,,False,"A713, C714",42,0.95,6,,Standard Hinge,"TA786 5"" x 4 1/2"" C26D",,C26D,,,Satin chrome,,42,"[108.7, 414.9, 539.1, 423.3]",
71,,False,"A713, C714",42,0.95,2,,Exit Device,F-25-R-L-BE 626 510L-BE LAT 626 RHR 965 x 2134 Door,,626/626,,,,,42,"[108.7, 426.6, 548.0, 435.0]",
71,,False,"A713, C714",42,0.95,2,,Electric Strike,6300- 24VDC-630,,630,,,Satin stainless steel,,42,"[108.7, 438.4, 531.6, 446.8]",
71,,False,"A713, C714",42,0.95,2,,Overhead Door Stop,104S C26D,,C26D,,,Satin chrome,,42,"[108.7, 450.1, 539.1, 458.5]",
71,,False,"A713, C714",42,0.95,2,,Auto Operator,Horton 4100 RHR Push Series,,US28,,,Satin aluminum,,42,"[108.7, 461.9, 538.6, 470.3]",
71,,False,"A713, C714",42,0.95,4,,Actuator,8310-813,,,,,,,42,"[108.7, 473.7, 278.3, 482.1]",
71,,False,"A713, C714",42,0.95,4,,Mounting Box,9530-18 628,,628,,,"Satin aluminum, clear anodized",,42,"[108.7, 485.4, 531.6, 493.8]",
71,,False,"A713, C714",42,0.95,2,,Gasketing,W-22AL 1/965 x 2/2134,,,,,,,42,"[108.7, 497.1, 330.6, 505.5]",
71,,False,"A713, C714",42,0.95,2,,Kick Plate,"8400 C32D 8"" x 36 1/2""",,C32D,,,Satin stainless,,42,"[108.7, 508.9, 539.1, 517.3]",
72,,False,"A713A, C71A",43,0.94,2,,Continuous Hinge,"112XY-83"" C28 EPT @ 42"" Top Down",,C28,,,Clear anodized,,43,"[108.7, 140.1, 533.0, 160.2]",
72,,False,"A713A, C71A",43,0.94,2,,Accessory,EPT-10-689,,689,,,Aluminum painted,,43,"[108.7, 163.5, 531.6, 171.9]",
72,,False,"A713A, C71A",43,0.94,2,,Exit Device,MEL-24-R-L-BE 630 712L-BE LAT 626 RHR 4' LENGTH 965 x 2134,,626/630,,,,,43,"[108.7, 175.3, 548.0, 183.7]",
72,,False,"A713A, C71A",43,0.94,2,,,Power Supply - By Security Contractor,,,,,,,43,"[108.7, 187.0, 385.6, 195.4]",
72,,False,"A713A, C71A",43,0.94,2,,Overhead Door Stop,104S C26D,,C26D,,,Satin chrome,,43,"[108.7, 198.8, 539.1, 207.2]",
72,,False,"A713A, C71A",43,0.94,2,,Auto Operator,Horton 4100 LH Pull Series,,US28,,,Satin aluminum,,43,"[108.7, 210.6, 538.6, 219.0]",
72,,False,"A713A, C71A",43,0.94,4,,Actuator,8310-813,,,,,,,43,"[108.7, 222.3, 278.3, 230.7]",
72,,False,"A713A, C71A",43,0.94,4,,Mounting Box,9530-18 628,,628,,,"Satin aluminum, clear anodized",,43,"[108.7, 234.0, 531.6, 242.4]",
72,,False,"A713A, C71A",43,0.94,2,,Weatherstripping,Weatherstrip Set By Door Supplier,,CA,,,Clear anodized,,43,"[108.7, 245.8, 529.3, 254.2]",
72,,False,"A713A, C71A",43,0.94,2,,Weatherstripping,"W-24S-CA x 38""",,CA,,,Clear anodized,,43,"[108.7, 257.5, 529.3, 265.9]",
72,,False,"A713A, C71A",43,0.94,2,,Threshold,"CT-65 x 38""",,,,,,,43,"[108.7, 269.3, 286.8, 277.7]",
73,,False,B712,43,0.95,3,,Standard Hinge,"TA786 5"" x 4 1/2"" C26D",,C26D,,,Satin chrome,,43,"[108.7, 406.6, 539.1, 415.0]",
73,,False,B712,43,0.95,1,,Exit Device,F-25-R-L-BE 626 510L-BE LAT 626 LHR 965 x 2134 Door,,626/626,,,,,43,"[108.7, 418.3, 548.0, 426.7]",
73,,False,B712,43,0.95,1,,Electric Strike,6300- 24VDC-630,,630,,,Satin stainless steel,,43,"[108.7, 430.1, 531.6, 438.5]",
73,,False,B712,43,0.95,1,,Overhead Door Stop,104S C26D,,C26D,,,Satin chrome,,43,"[108.7, 441.9, 539.1, 450.3]",
73,,False,B712,43,0.95,1,,Auto Operator,Horton 4100 LHR Push Series,,US28,,,Satin aluminum,,43,"[108.7, 453.6, 538.6, 462.0]",
73,,False,B712,43,0.95,2,,Actuator,8310-813,,,,,,,43,"[108.7, 465.3, 278.3, 473.7]",
73,,False,B712,43,0.95,2,,Mounting Box,9530-18 628,,628,,,"Satin aluminum, clear anodized",,43,"[108.7, 477.1, 531.6, 485.5]",
73,,False,B712,43,0.95,1,,Gasketing,W-22AL 1/965 x 2/2134,,,,,,,43,"[108.7, 488.8, 330.6, 497.2]",
73,,False,B712,43,0.95,1,,Kick Plate,"8400 C32D 8"" x 36 1/2""",,C32D,,,Satin stainless,,43,"[108.7, 500.6, 539.1, 509.0]",
74,,False,B712A,44,0.94,1,,Continuous Hinge,"112XY-83"" C28 EPT @ 42"" Top Down",,C28,,,Clear anodized,,44,"[108.7, 126.1, 533.0, 146.2]",
74,,False,B712A,44,0.94,1,,Accessory,EPT-10-689,,689,,,Aluminum painted,,44,"[108.7, 149.6, 531.6, 158.0]",
74,,False,B712A,44,0.94,1,,Exit Device,MEL-24-R-L-BE 630 712L-BE LAT 626 LHR 4' LENGTH 965 x 2134,,626/630,,,,,44,"[108.7, 161.4, 548.0, 169.8]",
74,,False,B712A,44,0.94,1,,,Power Supply - By Security Contractor,,,,,,,44,"[108.7, 173.1, 385.6, 181.5]",
74,,False,B712A,44,0.94,1,,Overhead Door Stop,104S C26D,,C26D,,,Satin chrome,,44,"[108.7, 184.8, 539.1, 193.2]",
74,,False,B712A,44,0.94,1,,Auto Operator,Horton 4100 RH Pull Series,,US28,,,Satin aluminum,,44,"[108.7, 196.6, 538.6, 205.0]",
74,,False,B712A,44,0.94,2,,Actuator,8310-813,,,,,,,44,"[108.7, 208.3, 278.3, 216.7]",
74,,False,B712A,44,0.94,2,,Mounting Box,9530-18 628,,628,,,"Satin aluminum, clear anodized",,44,"[108.7, 220.1, 531.6, 228.5]",
74,,False,B712A,44,0.94,1,,Weatherstripping,Weatherstrip Set By Door Supplier,,CA,,,Clear anodized,,44,"[108.7, 231.9, 529.3, 240.3]",
74,,False,B712A,44,0.94,1,,Weatherstripping,"W-24S-CA x 38""",,CA,,,Clear anodized,,44,"[108.7, 243.6, 529.3, 252.0]",
74,,False,B712A,44,0.94,1,,Threshold,"CT-65 x 38""",,,,,,,44,"[108.7, 255.3, 286.8, 263.7]",
75,,False,C709,44,0.95,3,,Standard Hinge,"TA714 4 1/2"" x 4"" C26D",,C26D,,,Satin chrome,,44,"[108.7, 392.7, 539.1, 401.1]",
75,,False,C709,44,0.95,1,,Lockset,W581 P6 LAT/LAT 626/626 G,,626/626,,,,,44,"[108.7, 404.4, 548.0, 412.8]",
75,,False,C709,44,0.95,1,,Electric Strike,6400- 24VDC-630,,630,,,Satin stainless steel,,44,"[108.7, 416.1, 531.6, 424.5]",
75,,False,C709,44,0.95,1,,Card Access,Card Reader & Fobs By Security Contractor,,,,,,,44,"[108.7, 427.9, 406.0, 436.3]",
75,,False,C709,44,0.95,1,,Door Postion Switch,679-05HM,,,,,,,44,"[108.7, 439.6, 282.0, 448.0]",
75,,False,C709,44,0.95,1,,Auto Operator,Horton 7900 RH Pull Series,,US28,,,Satin aluminum,,44,"[108.7, 451.4, 538.6, 459.8]",
75,,False,C709,44,0.95,2,,Actuator,8310-813,,,,,,,44,"[108.7, 463.2, 278.3, 471.6]",
75,,False,C709,44,0.95,2,,Mounting Box,9530-18 628,,628,,,"Satin aluminum, clear anodized",,44,"[108.7, 474.9, 531.6, 483.3]",
75,,False,C709,44,0.95,1,,Door Viewer,U698B26D,,26D,,,Satin chrome,,44,"[108.7, 486.6, 533.0, 495.0]",
75,,False,C709,44,0.95,1,,Gasketing,W-22AL 1/965 x 2/2134,,,,,,,44,"[108.7, 498.4, 330.6, 506.8]",
75,,False,C709,44,0.95,1,,Threshold,"CT-65 x 38""",,,,,,,44,"[108.7, 510.1, 286.8, 518.5]",
76,,False,C716,45,0.94,3,,Standard Hinge,"TA714 4 1/2"" x 4"" C26D",,C26D,,,Satin chrome,,45,"[108.7, 126.1, 539.1, 134.5]",
76,,False,C716,45,0.94,1,,Lockset,W581 P6 LAT/LAT 626/626 G,,626/626,,,,,45,"[108.7, 137.8, 548.0, 146.2]",
76,,False,C716,45,0.94,1,,Electric Strike,6400- 24VDC-630,,630,,,Satin stainless steel,,45,"[108.7, 149.6, 531.6, 158.0]",
76,,False,C716,45,0.94,1,,Auto Operator,Horton 7900 RH Pull Series,,US28,,,Satin aluminum,,45,"[108.7, 161.4, 538.6, 169.8]",
76,,False,C716,45,0.94,1,,Emergency Call Kit,CX-WEC10,,,,,,,45,"[108.7, 173.1, 286.1, 181.5]",
76,,False,C716,45,0.94,1,,Push To Lock Kit,CX-WC13XFM,,,,,,,45,"[108.7, 184.8, 298.3, 193.2]",
76,,False,C716,45,0.94,1,,Logic Relay,CX-33,,,,,,,45,"[108.7, 196.6, 266.6, 205.0]",
76,,False,C716,45,0.94,1,,Wall Door Stop,63F-626E,,-626E,,,,,45,"[108.7, 208.3, 540.1, 216.7]",
76,,False,C716,45,0.94,1,,Gasketing,W-22AL 1/965 x 2/2134,,,,,,,45,"[108.7, 220.1, 330.6, 228.5]",
77,,False,C717,45,0.94,3,,Standard Hinge,1010RP F-626E,,-626E,,,,,45,"[108.7, 357.4, 540.1, 365.8]",
77,,False,C717,45,0.94,1,,Latchset,GLA101 MIL RDT,,US15,,,Satin nickel,,45,"[108.7, 369.1, 538.6, 377.5]",
77,,False,C717,45,0.94,1,,Door Stop,IVES 69 / 63 As Required,,US15,,,Satin nickel,,45,"[108.7, 380.9, 538.6, 389.3]",
78,,False,"A2900, B2000",45,0.95,6,,Standard Hinge,"TA786 4 1/2"" x 4"" C26D",,C26D,,,Satin chrome,,45,"[108.7, 532.2, 539.1, 540.6]",
78,,False,"A2900, B2000",45,0.95,1,,Exit Device,25-R-L-NL 622 510L-NL LAT 626 LHR 914 x 2134 Door,,626/622,,,,,45,"[108.7, 543.9, 548.0, 552.3]",
78,,False,"A2900, B2000",45,0.95,1,,Exit Device,25-R-L-NL 622 510L-NL LAT 626 RHR 914 x 2134 Door,,626/622,,,,,45,"[108.7, 555.6, 548.0, 564.0]",
78,,False,"A2900, B2000",45,0.95,2,,Cylinder,"985 626 1 1/4"" G 6-Pin Open",,626,,,Satin chrome,,45,"[108.7, 567.4, 531.6, 575.8]",
78,,False,"A2900, B2000",45,0.95,2,,Surface Closer,SC81A Rw/ PA 689,,689,,,Aluminum painted,,45,"[108.7, 579.1, 531.6, 587.5]",
78,,False,"A2900, B2000",45,0.95,2,,Wall Door Stop,S120 C26D,,C26D,,,Satin chrome,,45,"[108.7, 590.9, 539.1, 599.3]",
78,,False,"A2900, B2000",45,0.95,2,,Kick Plate,8400 C32D 8x34,,C32D,,,Satin stainless,,45,"[108.7, 602.7, 539.1, 611.1]",
78,,False,"A2900, B2000",45,0.95,6,,Door Silencer,SR64 GRY,,GRY,,,Gray,,45,"[108.7, 614.4, 535.6, 622.8]",
79,,False,"A2901, C1801",46,0.95,6,,Standard Hinge,"TA786 4 1/2"" x 4"" C26D",,C26D,,,Satin chrome,,46,"[108.7, 140.1, 539.1, 148.5]",
79,,False,"A2901, C1801",46,0.95,2,,Exit Device,F-25-R-L-BE 626 510L-BE LAT 626 LHR 965 x 2134 Door,,626/626,,,,,46,"[108.7, 151.8, 548.0, 160.2]",
79,,False,"A2901, C1801",46,0.95,2,,Surface Closer,SC81A Rw/ PA 689,,689,,,Aluminum painted,,46,"[108.7, 163.5, 531.6, 171.9]",
79,,False,"A2901, C1801",46,0.95,2,,Wall Door Stop,S120 C26D,,C26D,,,Satin chrome,,46,"[108.7, 175.3, 539.1, 183.7]",
79,,False,"A2901, C1801",46,0.95,2,,Kick Plate,"8400 C32D 8"" x 36 1/2""",,C32D,,,Satin stainless,,46,"[108.7, 187.0, 539.1, 195.4]",
79,,False,"A2901, C1801",46,0.95,6,,Door Silencer,SR64 GRY,,GRY,,,Gray,,46,"[108.7, 198.8, 535.6, 207.2]",
80,,False,A2902,46,0.95,3,,Standard Hinge,"TA2314 4 1/2"" x 4 1/2"" C32D NRP",,C32D,,,Satin stainless,,46,"[108.7, 336.1, 539.1, 344.5]",
80,,False,A2902,46,0.95,1,,Lockset,W581 P6 LAT/LAT 626/626 G,,626/626,,,,,46,"[108.7, 347.8, 548.0, 356.2]",
80,,False,A2902,46,0.95,1,,Surface Closer,SC71A Rw/ PA 689,,689,,,Aluminum painted,,46,"[108.7, 359.6, 531.6, 368.0]",
80,,False,A2902,46,0.95,1,,Weatherstripping,"W-2050S-CA x 38""",,CA,,,Clear anodized,,46,"[108.7, 371.4, 529.3, 379.8]",
80,,False,A2902,46,0.95,2,,Jamb Weatherstripping,"W-50S-CAx84"" Opening",,CA,,,Clear anodized,,46,"[108.7, 383.1, 529.3, 391.5]",
80,,False,A2902,46,0.95,1,,Weatherstripping,"W-38S-CA x 38""",,CA,,,Clear anodized,,46,"[108.7, 394.8, 529.3, 403.2]",
80,,False,A2902,46,0.95,1,,Threshold,"CT-65 x 38""",,,,,,,46,"[108.7, 406.6, 286.8, 415.0]",
81,,False,"A2903, B2003, C1803",46,0.95,6,,Continuous Hinge,"112XY-83"" C28",,C28,,,Clear anodized,,46,"[108.7, 571.8, 533.0, 580.2]",
81,,False,"A2903, B2003, C1803",46,0.95,3,,Lockset,T581 P6 LAT/LAT 626/626 G 23981152,,626/626,,,,,46,"[108.7, 583.5, 548.0, 591.9]",
81,,False,"A2903, B2003, C1803",46,0.95,3,,Flush Bolt,FB31P-12-MD C32D,,C32D,,,Satin stainless,,46,"[108.7, 595.3, 539.1, 603.7]",
81,,False,"A2903, B2003, C1803",46,0.95,3,,Astragal,W-8SP x 2150mm,,,,,,,46,"[108.7, 607.0, 310.6, 615.4]",
81,,False,"A2903, B2003, C1803",46,0.95,6,,Surface Closer,SC81A Rw/ PA 689,,689,,,Aluminum painted,,46,"[108.7, 618.8, 531.6, 627.2]",
81,,False,"A2903, B2003, C1803",46,0.95,3,,Coordinator,COR72 C26D,,C26D,,,Satin chrome,,46,"[108.7, 630.6, 539.1, 639.0]",
81,,False,"A2903, B2003, C1803",46,0.95,3,,Gasketing,W-22AL 1/2400 x 2/2134,,,,,,,46,"[108.7, 642.3, 335.3, 650.7]",
82,,False,B2001,47,0.95,3,,Standard Hinge,"TA2314 4 1/2"" x 4 1/2"" C32D NRP",,C32D,,,Satin stainless,,47,"[108.7, 126.1, 539.1, 134.5]",
82,,False,B2001,47,0.95,1,,Lockset,W581 P6 LAT/LAT 626/626 G,,626/626,,,,,47,"[108.7, 137.8, 548.0, 146.2]",
82,,False,B2001,47,0.95,1,,Surface Closer,SC71A Rw/ PA 689,,689,,,Aluminum painted,,47,"[108.7, 149.6, 531.6, 158.0]",
82,,False,B2001,47,0.95,1,,Weatherstripping,"W-2050S-CA x 38""",,CA,,,Clear anodized,,47,"[108.7, 161.4, 529.3, 169.8]",
82,,False,B2001,47,0.95,2,,Jamb Weatherstripping,"W-50S-CAx84"" Opening",,CA,,,Clear anodized,,47,"[108.7, 173.1, 529.3, 181.5]",
82,,False,B2001,47,0.95,1,,Weatherstripping,"W-38S-CA x 38""",,CA,,,Clear anodized,,47,"[108.7, 184.8, 529.3, 193.2]",
82,,False,B2001,47,0.95,1,,Threshold,"CT-65 x 38""",,,,,,,47,"[108.7, 196.6, 286.8, 205.0]",
83,,False,C1800,47,0.95,3,,Standard Hinge,"TA786 4 1/2"" x 4"" C26D",,C26D,,,Satin chrome,,47,"[108.7, 333.9, 539.1, 342.3]",
83,,False,C1800,47,0.95,1,,Exit Device,25-R-L-NL 622 510L-NL LAT 626 LHR 965 x 2134 Door,,626/622,,,,,47,"[108.7, 345.6, 548.0, 354.0]",
83,,False,C1800,47,0.95,1,,Cylinder,"985 626 1 1/4"" G 6-Pin Open",,626,,,Satin chrome,,47,"[108.7, 357.4, 531.6, 365.8]",
83,,False,C1800,47,0.95,1,,Surface Closer,SC81A Rw/ PA 689,,689,,,Aluminum painted,,47,"[108.7, 369.1, 531.6, 377.5]",
83,,False,C1800,47,0.95,1,,Wall Door Stop,S120 C26D,,C26D,,,Satin chrome,,47,"[108.7, 380.9, 539.1, 389.3]",
83,,False,C1800,47,0.95,1,,Kick Plate,"8400 C32D 8"" x 36 1/2""",,C32D,,,Satin stainless,,47,"[108.7, 392.7, 539.1, 401.1]",
83,,False,C1800,47,0.95,3,,Door Silencer,SR64 GRY,,GRY,,,Gray,,47,"[108.7, 404.4, 535.6, 412.8]",
84,,False,C1802,47,0.95,3,,Standard Hinge,"TA2314 4 1/2"" x 4 1/2"" C32D NRP",,C32D,,,Satin stainless,,47,"[108.7, 541.7, 539.1, 550.1]",
84,,False,C1802,47,0.95,1,,Lockset,W581 P6 LAT/LAT 626/626 G,,626/626,,,,,47,"[108.7, 553.5, 548.0, 561.9]",
84,,False,C1802,47,0.95,1,,Surface Closer,SC71A Rw/ PA 689,,689,,,Aluminum painted,,47,"[108.7, 565.2, 531.6, 573.6]",
84,,False,C1802,47,0.95,1,,Weatherstripping,"W-2050S-CA x 38""",,CA,,,Clear anodized,,47,"[108.7, 576.9, 529.3, 585.3]",
84,,False,C1802,47,0.95,2,,Jamb Weatherstripping,"W-50S-CAx84"" Opening",,CA,,,Clear anodized,,47,"[108.7, 588.7, 529.3, 597.1]",
84,,False,C1802,47,0.95,1,,Weatherstripping,"W-38S-CA x 38""",,CA,,,Clear anodized,,47,"[108.7, 600.4, 529.3, 608.8]",
84,,False,C1802,47,0.95,1,,Threshold,"CT-65 x 38""",,,,,,,47,"[108.7, 612.2, 286.8, 620.6]",
85,,False,,48,0.96,857,,Latchset,GLA101 MIL RDT,,US15,,,Satin nickel,,48,"[99.3, 137.8, 538.6, 146.2]",
85,,False,,48,0.96,857,,Door Stop,IVES 69 / 63 As Required,,US15,,,Satin nickel,,48,"[99.3, 149.6, 538.6, 158.0]",
86,,False,,48,0.96,437,,Latchset,GLA101 MIL RDT,,US15,,,Satin nickel,,48,"[99.3, 298.6, 538.6, 307.0]",
86,,False,,48,0.96,437,,Door Stop,IVES 69 / 63 As Required,,US15,,,Satin nickel,,48,"[99.3, 310.4, 538.6, 318.8]",
87,,False,,48,0.96,796,,Lockset,GLA331 MIL RDT,,US15,,,Satin nickel,,48,"[99.3, 459.4, 538.6, 467.8]",
87,,False,,48,0.96,796,,Door Stop,IVES 69 / 63 As Required,,US15,,,Satin nickel,,48,"[99.3, 471.2, 538.6, 479.6]",
88,,False,,48,0.96,545,,Latchset,GLA101 MIL RDT,,US15,,,Satin nickel,,48,"[99.3, 620.2, 538.6, 628.6]",
88,,False,,48,0.96,545,,Door Stop,IVES 69 / 63 As Required,,US15,,,Satin nickel,,48,"[99.3, 632.0, 538.6, 640.4]",
89,,False,,49,0.94,780,,Standard Hinge,1010RP F-626E,,-626E,,,,,49,"[99.3, 126.1, 540.1, 134.5]",
89,,False,,49,0.94,260,,Latchset,GLA101 MIL RDT,,US15,,,Satin nickel,,49,"[99.3, 137.8, 538.6, 146.2]",
89,,False,,49,0.94,260,,Door Stop,IVES 69 / 63 As Required,,US15,,,Satin nickel,,49,"[99.3, 149.6, 538.6, 158.0]",
90,,False,,49,0.94,36,,Standard Hinge,1010RP F-626E,,-626E,,,,,49,"[104.0, 286.9, 540.1, 295.3]",
90,,False,,49,0.94,12,,Latchset,GLA101 MIL RDT,,US15,,,Satin nickel,,49,"[104.0, 298.6, 538.6, 307.0]",
90,,False,,49,0.94,12,,Door Stop,IVES 69 / 63 As Required,,US15,,,Satin nickel,,49,"[104.0, 310.4, 538.6, 318.8]",
