set_number,set_description,not_used,doors,set_pages,set_confidence,qty,unit,description,catalog_number,mfr,finish,notes,mfr_name,finish_name,electrified,component_page,component_bbox,low_confidence_fields
1.0,Unit Entry Door (WDL),False,,643,0.92,3,,"Hinge, Full Mortise",TA2714,MK,US15,,McKinney,Satin nickel,,643,"[74.3, 493.0, 508.6, 505.3]",
1.0,Unit Entry Door (WDL),False,,643,0.92,1,,Access Control Cyl Lock,70 IN100-10XG77-BIPS B LMW,SA,US15,,Sargent,Satin nickel,,643,"[74.3, 509.7, 504.9, 521.9]",
1.0,Unit Entry Door (WDL),False,,643,0.92,1,,Small Format Inter Core,7300B CKC GMK,SA,US15,,Sargent,Satin nickel,,643,"[74.3, 526.4, 504.9, 538.6]",
1.0,Unit Entry Door (WDL),False,,643,0.92,1,,Surface Closer Cush Stop,CA1601 P,NO,689,,Norton,Aluminum painted,,643,"[74.3, 542.0, 506.7, 554.2]",
1.0,Unit Entry Door (WDL),False,,643,0.92,1,,Wall Stop,430-RKW,RO,US15,,Rockwood,Satin nickel,,643,"[74.3, 557.6, 506.1, 569.8]",
1.0,Unit Entry Door (WDL),False,,643,0.92,1,,Viewer,626,RO,DCRM,,Rockwood,,,643,"[74.3, 573.3, 506.1, 585.6]",
1.0,Unit Entry Door (WDL),False,,643,0.92,1,,Sound Gasketing,S773BL,PE,,,Pemko,,,643,"[74.3, 588.9, 503.6, 601.2]",
1.0,Unit Entry Door (WDL),False,,643,0.92,1,,Door Bottom,2113AV,PE,,,Pemko,,,643,"[74.3, 604.7, 503.6, 616.9]",
1.0,Unit Entry Door (WDL),False,,643,0.92,1,,Threshold,Per Detail / Type as Req,PE,,,Pemko,,,643,"[74.3, 620.3, 503.6, 632.5]",
2.0,Unit Entry Fire Glazed Storefront Door (WDL),False,,644,0.92,4,,"Hinge, Full Mortise, Hvy Wt",T4A3786,MK,US15,,McKinney,Satin nickel,,644,"[74.3, 98.3, 508.6, 110.5]",
2.0,Unit Entry Fire Glazed Storefront Door (WDL),False,,644,0.92,1,,Access Control Cyl Lock,70 IN100-10XG77-BIPS B LMW,SA,US15,,Sargent,Satin nickel,,644,"[74.3, 115.0, 504.9, 127.2]",
2.0,Unit Entry Fire Glazed Storefront Door (WDL),False,,644,0.92,1,,Small Format Inter Core,7300B CKC GMK,SA,US15,,Sargent,Satin nickel,,644,"[74.3, 131.7, 504.9, 143.9]",
2.0,Unit Entry Fire Glazed Storefront Door (WDL),False,,644,0.92,1,,Surface Closer Cush Stop,CA1601 P,NO,689,,Norton,Aluminum painted,,644,"[74.3, 147.3, 506.7, 159.5]",
2.0,Unit Entry Fire Glazed Storefront Door (WDL),False,,644,0.92,1,,Viewer,626,RO,DCRM,,Rockwood,,,644,"[74.3, 162.9, 506.1, 175.1]",
2.0,Unit Entry Fire Glazed Storefront Door (WDL),False,,644,0.92,1,,Sound Gasketing,S773BL,PE,,,Pemko,,,644,"[74.3, 178.6, 503.6, 190.8]",
2.0,Unit Entry Fire Glazed Storefront Door (WDL),False,,644,0.92,1,,Door Bottom,2113AV,PE,,,Pemko,,,644,"[74.3, 194.2, 503.6, 206.4]",
2.0,Unit Entry Fire Glazed Storefront Door (WDL),False,,644,0.92,1,,Threshold,Per Detail / Type as Req,PE,,,Pemko,,,644,"[74.3, 209.9, 503.6, 222.1]",
3.0,Villa Custom Door (WDL),False,,644,0.93,1,,Pivot Set,195,RF,622,,Rixson,Flat black,,644,"[74.3, 357.4, 504.2, 369.6]",
3.0,Villa Custom Door (WDL),False,,644,0.93,2,,Intermediate Pivot,M19,RF,622,,Rixson,Flat black,,644,"[74.3, 373.0, 504.2, 385.2]",
3.0,Villa Custom Door (WDL),False,,644,0.93,1,,Access Control Mort Lock,IN100-82277-BIPS LNMW LC,SA,BSP,,Sargent,Black suede powder coat,,644,"[74.3, 389.7, 504.9, 401.9]",
3.0,Villa Custom Door (WDL),False,,644,0.93,1,,Mortise Cylinder,72 43 verify cam,SA,BSP,,Sargent,Black suede powder coat,,644,"[74.3, 406.3, 504.9, 418.5]",
3.0,Villa Custom Door (WDL),False,,644,0.93,1,,Small Format Inter Core,7300B CKC GMK,SA,US4,,Sargent,Satin brass,,644,"[74.3, 422.0, 504.9, 434.2]",
3.0,Villa Custom Door (WDL),False,,644,0.93,1,,Door Stop,RM850,RO,BSP,,Rockwood,Black suede powder coat,,644,"[74.3, 437.6, 506.1, 449.8]",
3.0,Villa Custom Door (WDL),False,,644,0.93,1,,Sweep,18062BSPNB,PE,,,Pemko,,,644,"[74.3, 453.3, 503.6, 465.5]",
3.0,Villa Custom Door (WDL),False,,644,0.93,1,,Threshold,Per Detail / Type as Req,PE,,,Pemko,,,644,"[74.3, 468.9, 503.6, 481.1]",
3.0,Villa Custom Door (WDL),False,,644,0.93,1,,Viewer,627,RO,BLK,,Rockwood,Black,,644,"[74.3, 484.5, 506.1, 496.7]",
4.0,Unit Garage Door U1F,False,,"644, 645",0.92,4,,"Hinge, Full Mortise",TA2714,MK,US15,,McKinney,Satin nickel,,644,"[74.3, 632.1, 508.6, 644.4]",
4.0,Unit Garage Door U1F,False,,"644, 645",0.92,1,,Turn Bolt,V04 468,SA,US26D,,Sargent,Satin chrome,,644,"[74.3, 647.7, 504.9, 660.0]",
4.0,Unit Garage Door U1F,False,,"644, 645",0.92,1,,Passage Latch,12 28 DLU15 COMB,SA,US15,,Sargent,Satin nickel,,644,"[74.3, 663.3, 504.9, 675.6]",
4.0,Unit Garage Door U1F,False,,"644, 645",0.92,1,,Surface Closer,1601 P (mount inside room),NO,689,,Norton,Aluminum painted,,644,"[74.3, 679.1, 506.7, 691.3]",
4.0,Unit Garage Door U1F,False,,"644, 645",0.92,1,,Wall Stop,430-RKW,RO,US15,,Rockwood,Satin nickel,,644,"[74.3, 694.7, 506.1, 706.9]",
4.0,Unit Garage Door U1F,False,,"644, 645",0.92,1,,Gasketing,S88BL,PE,,,Pemko,,,645,"[74.3, 51.4, 503.6, 63.6]",
4.0,Unit Garage Door U1F,False,,"644, 645",0.92,1,,Door Bottom,2113AV,PE,,,Pemko,,,645,"[74.3, 67.0, 503.6, 79.2]",
4.0,Unit Garage Door U1F,False,,"644, 645",0.92,1,,Threshold,Per Detail / Type as Req,PE,,,Pemko,,,645,"[74.3, 82.7, 503.6, 94.9]",
5.0,"Unit Bath, Bedroom Door U1C",False,,645,0.96,4,,"Hinge, Full Mortise","RC TA2714 4"" x 4""",MK,US15,,McKinney,Satin nickel,,645,"[74.3, 160.9, 508.6, 173.2]",
5.0,"Unit Bath, Bedroom Door U1C",False,,645,0.96,1,,Privacy Lock,14 DLU65 COMB,SA,US15,,Sargent,Satin nickel,,645,"[74.3, 176.5, 504.9, 188.8]",
5.0,"Unit Bath, Bedroom Door U1C",False,,645,0.96,1,,Door Stop,519,RO,US15,,Rockwood,Satin nickel,,645,"[74.3, 192.3, 506.1, 204.5]",
5.0,"Unit Bath, Bedroom Door U1C",False,,645,0.96,1,,Hinge Pin Door Stop,76306,MK,US26D,,McKinney,Satin chrome,,645,"[74.3, 207.9, 508.6, 220.1]",
6.0,"Unit Bedroom, Powder Room Door U1",False,,645,0.96,3,,"Hinge, Full Mortise","RC TA2714 4"" x 4""",MK,US15,,McKinney,Satin nickel,,645,"[74.3, 330.1, 508.6, 342.3]",
6.0,"Unit Bedroom, Powder Room Door U1",False,,645,0.96,1,,Privacy Lock,14 DLU65 COMB,SA,US15,,Sargent,Satin nickel,,645,"[74.3, 345.8, 504.9, 358.0]",
6.0,"Unit Bedroom, Powder Room Door U1",False,,645,0.96,1,,Wall Stop,409,RO,US32D,,Rockwood,Satin stainless,,645,"[74.3, 361.4, 506.1, 373.6]",
6.0,"Unit Bedroom, Powder Room Door U1",False,,645,0.96,1,,Door Stop,519,RO,US15,,Rockwood,Satin nickel,,645,"[74.3, 377.1, 506.1, 389.3]",
7.0,Unit Den Doors U5,False,,645,0.96,3,,"Hinge, Full Mortise","RC TA2714 4"" x 4""",MK,US15,,McKinney,Satin nickel,,645,"[74.3, 455.4, 508.6, 467.6]",
7.0,Unit Den Doors U5,False,,645,0.96,1,,Passage Latch,14 DLU15 COMB,SA,US15,,Sargent,Satin nickel,,645,"[74.3, 471.0, 504.9, 483.2]",
7.0,Unit Den Doors U5,False,,645,0.96,1,,Wall Stop,409,RO,US32D,,Rockwood,Satin stainless,,645,"[74.3, 486.6, 506.1, 498.8]",
7.0,Unit Den Doors U5,False,,645,0.96,1,,Door Stop,519,RO,US15,,Rockwood,Satin nickel,,645,"[74.3, 502.3, 506.1, 514.5]",
8.0,Unit Closet Door U8,False,,645,0.93,2,,"Hinge, Full Mortise","RC T2714 3-1/2"" x 3-1/2""",MK,US15,,McKinney,Satin nickel,,645,"[74.3, 611.9, 508.6, 624.1]",
8.0,Unit Closet Door U8,False,,645,0.93,1,,Passage Latch,13 14 DLU15 COMB,SA,US15,,Sargent,Satin nickel,,645,"[74.3, 627.5, 504.9, 639.7]",
8.0,Unit Closet Door U8,False,,645,0.93,1,,Hinge Pin Door Stop,76306,MK,US26D,,McKinney,Satin chrome,,645,"[74.3, 643.1, 508.6, 655.3]",
9.0,"Unit Closet Door U1A, U1B, UIE",False,,"645, 646",0.93,3,,"Hinge, Full Mortise","RC T2714 4"" x 4""",MK,US15,,McKinney,Satin nickel,,646,"[74.3, 82.7, 508.6, 94.9]",
9.0,"Unit Closet Door U1A, U1B, UIE",False,,"645, 646",0.93,1,,Passage Latch,14 DLU15 COMB,SA,US15,,Sargent,Satin nickel,,646,"[74.3, 98.3, 504.9, 110.5]",
9.0,"Unit Closet Door U1A, U1B, UIE",False,,"645, 646",0.93,1,,Hinge Pin Door Stop,76306,MK,US26D,,McKinney,Satin chrome,,646,"[74.3, 114.0, 508.6, 126.2]",
10.0,"Unit HVAC Closet Doors U4A, U4B",False,,646,0.93,4,,"Hinge, Full Mortise","RC T2714 4"" x 4""",MK,US15,,McKinney,Satin nickel,,646,"[74.3, 192.3, 508.6, 204.5]",
10.0,"Unit HVAC Closet Doors U4A, U4B",False,,646,0.93,1,,Passage Latch,14 DLU15 COMB,SA,US15,,Sargent,Satin nickel,,646,"[74.3, 207.9, 504.9, 220.1]",
10.0,"Unit HVAC Closet Doors U4A, U4B",False,,646,0.93,1,,Hinge Pin Door Stop,76306,MK,US26D,,McKinney,Satin chrome,,646,"[74.3, 223.5, 508.6, 235.7]",
11.0,Unit HVAC Closet DoorU4C,False,,646,0.93,4,,"Hinge, Full Mortise","RC TA2714 4"" x 4""",MK,US15,,McKinney,Satin nickel,,646,"[74.3, 301.9, 508.6, 314.1]",
11.0,Unit HVAC Closet DoorU4C,False,,646,0.93,1,,Passage Latch,14 DLU15 COMB,SA,US15,,Sargent,Satin nickel,,646,"[74.3, 317.5, 504.9, 329.7]",
11.0,Unit HVAC Closet DoorU4C,False,,646,0.93,1,,Hinge Pin Door Stop,76306,MK,US26D,,McKinney,Satin chrome,,646,"[74.3, 333.1, 508.6, 345.3]",
12.0,"Unit HVAC Closet Doors U9, U9A, U9B",False,,646,0.93,3,,"Hinge, Full Mortise","RC T2714 3-1/2"" x 3-1/2""",MK,US15,,McKinney,Satin nickel,,646,"[74.3, 411.3, 508.6, 423.5]",
12.0,"Unit HVAC Closet Doors U9, U9A, U9B",False,,646,0.93,1,,Passage Latch,13 14 DLU15 COMB,SA,US15,,Sargent,Satin nickel,,646,"[74.3, 427.0, 504.9, 439.3]",
12.0,"Unit HVAC Closet Doors U9, U9A, U9B",False,,646,0.93,1,,Hinge Pin Door Stop,76306,MK,US26D,,McKinney,Satin chrome,,646,"[74.3, 442.6, 508.6, 454.9]",
13.0,"Unit Laundry Closet Doors U3, U3A",False,,646,0.96,3,,"Hinge, Full Mortise","RC T2714 4"" x 4""",MK,US15,,McKinney,Satin nickel,,646,"[74.3, 520.9, 508.6, 533.1]",
13.0,"Unit Laundry Closet Doors U3, U3A",False,,646,0.96,1,,Roller Latch,911RC,RO,US26D,,Rockwood,Satin chrome,,646,"[74.3, 536.6, 506.1, 548.8]",
13.0,"Unit Laundry Closet Doors U3, U3A",False,,646,0.96,1,,Half Dummy Trim,DLU93 COMB,SA,US15,,Sargent,Satin nickel,,646,"[74.3, 552.2, 504.9, 564.4]",
13.0,"Unit Laundry Closet Doors U3, U3A",False,,646,0.96,1,,Hinge Pin Door Stop,76306,MK,US26D,,McKinney,Satin chrome,,646,"[74.3, 567.8, 508.6, 580.0]",
14.0,Unit Laundry Closet Doors U3B,False,,646,0.96,4,,"Hinge, Full Mortise","RC TA2714 4"" x 4""",MK,US15,,McKinney,Satin nickel,,646,"[74.3, 646.1, 508.6, 658.3]",
14.0,Unit Laundry Closet Doors U3B,False,,646,0.96,1,,Roller Latch,911RC,RO,US26D,,Rockwood,Satin chrome,,646,"[74.3, 661.8, 506.1, 674.0]",
14.0,Unit Laundry Closet Doors U3B,False,,646,0.96,1,,Half Dummy Trim,DLU93 COMB,SA,US15,,Sargent,Satin nickel,,646,"[74.3, 677.4, 504.9, 689.6]",
14.0,Unit Laundry Closet Doors U3B,False,,646,0.96,1,,Hinge Pin Door Stop,76306,MK,US26D,,McKinney,Satin chrome,,646,"[74.3, 693.1, 508.6, 705.3]",
15.0,"Unit Closet Door Pairs U21, U21A, U21B, U21C, U21D, U21E, U21F, U21G, U21H,",False,,647,0.96,6,,"Hinge, Full Mortise","RC T2714 4"" x 4""",MK,US15,,McKinney,Satin nickel,,647,"[74.3, 126.6, 508.6, 138.8]",
15.0,"Unit Closet Door Pairs U21, U21A, U21B, U21C, U21D, U21E, U21F, U21G, U21H,",False,,647,0.96,2,,Roller Latch,911RC,RO,US26D,,Rockwood,Satin chrome,,647,"[74.3, 142.2, 506.1, 154.4]",
15.0,"Unit Closet Door Pairs U21, U21A, U21B, U21C, U21D, U21E, U21F, U21G, U21H,",False,,647,0.96,2,,Half Dummy Trim,DLU93 COMB,SA,US15,,Sargent,Satin nickel,,647,"[74.3, 157.9, 504.9, 170.2]",
15.0,"Unit Closet Door Pairs U21, U21A, U21B, U21C, U21D, U21E, U21F, U21G, U21H,",False,,647,0.96,2,,Hinge Pin Door Stop,76306,MK,US26D,,McKinney,Satin chrome,,647,"[74.3, 173.5, 508.6, 185.8]",
16.0,"Unit Closet Door Pairs U27A, U27B, U27C, U27D, U27E",False,,647,0.96,4,,"Hinge, Full Mortise","RC T2714 3-1/2"" x 3-1/2""",MK,US15,,McKinney,Satin nickel,,647,"[74.3, 283.1, 508.6, 295.4]",
16.0,"Unit Closet Door Pairs U27A, U27B, U27C, U27D, U27E",False,,647,0.96,2,,Roller Latch,911RC,RO,US26D,,Rockwood,Satin chrome,,647,"[74.3, 298.9, 506.1, 311.1]",
16.0,"Unit Closet Door Pairs U27A, U27B, U27C, U27D, U27E",False,,647,0.96,2,,Half Dummy Trim,DLU93 COMB,SA,US15,,Sargent,Satin nickel,,647,"[74.3, 314.5, 504.9, 326.7]",
16.0,"Unit Closet Door Pairs U27A, U27B, U27C, U27D, U27E",False,,647,0.96,2,,Door Stop,519,RO,US15,,Rockwood,Satin nickel,,647,"[74.3, 330.1, 506.1, 342.3]",
17.0,"Unit Sliding Pocket Doors U2, U2A, U10",False,,647,0.9,1,,Hardware Set,LP200A 6',PE,,,Pemko,,,647,"[74.3, 408.3, 503.6, 420.5]",
17.0,"Unit Sliding Pocket Doors U2, U2A, U10",False,,647,0.9,1,,Pocket Door Latch,1074-1 Stockholm,TC,630,,,Satin stainless steel,,647,"[74.3, 424.0, 504.9, 436.3]",
18.0,Sliding Pocket Door,False,,647,0.91,1,,Hardware Set,LP200A 6',PE,,,Pemko,,,647,"[74.3, 558.8, 503.6, 571.0]",
18.0,Sliding Pocket Door,False,,647,0.91,1,,Pocket Door Latch @ Privacy,1074-1 Stockholm,TC,630,,,Satin stainless steel,,647,"[74.3, 574.5, 504.9, 586.8]",
18.0,Sliding Pocket Door,False,,647,0.91,2,,Pull,RM5270-12 Mtg-Type 5HD,RO,US32D,,Rockwood,Satin stainless,,647,"[74.3, 590.1, 506.1, 602.4]",
19.0,Unit Bi-Pass Doors U26,False,,647,0.92,1,,Sliding Door Hdwe,HBP200A length as required,PE,,,Pemko,,,647,"[74.3, 668.4, 503.6, 680.6]",
19.0,Unit Bi-Pass Doors U26,False,,647,0.92,2,,Flush Pull,860,RO,US32D,,Rockwood,Satin stainless,,647,"[74.3, 684.1, 506.1, 696.3]",
20.0,Staff (Passage),False,,648,0.92,3,,"Hinge, Full Mortise",TA2714,MK,US15,,McKinney,Satin nickel,,648,"[74.3, 98.3, 508.6, 110.5]",
20.0,Staff (Passage),False,,648,0.92,1,,Passage Latch,10XU15 LMW,SA,US15,,Sargent,Satin nickel,,648,"[74.3, 114.0, 504.9, 126.2]",
20.0,Staff (Passage),False,,648,0.92,1,,Surface Closer,351 H,SA,EN,,Sargent,,,648,"[74.3, 129.6, 504.9, 141.8]",
20.0,Staff (Passage),False,,648,0.92,1,,Kick Plate,"K1050=10"" high CSK BEV",RO,US32D,,Rockwood,Satin stainless,,648,"[74.3, 145.2, 506.1, 157.4]",
20.0,Staff (Passage),False,,648,0.92,1,,Wall Stop,430-RKW,RO,US15,,Rockwood,Satin nickel,,648,"[74.3, 160.9, 506.1, 173.2]",
20.0,Staff (Passage),False,,648,0.92,1,,Gasketing,S88BL,PE,,,Pemko,,,648,"[74.3, 176.5, 503.6, 188.8]",
21.0,Staff (Passage),False,,648,0.92,3,,"Hinge, Full Mortise",TA2714,MK,US15,,McKinney,Satin nickel,,648,"[74.3, 286.1, 508.6, 298.4]",
21.0,Staff (Passage),False,,648,0.92,1,,Passage Latch,10XU15 LP,SA,US26D,,Sargent,Satin chrome,,648,"[74.3, 301.9, 504.9, 314.1]",
21.0,Staff (Passage),False,,648,0.92,1,,Surface Closer,351 P9,SA,EN,,Sargent,,,648,"[74.3, 317.5, 504.9, 329.7]",
21.0,Staff (Passage),False,,648,0.92,1,,Kick Plate,"K1050=10"" high CSK BEV",RO,US32D,,Rockwood,Satin stainless,,648,"[74.3, 333.1, 506.1, 345.3]",
21.0,Staff (Passage),False,,648,0.92,1,,Wall Stop,430-RKW,RO,US15,,Rockwood,Satin nickel,,648,"[74.3, 348.8, 506.1, 361.0]",
21.0,Staff (Passage),False,,648,0.92,1,,Gasketing,S88BL,PE,,,Pemko,,,648,"[74.3, 364.4, 503.6, 376.6]",
22.0,MC Unit Entry (Passage),False,,648,0.92,3,,"Hinge, Full Mortise",TA2714,MK,US15,,McKinney,Satin nickel,,648,"[74.3, 442.6, 508.6, 454.9]",
22.0,MC Unit Entry (Passage),False,,648,0.92,1,,Passage Latch,10XU15 LMW,SA,US15,,Sargent,Satin nickel,,648,"[74.3, 458.4, 504.9, 470.6]",
22.0,MC Unit Entry (Passage),False,,648,0.92,1,,Wall Stop,430-RKW,RO,US15,,Rockwood,Satin nickel,,648,"[74.3, 474.0, 506.1, 486.2]",
22.0,MC Unit Entry (Passage),False,,648,0.92,1,,Gasketing,S88BL,PE,,,Pemko,,,648,"[74.3, 489.6, 503.6, 501.8]",
22.0,MC Unit Entry (Passage),False,,648,0.92,1,,Door Bottom,2113AV,PE,,,Pemko,,,648,"[74.3, 505.3, 503.6, 517.5]",
22.0,MC Unit Entry (Passage),False,,648,0.92,1,,Threshold,Per Detail / Type as Req,PE,,,Pemko,,,648,"[74.3, 520.9, 503.6, 533.1]",
23.0,Auditorium (Passage),False,,"648, 649",0.91,3,,"Hinge, Full Mortise",TA2714,MK,US15,,McKinney,Satin nickel,,648,"[74.3, 630.5, 508.6, 642.7]",
23.0,Auditorium (Passage),False,,"648, 649",0.91,1,,Passage Latch,10XU15 LMW,SA,US15,,Sargent,Satin nickel,,648,"[74.3, 646.1, 504.9, 658.3]",
23.0,Auditorium (Passage),False,,"648, 649",0.91,1,,Surface Closer,351 O,SA,EN,,Sargent,,,648,"[74.3, 661.8, 504.9, 674.0]",
23.0,Auditorium (Passage),False,,"648, 649",0.91,1,,Door Stop,406,RO,US32D,,Rockwood,Satin stainless,,648,"[74.3, 677.4, 506.1, 689.6]",
23.0,Auditorium (Passage),False,,"648, 649",0.91,1,,Sound Gasketing,S773BL,PE,,,Pemko,,,648,"[74.3, 693.1, 503.6, 705.3]",
23.0,Auditorium (Passage),False,,"648, 649",0.91,1,,Door Bottom,420APKL @ HM / 434APKL@ WD,PE,,,Pemko,,,649,"[74.3, 51.4, 503.6, 63.6]",
23.0,Auditorium (Passage),False,,"648, 649",0.91,1,,Threshold,151A MSES25,PE,,,Pemko,,,649,"[74.3, 67.0, 503.6, 79.2]",
24.0,Passage,False,,649,0.92,3,,"Hinge, Full Mortise",TA2714,MK,US15,,McKinney,Satin nickel,,649,"[74.3, 145.2, 508.6, 157.4]",
24.0,Passage,False,,649,0.92,1,,Passage Latch,10XU15 LMW,SA,US15,,Sargent,Satin nickel,,649,"[74.3, 160.9, 504.9, 173.2]",
24.0,Passage,False,,649,0.92,1,,Wall Stop,430-RKW,RO,US15,,Rockwood,Satin nickel,,649,"[74.3, 176.5, 506.1, 188.8]",
24.0,Passage,False,,649,0.92,1,,Gasketing,S88BL,PE,,,Pemko,,,649,"[74.3, 192.3, 503.6, 204.5]",
25.0,"Exam, Intake, Speech",False,,649,0.92,3,,"Hinge, Full Mortise",TA2714,MK,US15,,McKinney,Satin nickel,,649,"[74.3, 270.5, 508.6, 282.8]",
25.0,"Exam, Intake, Speech",False,,649,0.92,1,,Passage Latch,10XU15 LMW,SA,US15,,Sargent,Satin nickel,,649,"[74.3, 286.1, 504.9, 298.4]",
25.0,"Exam, Intake, Speech",False,,649,0.92,1,,Wall Stop,430-RKW,RO,US15,,Rockwood,Satin nickel,,649,"[74.3, 301.9, 506.1, 314.1]",
25.0,"Exam, Intake, Speech",False,,649,0.92,1,,Gasketing,S88BL,PE,,,Pemko,,,649,"[74.3, 317.5, 503.6, 329.7]",
26.0,Lockers,False,,649,0.92,3,,"Hinge, Full Mortise",TA2714,MK,US15,,McKinney,Satin nickel,,649,"[74.3, 395.7, 508.6, 407.9]",
26.0,Lockers,False,,649,0.92,1,,Passage Latch,10XU15 LP,SA,US26D,,Sargent,Satin chrome,,649,"[74.3, 411.3, 504.9, 423.5]",
26.0,Lockers,False,,649,0.92,1,,Conc Overhead Stop,2-336,RF,652,,Rixson,Satin chrome plated steel,,649,"[74.3, 427.0, 504.2, 439.3]",
26.0,Lockers,False,,649,0.92,1,,Surface Closer,DA 351 O,SA,EN,,Sargent,,,649,"[74.3, 442.6, 504.9, 454.9]",
26.0,Lockers,False,,649,0.92,1,,Kick Plate,"K1050=10"" high CSK BEV",RO,US32D,,Rockwood,Satin stainless,,649,"[74.3, 458.4, 506.1, 470.6]",
26.0,Lockers,False,,649,0.92,1,,Gasketing,S88BL,PE,,,Pemko,,,649,"[74.3, 474.0, 503.6, 486.2]",
26.0,Lockers,False,,649,0.92,1,,Threshold,Per Detail / Type as Req,PE,,,Pemko,,,649,"[74.3, 489.6, 503.6, 501.8]",
27.0,Res Lockers (WDL),False,,649,0.92,3,,"Hinge, Full Mortise, Hvy Wt",T4A3786,MK,US15,,McKinney,Satin nickel,,649,"[74.3, 567.8, 508.6, 580.0]",
27.0,Res Lockers (WDL),False,,649,0.92,1,,Passage Latch,10XU15 LP,SA,US26D,,Sargent,Satin chrome,,649,"[74.3, 583.5, 504.9, 595.8]",
27.0,Res Lockers (WDL),False,,649,0.92,1,,Surface Closer,DA 351 UO,SA,EN,,Sargent,,,649,"[74.3, 599.1, 504.9, 611.4]",
27.0,Res Lockers (WDL),False,,649,0.92,1,,Door Stop,406,RO,US32D,,Rockwood,Satin stainless,,649,"[74.3, 614.9, 506.1, 627.1]",
27.0,Res Lockers (WDL),False,,649,0.92,1,,Gasketing,S88BL,PE,,,Pemko,,,649,"[74.3, 630.5, 503.6, 642.7]",
27.0,Res Lockers (WDL),False,,649,0.92,1,,Threshold,Per Detail / Type as Req,PE,,,Pemko,,,649,"[74.3, 646.1, 503.6, 658.3]",
28.0,Trash,False,,650,0.92,3,,"Hinge, Full Mortise",TA2714,MK,US15,,McKinney,Satin nickel,,650,"[74.3, 98.3, 508.6, 110.5]",
28.0,Trash,False,,650,0.92,1,,Passage Latch,10XU15 LMW,SA,US15,,Sargent,Satin nickel,,650,"[74.3, 114.0, 504.9, 126.2]",
28.0,Trash,False,,650,0.92,1,,Surface Closer,DA 351 O,SA,EN,,Sargent,,,650,"[74.3, 129.6, 504.9, 141.8]",
28.0,Trash,False,,650,0.92,1,,Kick Plate,"K1050=10"" high CSK BEV",RO,US32D,,Rockwood,Satin stainless,,650,"[74.3, 145.2, 506.1, 157.4]",
28.0,Trash,False,,650,0.92,1,,Wall Stop,430-RKW,RO,US15,,Rockwood,Satin nickel,,650,"[74.3, 160.9, 506.1, 173.2]",
28.0,Trash,False,,650,0.92,1,,Gasketing,S88BL,PE,,,Pemko,,,650,"[74.3, 176.5, 503.6, 188.8]",
28.0,Trash,False,,650,0.92,1,,Threshold,Per Detail / Type as Req,PE,,,Pemko,,,650,"[74.3, 192.3, 503.6, 204.5]",
29.0,Trash,False,,650,0.92,3,,"Hinge, Full Mortise",TA2714,MK,US15,,McKinney,Satin nickel,,650,"[74.3, 270.5, 508.6, 282.8]",
29.0,Trash,False,,650,0.92,1,,Passage Latch,10XU15 LMW,SA,US15,,Sargent,Satin nickel,,650,"[74.3, 286.1, 504.9, 298.4]",
29.0,Trash,False,,650,0.92,1,,Kick Plate,"K1050=10"" high CSK BEV",RO,US32D,,Rockwood,Satin stainless,,650,"[74.3, 301.9, 506.1, 314.1]",
29.0,Trash,False,,650,0.92,1,,Wall Stop,430-RKW,RO,US15,,Rockwood,Satin nickel,,650,"[74.3, 317.5, 506.1, 329.7]",
29.0,Trash,False,,650,0.92,1,,Gasketing,S88BL,PE,,,Pemko,,,650,"[74.3, 333.1, 503.6, 345.3]",
29.0,Trash,False,,650,0.92,1,,Sweep,18062CNB,PE,,,Pemko,,,650,"[74.3, 348.8, 503.6, 361.0]",
29.0,Trash,False,,650,0.92,1,,Threshold,Per Detail / Type as Req,PE,,,Pemko,,,650,"[74.3, 364.4, 503.6, 376.6]",
30.0,Pantry (WDL),False,,650,0.93,3,,"Hinge, Full Mortise",TA2714,MK,US15,,McKinney,Satin nickel,,650,"[74.3, 442.6, 508.6, 454.9]",
30.0,Pantry (WDL),False,,650,0.93,1,,Access Control Cyl Lock,70 IN100-10XG77-BIPS B LP,SA,US15,,Sargent,Satin nickel,,650,"[74.3, 459.3, 504.9, 471.5]",
30.0,Pantry (WDL),False,,650,0.93,1,,Small Format Inter Core,7300B CKC GMK,SA,US15,,Sargent,Satin nickel,,650,"[74.3, 476.0, 504.9, 488.2]",
30.0,Pantry (WDL),False,,650,0.93,1,,Surface Closer,DA 351 O,SA,EN,,Sargent,,,650,"[74.3, 491.6, 504.9, 503.8]",
30.0,Pantry (WDL),False,,650,0.93,1,,Kick Plate,"K1050=10"" high CSK BEV",RO,US32D,,Rockwood,Satin stainless,,650,"[74.3, 507.2, 506.1, 519.4]",
30.0,Pantry (WDL),False,,650,0.93,1,,Mop Plate (@ in-swing door),"K1050 4"" high BEV CSK",RO,US32D,,Rockwood,Satin stainless,,650,"[74.3, 522.9, 506.1, 535.1]",
30.0,Pantry (WDL),False,,650,0.93,1,,Door Stop,406,RO,US32D,,Rockwood,Satin stainless,,650,"[74.3, 538.5, 506.1, 550.7]",
31.0,Employee Restroom,False,,"650, 651",0.93,3,,"Hinge, Full Mortise",TA2714,MK,US15,,McKinney,Satin nickel,,650,"[74.3, 648.1, 508.6, 660.3]",
31.0,Employee Restroom,False,,"650, 651",0.93,1,,Pull Plate,111x70C,RO,US32D,,Rockwood,Satin stainless,,650,"[74.3, 663.7, 506.1, 675.9]",
31.0,Employee Restroom,False,,"650, 651",0.93,1,,Push Plate,70C-RKW,RO,US32D,,Rockwood,Satin stainless,,650,"[74.3, 679.4, 506.1, 691.6]",
31.0,Employee Restroom,False,,"650, 651",0.93,1,,Surface Closer,DA 351 O,SA,EN,,Sargent,,,650,"[74.3, 695.0, 504.9, 707.2]",
31.0,Employee Restroom,False,,"650, 651",0.93,1,,Kick Plate,"K1050=10"" high CSK BEV",RO,US32D,,Rockwood,Satin stainless,,651,"[74.3, 51.4, 506.1, 63.6]",
31.0,Employee Restroom,False,,"650, 651",0.93,1,,Mop Plate (@ in-swing door),"K1050 4"" high BEV CSK",RO,US32D,,Rockwood,Satin stainless,,651,"[74.3, 67.0, 506.1, 79.2]",
31.0,Employee Restroom,False,,"650, 651",0.93,1,,Door Stop,406,RO,US32D,,Rockwood,Satin stainless,,651,"[74.3, 82.7, 506.1, 94.9]",
31.0,Employee Restroom,False,,"650, 651",0.93,1,,Gasketing,S88BL,PE,,,Pemko,,,651,"[74.3, 98.3, 503.6, 110.5]",
31.0,Employee Restroom,False,,"650, 651",0.93,1,,Threshold,Per Detail / Type as Req,PE,,,Pemko,,,651,"[74.3, 114.0, 503.6, 126.2]",
32.0,Mother's Room,False,,651,0.92,3,,"Hinge, Full Mortise",TA2714,MK,US15,,McKinney,Satin nickel,,651,"[74.3, 192.3, 508.6, 204.5]",
32.0,Mother's Room,False,,651,0.92,1,,Indicator Privacy,10X G65 VSLL V33,SA,US26D,,Sargent,Satin chrome,,651,"[74.3, 207.9, 504.9, 220.1]",
32.0,Mother's Room,False,,651,0.92,1,,Surface Closer,DA 351 O,SA,EN,,Sargent,,,651,"[74.3, 223.5, 504.9, 235.7]",
32.0,Mother's Room,False,,651,0.92,1,,Kick Plate,"K1050=10"" high CSK BEV",RO,US32D,,Rockwood,Satin stainless,,651,"[74.3, 239.2, 506.1, 251.4]",
32.0,Mother's Room,False,,651,0.92,1,,Mop Plate (@ in-swing door),"K1050 4"" high BEV CSK",RO,US32D,,Rockwood,Satin stainless,,651,"[74.3, 254.8, 506.1, 267.0]",
32.0,Mother's Room,False,,651,0.92,1,,Wall Stop,409,RO,US32D,,Rockwood,Satin stainless,,651,"[74.3, 270.5, 506.1, 282.8]",
32.0,Mother's Room,False,,651,0.92,1,,Gasketing,S88BL,PE,,,Pemko,,,651,"[74.3, 286.1, 503.6, 298.4]",
32.0,Mother's Room,False,,651,0.92,1,,Threshold,Per Detail / Type as Req,PE,,,Pemko,,,651,"[74.3, 301.9, 503.6, 314.1]",
33.0,Changing,False,,651,0.96,3,,"Hinge, Full Mortise",TA2714,MK,US15,,McKinney,Satin nickel,,651,"[74.3, 380.1, 508.6, 392.3]",
33.0,Changing,False,,651,0.96,1,,Indicator Bolt,D292 V21,YA,626,,Yale,Satin chrome,,651,"[74.3, 395.7, 506.7, 407.9]",
33.0,Changing,False,,651,0.96,2,,Pull,RM5270-12 Mtg-Type 5HD,RO,US32D,,Rockwood,Satin stainless,,651,"[74.3, 411.3, 506.1, 423.5]",
33.0,Changing,False,,651,0.96,1,,Wall Stop,430-RKW,RO,US15,,Rockwood,Satin nickel,,651,"[74.3, 427.0, 506.1, 439.3]",
33.0,Changing,False,,651,0.96,2,,Coat Hook,RM801,RO,US26D,,Rockwood,Satin chrome,,651,"[74.3, 442.6, 506.1, 454.9]",
34.0,Sng Occupant Staff Restroom,False,,651,0.93,3,,"Hinge, Full Mortise",TA2714,MK,US15,,McKinney,Satin nickel,,651,"[74.3, 520.9, 508.6, 533.1]",
34.0,Sng Occupant Staff Restroom,False,,651,0.93,1,,Indicator Privacy,10X G65 VSLL V33,SA,US26D,,Sargent,Satin chrome,,651,"[74.3, 536.6, 504.9, 548.8]",
34.0,Sng Occupant Staff Restroom,False,,651,0.93,1,,Surface Closer,DA 351 O,SA,EN,,Sargent,,,651,"[74.3, 552.2, 504.9, 564.4]",
34.0,Sng Occupant Staff Restroom,False,,651,0.93,1,,Kick Plate,"K1050=10"" high CSK BEV",RO,US32D,,Rockwood,Satin stainless,,651,"[74.3, 567.8, 506.1, 580.0]",
34.0,Sng Occupant Staff Restroom,False,,651,0.93,1,,Mop Plate (@ in-swing door),"K1050 4"" high BEV CSK",RO,US32D,,Rockwood,Satin stainless,,651,"[74.3, 583.5, 506.1, 595.8]",
34.0,Sng Occupant Staff Restroom,False,,651,0.93,1,,Wall Stop,409,RO,US32D,,Rockwood,Satin stainless,,651,"[74.3, 599.1, 506.1, 611.4]",
34.0,Sng Occupant Staff Restroom,False,,651,0.93,1,,Gasketing,S88BL,PE,,,Pemko,,,651,"[74.3, 614.9, 503.6, 627.1]",
34.0,Sng Occupant Staff Restroom,False,,651,0.93,1,,Threshold,Per Detail / Type as Req,PE,,,Pemko,,,651,"[74.3, 630.5, 503.6, 642.7]",
34.0,Sng Occupant Staff Restroom,False,,651,0.93,2,,Coat Hook,RM801,RO,US26D,,Rockwood,Satin chrome,,651,"[74.3, 646.1, 506.1, 658.3]",
35.0,Sng Occupant Bath,False,,"651, 652",0.93,3,,"Hinge, Full Mortise",TA2714,MK,US15,,McKinney,Satin nickel,,652,"[74.3, 67.0, 508.6, 79.2]",
35.0,Sng Occupant Bath,False,,"651, 652",0.93,1,,Privacy Lock,LB V21 8265 LNMW,SA,US15,,Sargent,Satin nickel,,652,"[74.3, 82.7, 504.9, 94.9]",
35.0,Sng Occupant Bath,False,,"651, 652",0.93,1,,Wall Stop,430-RKW,RO,US15,,Rockwood,Satin nickel,,652,"[74.3, 98.3, 506.1, 110.5]",
35.0,Sng Occupant Bath,False,,"651, 652",0.93,1,,Threshold,Per Detail / Type as Req,PE,,,Pemko,,,652,"[74.3, 114.0, 503.6, 126.2]",
35.0,Sng Occupant Bath,False,,"651, 652",0.93,2,,Coat Hook,RM801,RO,US26D,,Rockwood,Satin chrome,,652,"[74.3, 129.6, 506.1, 141.8]",
36.0,Sng Occupant Restroom (ADO-PP Pulls),False,,652,0.93,3,,"Hinge, Full Mortise",TA2714,MK,US15,,McKinney,Satin nickel,,652,"[74.3, 207.9, 508.6, 220.1]",
36.0,Sng Occupant Restroom (ADO-PP Pulls),False,,652,0.93,1,,Indicator Bolt,D292 V21,YA,626,,Yale,Satin chrome,,652,"[74.3, 223.5, 506.7, 235.7]",
36.0,Sng Occupant Restroom (ADO-PP Pulls),False,,652,0.93,2,,Pull,RM5270-12 Mtg-Type 5HD,RO,US32D,,Rockwood,Satin stainless,,652,"[74.3, 239.2, 506.1, 251.4]",
36.0,Sng Occupant Restroom (ADO-PP Pulls),False,,652,0.93,1,,Automatic Opener,6211 120V,NO,689,,Norton,Aluminum painted,,652,"[74.3, 255.9, 506.7, 268.1]",
36.0,Sng Occupant Restroom (ADO-PP Pulls),False,,652,0.93,1,,ADO Bathroom Accessory Kit,776,NO,,,Norton,,,652,"[74.3, 273.4, 506.7, 285.6]",
36.0,Sng Occupant Restroom (ADO-PP Pulls),False,,652,0.93,1,,Kick Plate,"K1050=10"" high CSK BEV",RO,US32D,,Rockwood,Satin stainless,,652,"[74.3, 290.1, 506.1, 302.3]",
36.0,Sng Occupant Restroom (ADO-PP Pulls),False,,652,0.93,1,,Wall Stop,430-RKW,RO,US15,,Rockwood,Satin nickel,,652,"[74.3, 305.8, 506.1, 318.0]",
36.0,Sng Occupant Restroom (ADO-PP Pulls),False,,652,0.93,1,,Gasketing,S88BL,PE,,,Pemko,,,652,"[74.3, 321.4, 503.6, 333.6]",
36.0,Sng Occupant Restroom (ADO-PP Pulls),False,,652,0.93,1,,Threshold,Per Detail / Type as Req,PE,,,Pemko,,,652,"[74.3, 337.0, 503.6, 349.2]",
36.0,Sng Occupant Restroom (ADO-PP Pulls),False,,652,0.93,2,,Coat Hook,RM801,RO,US26D,,Rockwood,Satin chrome,,652,"[74.3, 352.7, 506.1, 365.0]",
37.0,Sng Occupant Restroom (ADO-PP ES),False,,652,0.92,3,,"Hinge, Full Mortise",TA2714,MK,US15,,McKinney,Satin nickel,,652,"[74.3, 431.0, 508.6, 443.2]",
37.0,Sng Occupant Restroom (ADO-PP ES),False,,652,0.92,1,,Privacy Lock,LB V21 8265 LNMW,SA,US15,,Sargent,Satin nickel,,652,"[74.3, 446.6, 504.9, 458.8]",
37.0,Sng Occupant Restroom (ADO-PP ES),False,,652,0.92,1,,Electric Strike,1500C-LMS,HS,630,,,Satin stainless steel,,652,"[74.3, 463.3, 504.8, 475.5]",
37.0,Sng Occupant Restroom (ADO-PP ES),False,,652,0.92,1,,SMART Pac Bridge Rectifier,2005M3,HS,,,,,,652,"[74.3, 480.9, 504.8, 493.1]",
37.0,Sng Occupant Restroom (ADO-PP ES),False,,652,0.92,1,,Automatic Opener,6211 120V,NO,689,,Norton,Aluminum painted,,652,"[74.3, 498.6, 506.7, 510.8]",
37.0,Sng Occupant Restroom (ADO-PP ES),False,,652,0.92,1,,ADO Bathroom Accessory Kit,776,NO,,,Norton,,,652,"[74.3, 516.2, 506.7, 528.4]",
37.0,Sng Occupant Restroom (ADO-PP ES),False,,652,0.92,1,,Kick Plate,"K1050=10"" high CSK BEV",RO,US32D,,Rockwood,Satin stainless,,652,"[74.3, 532.8, 506.1, 545.0]",
37.0,Sng Occupant Restroom (ADO-PP ES),False,,652,0.92,1,,Mop Plate (@ in-swing door),"K1050 4"" high BEV CSK",RO,US32D,,Rockwood,Satin stainless,,652,"[74.3, 548.5, 506.1, 560.7]",
37.0,Sng Occupant Restroom (ADO-PP ES),False,,652,0.92,1,,Wall Stop,430-RKW,RO,US15,,Rockwood,Satin nickel,,652,"[74.3, 564.1, 506.1, 576.3]",
37.0,Sng Occupant Restroom (ADO-PP ES),False,,652,0.92,1,,Gasketing,S88BL,PE,,,Pemko,,,652,"[74.3, 579.8, 503.6, 592.0]",
37.0,Sng Occupant Restroom (ADO-PP ES),False,,652,0.92,1,,Threshold,Per Detail / Type as Req,PE,,,Pemko,,,652,"[74.3, 595.4, 503.6, 607.6]",
37.0,Sng Occupant Restroom (ADO-PP ES),False,,652,0.92,2,,Coat Hook,RM801,RO,US26D,,Rockwood,Satin chrome,,652,"[74.3, 611.0, 506.1, 623.2]",
38.0,Restroom (ADO-PP),False,,"652, 653",0.93,3,,"Hinge, Full Mortise",TA2714,MK,US15,,McKinney,Satin nickel,,652,"[74.3, 689.3, 508.6, 701.5]",
38.0,Restroom (ADO-PP),False,,"652, 653",0.93,2,,Pull,RM5270-12 Mtg-Type 5HD,RO,US32D,,Rockwood,Satin stainless,,652,"[74.3, 705.0, 506.1, 717.2]",
38.0,Restroom (ADO-PP),False,,"652, 653",0.93,1,,Automatic Opener,6211 / 6231 @ rev-bevel door 120V,NO,689,,Norton,Aluminum painted,,653,"[74.3, 52.3, 506.7, 64.5]",
38.0,Restroom (ADO-PP),False,,"652, 653",0.93,1,,ADO Bathroom Accessory Kit,776,NO,,,Norton,,,653,"[74.3, 70.0, 506.7, 82.2]",
38.0,Restroom (ADO-PP),False,,"652, 653",0.93,1,,Kick Plate,"K1050=10"" high CSK BEV",RO,US32D,,Rockwood,Satin stainless,,653,"[74.3, 86.7, 506.1, 98.9]",
38.0,Restroom (ADO-PP),False,,"652, 653",0.93,1,,Mop Plate (@ in-swing door),"K1050 4"" high BEV CSK",RO,US32D,,Rockwood,Satin stainless,,653,"[74.3, 102.3, 506.1, 114.5]",
38.0,Restroom (ADO-PP),False,,"652, 653",0.93,1,,Wall Stop,430-RKW,RO,US15,,Rockwood,Satin nickel,,653,"[74.3, 118.0, 506.1, 130.2]",
38.0,Restroom (ADO-PP),False,,"652, 653",0.93,1,,Gasketing,S88BL,PE,,,Pemko,,,653,"[74.3, 133.6, 503.6, 145.8]",
38.0,Restroom (ADO-PP),False,,"652, 653",0.93,1,,Threshold,Per Detail / Type as Req,PE,,,Pemko,,,653,"[74.3, 149.2, 503.6, 161.4]",
39.0,Exterior Restroom (ADO),False,,653,0.92,3,,"Hinge, Full Mortise",TA2314,MK,BSP,,McKinney,Black suede powder coat,,653,"[74.3, 227.5, 508.6, 239.8]",
39.0,Exterior Restroom (ADO),False,,653,0.92,1,,Privacy Lock,LB V21 8265 LNMW,SA,BSP,,Sargent,Black suede powder coat,,653,"[74.3, 243.2, 504.9, 255.4]",
39.0,Exterior Restroom (ADO),False,,653,0.92,1,,Electric Strike,1500C-LMS,HS,BSP,,,Black suede powder coat,,653,"[74.3, 259.9, 504.8, 272.1]",
39.0,Exterior Restroom (ADO),False,,653,0.92,1,,SMART Pac Bridge Rectifier,2005M3,HS,,,,,,653,"[74.3, 277.5, 504.8, 289.7]",
39.0,Exterior Restroom (ADO),False,,653,0.92,1,,Conc Overhead Stop,6-336,RF,BSP,,Rixson,Black suede powder coat,,653,"[74.3, 294.1, 504.2, 306.3]",
39.0,Exterior Restroom (ADO),False,,653,0.92,1,,Automatic Opener,6231 120V,NO,BSP,,Norton,Black suede powder coat,,653,"[74.3, 310.7, 506.7, 323.0]",
39.0,Exterior Restroom (ADO),False,,653,0.92,1,,ADO Bathroom Accessory Kit,776,NO,,,Norton,,,653,"[74.3, 328.4, 506.7, 340.6]",
39.0,Exterior Restroom (ADO),False,,653,0.92,1,,Gasketing,S88BL,PE,,,Pemko,,,653,"[74.3, 344.9, 503.6, 357.2]",
39.0,Exterior Restroom (ADO),False,,653,0.92,1,,Sweep,18062BSPNB,PE,,,Pemko,,,653,"[74.3, 360.7, 503.6, 372.9]",
39.0,Exterior Restroom (ADO),False,,653,0.92,1,,Threshold,Per Detail / Type as Req,PE,,,Pemko,,,653,"[74.3, 376.3, 503.6, 388.5]",
39.0,Exterior Restroom (ADO),False,,653,0.92,2,,Coat Hook,RM801,RO,BSP,,Rockwood,Black suede powder coat,,653,"[74.3, 392.0, 506.1, 404.2]",
40.0,"Locker, Fitness, Vestibule",False,,653,0.9,3,,"Hinge, Full Mortise, Hvy Wt",T4A3786 RM5270-12 Mtg-Type 8HD no clear,MK,US15,,McKinney,Satin nickel,,653,"[74.3, 470.2, 508.6, 498.1]",
40.0,"Locker, Fitness, Vestibule",False,,653,0.9,1,,Pull,coat,RO,US32D,,Rockwood,Satin stainless,,653,"[74.3, 492.2, 506.1, 510.8]",
40.0,"Locker, Fitness, Vestibule",False,,653,0.9,1,,Push Plate,RM1010H,RO,US32D,,Rockwood,Satin stainless,,653,"[74.3, 514.2, 506.1, 526.4]",
40.0,"Locker, Fitness, Vestibule",False,,653,0.9,1,,Surface Closer,351 UO,SA,EN,,Sargent,,,653,"[74.3, 529.8, 504.9, 542.0]",
40.0,"Locker, Fitness, Vestibule",False,,653,0.9,1,,Wall Stop,430-RKW,RO,US15,,Rockwood,Satin nickel,,653,"[74.3, 545.5, 506.1, 557.7]",
40.0,"Locker, Fitness, Vestibule",False,,653,0.9,1,,Gasketing,S88BL,PE,,,Pemko,,,653,"[74.3, 561.1, 503.6, 573.3]",
40.0,"Locker, Fitness, Vestibule",False,,653,0.9,1,,Threshold,Per Detail / Type as Req,PE,,,Pemko,,,653,"[74.3, 576.8, 503.6, 589.0]",
41.0,Private Dining (CR ES),False,,"653, 654",0.91,3,,"Hinge, Full Mortise",TA2314,MK,BSP,,McKinney,Black suede powder coat,,653,"[74.3, 655.1, 508.6, 667.3]",
41.0,Private Dining (CR ES),False,,"653, 654",0.91,1,,Exit Lock,8213 LNP,SA,US32D,,Sargent,Satin stainless,,653,"[74.3, 670.7, 504.9, 682.9]",
41.0,Private Dining (CR ES),False,,"653, 654",0.91,1,,Electric Strike,1500C-LMS,HS,630,,,Satin stainless steel,,653,"[74.3, 687.3, 504.8, 699.6]",
41.0,Private Dining (CR ES),False,,"653, 654",0.91,1,,SMART Pac Bridge Rectifier,2005M3,HS,,,,,,653,"[74.3, 705.0, 504.8, 717.2]",
41.0,Private Dining (CR ES),False,,"653, 654",0.91,1,,Pull,RM4010-48 Mtg-Type 12XHD,RO,BSP,,Rockwood,Black suede powder coat,,654,"[74.3, 51.4, 506.1, 63.6]",
41.0,Private Dining (CR ES),False,,"653, 654",0.91,1,,Surface Closer,351 P10,SA,EN,,Sargent,,,654,"[74.3, 67.0, 504.9, 79.2]",
41.0,Private Dining (CR ES),False,,"653, 654",0.91,1,,Wall Stop,430-RKW,RO,US15,,Rockwood,Satin nickel,,654,"[74.3, 82.7, 506.1, 94.9]",
41.0,Private Dining (CR ES),False,,"653, 654",0.91,1,,Gasketing,S88BL,PE,,,Pemko,,,654,"[74.3, 98.3, 503.6, 110.5]",
41.0,Private Dining (CR ES),False,,"653, 654",0.91,1,,ElectroLynx Frame Harness,QC-C1500P,MK,,,McKinney,,,654,"[74.3, 115.0, 508.6, 127.2]",
41.0,Private Dining (CR ES),False,,"653, 654",0.91,1,,Position Switch,DPS-W-GY,SU,,,Securitron,,,654,"[74.3, 132.6, 504.9, 144.8]",
41.0,Private Dining (CR ES),False,,"653, 654",0.91,1,,Card Reader,Furnished by Security Contractor,HD,,,,,,654,"[74.3, 149.2, 506.7, 161.4]",
41.0,Private Dining (CR ES),False,,"653, 654",0.91,1,,PIR Detector,Furnished by Security Contractor,AK,,,,,,654,"[74.3, 165.9, 506.7, 178.1]",
41.0,Private Dining (CR ES),False,,"653, 654",0.91,1,,Power Supply,Furnished by Security Contractor,SU,,,Securitron,,,654,"[74.3, 183.5, 504.9, 195.7]",
42.0,Massage,False,,654,0.91,3,,"Hinge, Full Mortise",TA2714,MK,US15,,McKinney,Satin nickel,,654,"[74.3, 370.0, 508.6, 382.2]",
42.0,Massage,False,,654,0.91,1,,Indicator,D292 V21 Less: bolt latch,YA,619,,Yale,Satin nickel,,654,"[74.3, 385.6, 506.7, 397.8]",
42.0,Massage,False,,654,0.91,1,,Push Plate,RM5598B RM5270-12 Mtg-Type 8HD no clear,RO,US15,,Rockwood,Satin nickel,,654,"[74.3, 401.2, 506.1, 429.2]",
42.0,Massage,False,,654,0.91,1,,Pull,coat,RO,US32D,,Rockwood,Satin stainless,,654,"[74.3, 423.3, 506.1, 441.8]",
42.0,Massage,False,,654,0.91,1,,Surface Closer,351 UO,SA,EN,,Sargent,,,654,"[74.3, 445.3, 504.9, 457.5]",
42.0,Massage,False,,654,0.91,1,,Wall Stop,430-RKW,RO,US15,,Rockwood,Satin nickel,,654,"[74.3, 460.9, 506.1, 473.1]",
42.0,Massage,False,,654,0.91,1,,Sound Gasketing,S773BL,PE,,,Pemko,,,654,"[74.3, 476.5, 503.6, 488.7]",
42.0,Massage,False,,654,0.91,1,,Door Bottom,STC411APK,PE,,,Pemko,,,654,"[74.3, 492.2, 503.6, 504.4]",
42.0,Massage,False,,654,0.91,1,,Threshold,Per Detail / Type as Req,PE,,,Pemko,,,654,"[74.3, 507.8, 503.6, 520.0]",
43.0,BOH Dry Storage,False,,654,0.92,3,,"Hinge, Full Mortise",TA2714 NRP,MK,US15,,McKinney,Satin nickel,,654,"[74.3, 586.1, 508.6, 598.3]",
43.0,BOH Dry Storage,False,,654,0.92,1,,Passage Latch,10XU15 LP,SA,US26D,,Sargent,Satin chrome,,654,"[74.3, 601.8, 504.9, 614.0]",
43.0,BOH Dry Storage,False,,654,0.92,1,,Surface Closer,351 H / PH9 @ rev-bevel,SA,EN,,Sargent,,,654,"[74.3, 617.4, 504.9, 629.6]",
43.0,BOH Dry Storage,False,,654,0.92,1,,Kick Plate,"K1050=10"" high CSK BEV",RO,US32D,,Rockwood,Satin stainless,,654,"[74.3, 633.1, 506.1, 645.3]",
43.0,BOH Dry Storage,False,,654,0.92,1,,Wall Stop,430-RKW,RO,US15,,Rockwood,Satin nickel,,654,"[74.3, 648.7, 506.1, 660.9]",
43.0,BOH Dry Storage,False,,654,0.92,1,,Gasketing,S88BL,PE,,,Pemko,,,654,"[74.3, 664.3, 503.6, 676.5]",
43.0,BOH Dry Storage,False,,654,0.92,1,,Sweep,18062CNB,PE,,,Pemko,,,654,"[74.3, 680.0, 503.6, 692.2]",
44.0,BOH Storage (WDL),False,,655,0.92,3,,"Hinge, Full Mortise",TA2714 NRP,MK,US15,,McKinney,Satin nickel,,655,"[74.3, 111.0, 508.6, 123.2]",
44.0,BOH Storage (WDL),False,,655,0.92,1,,Access Control Cyl Lock,70 IN100-10XG77-BIPS B LP,SA,US15,,Sargent,Satin nickel,,655,"[74.3, 127.6, 504.9, 139.8]",
44.0,BOH Storage (WDL),False,,655,0.92,1,,Small Format Inter Core,7300B CKC GMK,SA,US15,,Sargent,Satin nickel,,655,"[74.3, 144.3, 504.9, 156.5]",
44.0,BOH Storage (WDL),False,,655,0.92,1,,Surface Closer,351 UO,SA,EN,,Sargent,,,655,"[74.3, 159.9, 504.9, 172.1]",
44.0,BOH Storage (WDL),False,,655,0.92,1,,Kick Plate,"K1050=10"" high CSK BEV",RO,US32D,,Rockwood,Satin stainless,,655,"[74.3, 175.6, 506.1, 187.8]",
44.0,BOH Storage (WDL),False,,655,0.92,1,,Wall Stop,430-RKW,RO,US15,,Rockwood,Satin nickel,,655,"[74.3, 191.2, 506.1, 203.4]",
44.0,BOH Storage (WDL),False,,655,0.92,1,,Gasketing,S88BL,PE,,,Pemko,,,655,"[74.3, 206.9, 503.6, 219.1]",
45.0,"BOH Janitor, Maint Storage (WDL)",False,,655,0.91,3,,"Hinge, Full Mortise, Hvy Wt",T4A3786,MK,US15,,McKinney,Satin nickel,,655,"[74.3, 329.1, 508.6, 341.3]",
45.0,"BOH Janitor, Maint Storage (WDL)",False,,655,0.91,1,,Access Control Cyl Lock,70 IN100-10XG77-BIPS B LP,SA,US15,,Sargent,Satin nickel,,655,"[74.3, 345.8, 504.9, 358.0]",
45.0,"BOH Janitor, Maint Storage (WDL)",False,,655,0.91,1,,Small Format Inter Core,7300B CKC GMK,SA,US15,,Sargent,Satin nickel,,655,"[74.3, 362.3, 504.9, 374.6]",
45.0,"BOH Janitor, Maint Storage (WDL)",False,,655,0.91,1,,Surface Closer,"DA 351 O K1050 F =34"" high BEV CSK (F @",SA,EN,,Sargent,,,655,"[74.3, 378.1, 504.9, 405.9]",finish
45.0,"BOH Janitor, Maint Storage (WDL)",False,,655,0.91,1,,Armor Plate,rated),RO,US32D,,Rockwood,Satin stainless,,655,"[74.3, 400.0, 506.1, 418.5]",
45.0,"BOH Janitor, Maint Storage (WDL)",False,,655,0.91,1,,Door Stop,406,RO,US32D,,Rockwood,Satin stainless,,655,"[74.3, 422.0, 506.1, 434.2]",
45.0,"BOH Janitor, Maint Storage (WDL)",False,,655,0.91,1,,Gasketing,S88BL,PE,,,Pemko,,,655,"[74.3, 437.6, 503.6, 449.8]",
46.0,"Locker Exercise, HVAC, Storage (WDL)",False,,655,0.96,3,,"Hinge, Full Mortise",TA2714 NRP,MK,US15,,McKinney,Satin nickel,,655,"[74.3, 547.2, 508.6, 559.4]",
46.0,"Locker Exercise, HVAC, Storage (WDL)",False,,655,0.96,1,,Access Control Cyl Lock,70 IN100-10XG77-BIPS B LMW,SA,US15,,Sargent,Satin nickel,,655,"[74.3, 563.8, 504.9, 576.1]",
46.0,"Locker Exercise, HVAC, Storage (WDL)",False,,655,0.96,1,,Small Format Inter Core,7300B CKC GMK,SA,US15,,Sargent,Satin nickel,,655,"[74.3, 580.4, 504.9, 592.6]",
46.0,"Locker Exercise, HVAC, Storage (WDL)",False,,655,0.96,1,,Conc Overhead Stop,2-336,RF,652,,Rixson,Satin chrome plated steel,,655,"[74.3, 596.1, 504.2, 608.4]",
47.0,Storage,False,,"655, 656",0.92,3,,"Hinge, Full Mortise",TA2714 NRP,MK,US15,,McKinney,Satin nickel,,656,"[74.3, 82.7, 508.6, 94.9]",
47.0,Storage,False,,"655, 656",0.92,1,,Passage Latch,10XU15 LMW,SA,US15,,Sargent,Satin nickel,,656,"[74.3, 98.3, 504.9, 110.5]",
47.0,Storage,False,,"655, 656",0.92,1,,Surface Closer,351 UO,SA,EN,,Sargent,,,656,"[74.3, 114.0, 504.9, 126.2]",
47.0,Storage,False,,"655, 656",0.92,1,,Kick Plate,"K1050=10"" high CSK BEV",RO,US32D,,Rockwood,Satin stainless,,656,"[74.3, 129.6, 506.1, 141.8]",
47.0,Storage,False,,"655, 656",0.92,1,,Wall Stop,430-RKW,RO,US15,,Rockwood,Satin nickel,,656,"[74.3, 145.2, 506.1, 157.4]",
47.0,Storage,False,,"655, 656",0.92,1,,Gasketing,S88BL,PE,,,Pemko,,,656,"[74.3, 160.9, 503.6, 173.2]",
47.1,BOH Laundry,False,,656,0.92,3,,"Hinge, Full Mortise, Hvy Wt",T4A3786,MK,US15,,McKinney,Satin nickel,,656,"[74.3, 239.2, 508.6, 251.4]",
47.1,BOH Laundry,False,,656,0.92,1,,Storeroom/Closet Lock,72 10XG04 LP,SA,US26D,,Sargent,Satin chrome,,656,"[74.3, 254.8, 504.9, 267.0]",
47.1,BOH Laundry,False,,656,0.92,1,,Small Format Inter Core,7300B CKC GMK,SA,US15,,Sargent,Satin nickel,,656,"[74.3, 270.5, 504.9, 282.8]",
47.1,BOH Laundry,False,,656,0.92,1,,Surface Closer,"DA 351 O K1050 F =34"" high BEV CSK (F @",SA,EN,,Sargent,,,656,"[74.3, 286.1, 504.9, 314.1]",finish
47.1,BOH Laundry,False,,656,0.92,1,,Armor Plate,rated),RO,US32D,,Rockwood,Satin stainless,,656,"[74.3, 308.1, 506.1, 326.7]",
47.1,BOH Laundry,False,,656,0.92,1,,Door Stop,406,RO,US32D,,Rockwood,Satin stainless,,656,"[74.3, 330.1, 506.1, 342.3]",
47.1,BOH Laundry,False,,656,0.92,1,,Gasketing,S88BL,PE,,,Pemko,,,656,"[74.3, 345.8, 503.6, 358.0]",
47.1,BOH Laundry,False,,656,0.92,1,,Sweep,18062CNB,PE,,,Pemko,,,656,"[74.3, 361.4, 503.6, 373.6]",
47.1,BOH Laundry,False,,656,0.92,1,,Protector Bar,R111LPB,RO,10BE,,Rockwood,Oil-rubbed bronze,,656,"[74.3, 377.1, 506.1, 389.3]",
48.0,"Closet, Records Storage (WDL)",False,,656,0.93,4,,"Hinge, Full Mortise",TA2714 NRP,MK,US15,,McKinney,Satin nickel,,656,"[74.3, 455.4, 508.6, 467.6]",
48.0,"Closet, Records Storage (WDL)",False,,656,0.93,1,,Access Control Cyl Lock,70 IN100-10XG77-BIPS B LMW,SA,US15,,Sargent,Satin nickel,,656,"[74.3, 471.9, 504.9, 484.1]",
48.0,"Closet, Records Storage (WDL)",False,,656,0.93,1,,Small Format Inter Core,7300B CKC GMK,SA,US15,,Sargent,Satin nickel,,656,"[74.3, 488.6, 504.9, 500.8]",
48.0,"Closet, Records Storage (WDL)",False,,656,0.93,1,,Surface Closer,351 UO,SA,EN,,Sargent,,,656,"[74.3, 504.2, 504.9, 516.4]",
48.0,"Closet, Records Storage (WDL)",False,,656,0.93,1,,Wall Stop,430-RKW,RO,US15,,Rockwood,Satin nickel,,656,"[74.3, 519.9, 506.1, 532.1]",
48.1,Corridor Closet (WDL),False,,"656, 657",0.94,3,,"Hinge, Full Mortise",TA2714 NRP,MK,US15,,McKinney,Satin nickel,,656,"[74.3, 642.1, 508.6, 654.3]",
48.1,Corridor Closet (WDL),False,,"656, 657",0.94,1,,Access Control Cyl Lock,70 IN100-10XG77-BIPS B LMW,SA,US15,,Sargent,Satin nickel,,656,"[74.3, 658.8, 504.9, 671.0]",
48.1,Corridor Closet (WDL),False,,"656, 657",0.94,1,,Small Format Inter Core,7300B CKC GMK,SA,US15,,Sargent,Satin nickel,,656,"[74.3, 675.3, 504.9, 687.6]",
48.1,Corridor Closet (WDL),False,,"656, 657",0.94,1,,Surface Closer,1601 P (mount inside room),NO,689,,Norton,Aluminum painted,,656,"[74.3, 691.1, 506.7, 703.3]",
48.1,Corridor Closet (WDL),False,,"656, 657",0.94,1,,Wall Stop,430-RKW,RO,US15,,Rockwood,Satin nickel,,657,"[74.3, 51.4, 506.1, 63.6]",
48.1,Corridor Closet (WDL),False,,"656, 657",0.94,1,,Gasketing,S88BL,PE,,,Pemko,,,657,"[74.3, 67.0, 503.6, 79.2]",
49.0,HR Closet,False,,657,0.93,3,,"Hinge, Full Mortise",TA2714,MK,US15,,McKinney,Satin nickel,,657,"[74.3, 189.3, 508.6, 201.5]",
49.0,HR Closet,False,,657,0.93,1,,Passage Latch,10XU15 LMW,SA,US15,,Sargent,Satin nickel,,657,"[74.3, 204.9, 504.9, 217.1]",
49.0,HR Closet,False,,657,0.93,1,,Wall Stop,430-RKW,RO,US15,,Rockwood,Satin nickel,,657,"[74.3, 220.5, 506.1, 232.7]",
50.0,"Records, Recept (WDL)",False,,657,0.92,3,,"Hinge, Full Mortise",TA2714,MK,US15,,McKinney,Satin nickel,,657,"[74.3, 298.9, 508.6, 311.1]",
50.0,"Records, Recept (WDL)",False,,657,0.92,1,,Access Control Cyl Lock,70 IN100-10XG77-BIPS B LMW,SA,US15,,Sargent,Satin nickel,,657,"[74.3, 315.4, 504.9, 327.6]",
50.0,"Records, Recept (WDL)",False,,657,0.92,1,,Small Format Inter Core,7300B CKC GMK,SA,US15,,Sargent,Satin nickel,,657,"[74.3, 332.1, 504.9, 344.3]",
50.0,"Records, Recept (WDL)",False,,657,0.92,1,,Surface Closer,DA 351 UO,SA,EN,,Sargent,,,657,"[74.3, 347.7, 504.9, 359.9]",
50.0,"Records, Recept (WDL)",False,,657,0.92,1,,Wall Stop,430-RKW,RO,US15,,Rockwood,Satin nickel,,657,"[74.3, 363.4, 506.1, 375.6]",
50.0,"Records, Recept (WDL)",False,,657,0.92,1,,Gasketing,S88BL,PE,,,Pemko,,,657,"[74.3, 379.0, 503.6, 391.2]",
51.0,Storage (WDL),False,,657,0.92,4,,"Hinge, Full Mortise",TA2714 NRP,MK,US15,,McKinney,Satin nickel,,657,"[74.3, 488.6, 508.6, 500.8]",
51.0,Storage (WDL),False,,657,0.92,1,,Access Control Cyl Lock,70 IN100-10XG77-BIPS B LMW,SA,US15,,Sargent,Satin nickel,,657,"[74.3, 505.3, 504.9, 517.5]",
51.0,Storage (WDL),False,,657,0.92,1,,Small Format Inter Core,7300B CKC GMK,SA,US15,,Sargent,Satin nickel,,657,"[74.3, 521.8, 504.9, 534.1]",
51.0,Storage (WDL),False,,657,0.92,1,,Surface Closer,351 UO,SA,EN,,Sargent,,,657,"[74.3, 537.6, 504.9, 549.8]",
51.0,Storage (WDL),False,,657,0.92,1,,Kick Plate,"K1050=10"" high CSK BEV",RO,US32D,,Rockwood,Satin stainless,,657,"[74.3, 553.2, 506.1, 565.4]",
51.0,Storage (WDL),False,,657,0.92,1,,Wall Stop,430-RKW,RO,US15,,Rockwood,Satin nickel,,657,"[74.3, 568.8, 506.1, 581.0]",
51.0,Storage (WDL),False,,657,0.92,1,,Gasketing,S88BL,PE,,,Pemko,,,657,"[74.3, 584.5, 503.6, 596.7]",
51.0,Storage (WDL),False,,657,0.92,1,,Threshold,Per Detail / Type as Req,PE,,,Pemko,,,657,"[74.3, 600.1, 503.6, 612.3]",
52.0,Wine Bar Kitchen (WDL),False,,"657, 658",0.93,3,,"Hinge, Full Mortise, Hvy Wt",T4A3786 NRP,MK,US15,,McKinney,Satin nickel,,658,"[74.3, 67.0, 508.6, 79.2]",
52.0,Wine Bar Kitchen (WDL),False,,"657, 658",0.93,1,,Access Control Cyl Lock,70 IN100-10XG77-BIPS B LMW,SA,US15,,Sargent,Satin nickel,,658,"[74.3, 83.7, 504.9, 95.9]",
52.0,Wine Bar Kitchen (WDL),False,,"657, 658",0.93,1,,Small Format Inter Core,7300B CKC GMK,SA,US15,,Sargent,Satin nickel,,658,"[74.3, 100.3, 504.9, 112.6]",
52.0,Wine Bar Kitchen (WDL),False,,"657, 658",0.93,1,,Surface Closer,DA 351 O,SA,EN,,Sargent,,,658,"[74.3, 115.9, 504.9, 128.2]",
52.0,Wine Bar Kitchen (WDL),False,,"657, 658",0.93,1,,Kick Plate,"K1050=10"" high CSK BEV",RO,US32D,,Rockwood,Satin stainless,,658,"[74.3, 131.7, 506.1, 143.9]",
52.0,Wine Bar Kitchen (WDL),False,,"657, 658",0.93,1,,Wall Stop,430-RKW,RO,US15,,Rockwood,Satin nickel,,658,"[74.3, 147.3, 506.1, 159.5]",
53.0,"BOH Staff, Storage (WDL)",False,,658,0.93,3,,"Hinge, Full Mortise",TA2714,MK,US15,,McKinney,Satin nickel,,658,"[74.3, 269.5, 508.6, 281.7]",
53.0,"BOH Staff, Storage (WDL)",False,,658,0.93,1,,Access Control Cyl Lock,70 IN100-10XG77-BIPS B LP,SA,US15,,Sargent,Satin nickel,,658,"[74.3, 286.1, 504.9, 298.4]",
53.0,"BOH Staff, Storage (WDL)",False,,658,0.93,1,,Small Format Inter Core,7300B CKC GMK,SA,US15,,Sargent,Satin nickel,,658,"[74.3, 302.8, 504.9, 315.0]",
53.0,"BOH Staff, Storage (WDL)",False,,658,0.93,1,,Surface Closer,351 UO,SA,EN,,Sargent,,,658,"[74.3, 318.4, 504.9, 330.6]",
53.0,"BOH Staff, Storage (WDL)",False,,658,0.93,1,,Kick Plate,"K1050=10"" high CSK BEV",RO,US32D,,Rockwood,Satin stainless,,658,"[74.3, 334.0, 506.1, 346.2]",
53.0,"BOH Staff, Storage (WDL)",False,,658,0.93,1,,Door Stop,406,RO,US32D,,Rockwood,Satin stainless,,658,"[74.3, 349.7, 506.1, 362.0]",
53.0,"BOH Staff, Storage (WDL)",False,,658,0.93,1,,Door Stop,441H,RO,US26D,,Rockwood,Satin chrome,,658,"[74.3, 365.3, 506.1, 377.6]",
53.0,"BOH Staff, Storage (WDL)",False,,658,0.93,1,,Gasketing,S88BL,PE,,,Pemko,,,658,"[74.3, 381.1, 503.6, 393.3]",
54.0,BOH Maint Storage (WDL),False,,658,0.91,3,,"Hinge, Full Mortise, Hvy Wt",T4A3786,MK,US15,,McKinney,Satin nickel,,658,"[74.3, 503.2, 508.6, 515.5]",
54.0,BOH Maint Storage (WDL),False,,658,0.91,1,,Access Control Cyl Lock,70 IN100-10XG77-BIPS B LP,SA,US15,,Sargent,Satin nickel,,658,"[74.3, 519.9, 504.9, 532.1]",
54.0,BOH Maint Storage (WDL),False,,658,0.91,1,,Small Format Inter Core,7300B CKC GMK,SA,US15,,Sargent,Satin nickel,,658,"[74.3, 536.5, 504.9, 548.7]",
54.0,BOH Maint Storage (WDL),False,,658,0.91,1,,Surface Closer,"DA 351 O K1050 F =34"" high BEV CSK (F @",SA,EN,,Sargent,,,658,"[74.3, 552.2, 504.9, 580.0]",finish
54.0,BOH Maint Storage (WDL),False,,658,0.91,1,,Armor Plate,rated),RO,US32D,,Rockwood,Satin stainless,,658,"[74.3, 574.2, 506.1, 592.6]",
54.0,BOH Maint Storage (WDL),False,,658,0.91,1,,Door Stop,406,RO,US32D,,Rockwood,Satin stainless,,658,"[74.3, 596.1, 506.1, 608.4]",
55.0,Janitor (WDL),False,,"658, 659",0.92,3,,"Hinge, Full Mortise",TA2714,MK,US15,,McKinney,Satin nickel,,658,"[74.3, 705.7, 508.6, 717.9]",
55.0,Janitor (WDL),False,,"658, 659",0.92,1,,Access Control Cyl Lock,70 IN100-10XG77-BIPS B LMW,SA,US15,,Sargent,Satin nickel,,659,"[74.3, 52.3, 504.9, 64.5]",
55.0,Janitor (WDL),False,,"658, 659",0.92,1,,Small Format Inter Core,7300B CKC GMK,SA,US15,,Sargent,Satin nickel,,659,"[74.3, 69.0, 504.9, 81.2]",
55.0,Janitor (WDL),False,,"658, 659",0.92,1,,Surface Closer,DA 351 UO,SA,EN,,Sargent,,,659,"[74.3, 84.6, 504.9, 96.8]",
55.0,Janitor (WDL),False,,"658, 659",0.92,1,,Kick Plate,"K1050=10"" high CSK BEV",RO,US32D,,Rockwood,Satin stainless,,659,"[74.3, 100.3, 506.1, 112.6]",
55.0,Janitor (WDL),False,,"658, 659",0.92,1,,Wall Stop,430-RKW,RO,US15,,Rockwood,Satin nickel,,659,"[74.3, 115.9, 506.1, 128.2]",
55.0,Janitor (WDL),False,,"658, 659",0.92,1,,Gasketing,S88BL,PE,,,Pemko,,,659,"[74.3, 131.7, 503.6, 143.9]",
55.0,Janitor (WDL),False,,"658, 659",0.92,1,,Threshold,Per Detail / Type as Req,PE,,,Pemko,,,659,"[74.3, 147.3, 503.6, 159.5]",
56.0,Janitor,False,,659,0.92,3,,"Hinge, Full Mortise",TA2714,MK,US15,,McKinney,Satin nickel,,659,"[74.3, 256.9, 508.6, 269.1]",
56.0,Janitor,False,,659,0.92,1,,Passage Latch,10XU15 LMW,SA,US15,,Sargent,Satin nickel,,659,"[74.3, 272.5, 504.9, 284.7]",
56.0,Janitor,False,,659,0.92,1,,Surface Closer,DA 351 UO,SA,EN,,Sargent,,,659,"[74.3, 288.2, 504.9, 300.4]",
56.0,Janitor,False,,659,0.92,1,,Kick Plate,"K1050=10"" high CSK BEV",RO,US32D,,Rockwood,Satin stainless,,659,"[74.3, 303.8, 506.1, 316.0]",
56.0,Janitor,False,,659,0.92,1,,Wall Stop,430-RKW,RO,US15,,Rockwood,Satin nickel,,659,"[74.3, 319.4, 506.1, 331.6]",
56.0,Janitor,False,,659,0.92,1,,Gasketing,S88BL,PE,,,Pemko,,,659,"[74.3, 335.1, 503.6, 347.3]",
57.0,BOH Hallway (CR EL),False,,"659, 660",0.92,3,,"Hinge, Full Mortise",TA2714,MK,US15,,McKinney,Satin nickel,,659,"[74.3, 413.4, 508.6, 425.6]",
57.0,BOH Hallway (CR EL),False,,"659, 660",0.92,1,,Fail Secure Elec Lock,RX 70 10XG71 LP,SA,US26D,,Sargent,Satin chrome,,659,"[74.3, 430.0, 504.9, 442.3]",
57.0,BOH Hallway (CR EL),False,,"659, 660",0.92,1,,Small Format Inter Core,7300B CKC GMK,SA,US15,,Sargent,Satin nickel,,659,"[74.3, 446.6, 504.9, 458.8]",
57.0,BOH Hallway (CR EL),False,,"659, 660",0.92,1,,Surface Closer,DA 351 UO,SA,EN,,Sargent,,,659,"[74.3, 462.3, 504.9, 474.5]",
57.0,BOH Hallway (CR EL),False,,"659, 660",0.92,1,,Kick Plate,"K1050=10"" high CSK BEV",RO,US32D,,Rockwood,Satin stainless,,659,"[74.3, 477.9, 506.1, 490.1]",
57.0,BOH Hallway (CR EL),False,,"659, 660",0.92,1,,Wall Stop,430-RKW,RO,US15,,Rockwood,Satin nickel,,659,"[74.3, 493.5, 506.1, 505.7]",
57.0,BOH Hallway (CR EL),False,,"659, 660",0.92,1,,Gasketing,S88BL,PE,,,Pemko,,,659,"[74.3, 509.2, 503.6, 521.5]",
57.0,BOH Hallway (CR EL),False,,"659, 660",0.92,1,,Threshold,Per Detail / Type as Req,PE,,,Pemko,,,659,"[74.3, 524.8, 503.6, 537.1]",
57.0,BOH Hallway (CR EL),False,,"659, 660",0.92,1,,Electric Power Transfer,EL-CEPT,SU,630,,Securitron,Satin stainless steel,,659,"[74.3, 541.5, 504.9, 553.7]",
57.0,BOH Hallway (CR EL),False,,"659, 660",0.92,1,,ElectroLynx Door Harness,QC-C300,MK,,,McKinney,,,659,"[74.3, 559.2, 508.6, 571.4]",
57.0,BOH Hallway (CR EL),False,,"659, 660",0.92,1,,ElectroLynx Frame Harness,QC-C1500P,MK,,,McKinney,,,659,"[74.3, 576.8, 508.6, 589.0]",
57.0,BOH Hallway (CR EL),False,,"659, 660",0.92,1,,Position Switch,DPS-W-GY,SU,,,Securitron,,,659,"[74.3, 594.5, 504.9, 606.7]",
57.0,BOH Hallway (CR EL),False,,"659, 660",0.92,1,,Card Reader,Furnished by Security Contractor,HD,,,,,,659,"[74.3, 611.0, 506.7, 623.2]",
57.0,BOH Hallway (CR EL),False,,"659, 660",0.92,1,,Power Supply,Furnished by Security Contractor,SU,,,Securitron,,,659,"[74.3, 627.7, 504.9, 639.9]",
58.0,"Office, Director, (WDL)",False,,660,0.92,3,,"Hinge, Full Mortise",TA2714,MK,US15,,McKinney,Satin nickel,,660,"[74.3, 180.3, 508.6, 192.5]",
58.0,"Office, Director, (WDL)",False,,660,0.92,1,,Access Control Cyl Lock,70 IN100-10XG77-BIPS B LMW,SA,US15,,Sargent,Satin nickel,,660,"[74.3, 196.8, 504.9, 209.0]",
58.0,"Office, Director, (WDL)",False,,660,0.92,1,,Small Format Inter Core,7300B CKC GMK,SA,US15,,Sargent,Satin nickel,,660,"[74.3, 213.5, 504.9, 225.7]",
58.0,"Office, Director, (WDL)",False,,660,0.92,1,,Surface Closer,351 H,SA,EN,,Sargent,,,660,"[74.3, 229.1, 504.9, 241.3]",
58.0,"Office, Director, (WDL)",False,,660,0.92,1,,Wall Stop,430-RKW,RO,US15,,Rockwood,Satin nickel,,660,"[74.3, 244.9, 506.1, 257.1]",
58.0,"Office, Director, (WDL)",False,,660,0.92,1,,Sound Gasketing,S773BL,PE,,,Pemko,,,660,"[74.3, 260.5, 503.6, 272.7]",
58.0,"Office, Director, (WDL)",False,,660,0.92,1,,Door Bottom,"STC411APK 36""",PE,,,Pemko,,,660,"[74.3, 276.2, 503.6, 288.4]",
59.0,TV Room (WDL),False,,660,0.92,3,,"Hinge, Full Mortise @ 180 degrees","TA2714 5"" x 5""",MK,US26D,,McKinney,Satin chrome,,660,"[74.3, 398.3, 508.6, 410.6]",
59.0,TV Room (WDL),False,,660,0.92,1,,Access Control Cyl Lock,70 IN100-10XG77-BIPS B LMW,SA,US15,,Sargent,Satin nickel,,660,"[74.3, 415.0, 504.9, 427.3]",
59.0,TV Room (WDL),False,,660,0.92,1,,Small Format Inter Core,7300B CKC GMK,SA,US15,,Sargent,Satin nickel,,660,"[74.3, 431.6, 504.9, 443.8]",
59.0,TV Room (WDL),False,,660,0.92,1,,Surface Closer,351 O,SA,EN,,Sargent,,,660,"[74.3, 447.3, 504.9, 459.5]",
59.0,TV Room (WDL),False,,660,0.92,1,,Wall Stop,430-RKW,RO,US15,,Rockwood,Satin nickel,,660,"[74.3, 462.9, 506.1, 475.1]",
59.0,TV Room (WDL),False,,660,0.92,1,,Gasketing,S88BL,PE,,,Pemko,,,660,"[74.3, 478.5, 503.6, 490.7]",
60.0,AV Room (WDL),False,,"660, 661",0.92,4,,"Hinge, Full Mortise",TA2714,MK,US15,,McKinney,Satin nickel,,660,"[74.3, 588.1, 508.6, 600.3]",
60.0,AV Room (WDL),False,,"660, 661",0.92,4,,"Hinge, Full Mortise, Hvy Wt",T4A3786,MK,US15,,McKinney,Satin nickel,,660,"[74.3, 603.8, 508.6, 616.0]",
60.0,AV Room (WDL),False,,"660, 661",0.92,1,,Access Control Cyl Lock,70 IN100-10XG77-BIPS B LMW,SA,US15,,Sargent,Satin nickel,,660,"[74.3, 620.4, 504.9, 632.6]",
60.0,AV Room (WDL),False,,"660, 661",0.92,1,,Small Format Inter Core,7300B CKC GMK,SA,US15,,Sargent,Satin nickel,,660,"[74.3, 637.1, 504.9, 649.3]",
60.0,AV Room (WDL),False,,"660, 661",0.92,1,,Surface Closer,351 O,SA,EN,,Sargent,,,660,"[74.3, 652.7, 504.9, 664.9]",
60.0,AV Room (WDL),False,,"660, 661",0.92,1,,Wall Stop,430-RKW,RO,US15,,Rockwood,Satin nickel,,660,"[74.3, 668.4, 506.1, 680.6]",
60.0,AV Room (WDL),False,,"660, 661",0.92,1,,Sound Gasketing,S773BL,PE,,,Pemko,,,660,"[74.3, 684.0, 503.6, 696.2]",
60.0,AV Room (WDL),False,,"660, 661",0.92,1,,Door Bottom,420APKL @ HM / 434APKL@ WD,PE,,,Pemko,,,660,"[74.3, 699.7, 503.6, 711.9]",
60.0,AV Room (WDL),False,,"660, 661",0.92,1,,Threshold,175A MSES25,PE,,,Pemko,,,661,"[74.3, 51.4, 503.6, 63.6]",
61.0,BOH Laundry Maint (WDL),False,,661,0.92,3,,"Hinge, Full Mortise, Hvy Wt",T4A3786,MK,US15,,McKinney,Satin nickel,,661,"[74.3, 173.5, 508.6, 185.8]",
61.0,BOH Laundry Maint (WDL),False,,661,0.92,1,,Access Control Cyl Lock,70 IN100-10XG77-BIPS B LP,SA,US15,,Sargent,Satin nickel,,661,"[74.3, 190.2, 504.9, 202.4]",
61.0,BOH Laundry Maint (WDL),False,,661,0.92,1,,Small Format Inter Core,7300B CKC GMK,SA,US15,,Sargent,Satin nickel,,661,"[74.3, 206.9, 504.9, 219.1]",
61.0,BOH Laundry Maint (WDL),False,,661,0.92,1,,Surface Closer,"DA 351 O K1050 F =34"" high BEV CSK (F @",SA,EN,,Sargent,,,661,"[74.3, 222.5, 504.9, 250.4]",finish
61.0,BOH Laundry Maint (WDL),False,,661,0.92,1,,Armor Plate,rated),RO,US32D,,Rockwood,Satin stainless,,661,"[74.3, 244.5, 506.1, 263.1]",
61.0,BOH Laundry Maint (WDL),False,,661,0.92,1,,Door Stop,406,RO,US32D,,Rockwood,Satin stainless,,661,"[74.3, 266.5, 506.1, 278.7]",
61.0,BOH Laundry Maint (WDL),False,,661,0.92,1,,Gasketing,S88BL,PE,,,Pemko,,,661,"[74.3, 282.2, 503.6, 294.4]",
61.0,BOH Laundry Maint (WDL),False,,661,0.92,1,,Protector Bar,R111LPB,RO,10BE,,Rockwood,Oil-rubbed bronze,,661,"[74.3, 297.8, 506.1, 310.0]",
62.0,Mech Room (WDL),False,,661,0.91,3,,"Hinge, Full Mortise, Hvy Wt",T4A3786 NRP,MK,US15,,McKinney,Satin nickel,,661,"[74.3, 407.4, 508.6, 419.6]",
62.0,Mech Room (WDL),False,,661,0.91,1,,Access Control Cyl Lock,70 IN100-10XG77-BIPS B LMW,SA,US15,,Sargent,Satin nickel,,661,"[74.3, 424.0, 504.9, 436.3]",
62.0,Mech Room (WDL),False,,661,0.91,1,,Small Format Inter Core,7300B CKC GMK,SA,US15,,Sargent,Satin nickel,,661,"[74.3, 440.6, 504.9, 452.8]",
62.0,Mech Room (WDL),False,,661,0.91,1,,Surface Closer,351 P9,SA,EN,,Sargent,,,661,"[74.3, 456.3, 504.9, 468.5]",
62.0,Mech Room (WDL),False,,661,0.91,1,,Door Stop,406,RO,US32D,,Rockwood,Satin stainless,,661,"[74.3, 471.9, 506.1, 484.1]",
62.0,Mech Room (WDL),False,,661,0.91,1,,Gasketing,S44BL,PE,,,Pemko,,,661,"[74.3, 487.5, 503.6, 499.7]",
62.0,Mech Room (WDL),False,,661,0.91,1,,Sound Gasketing,312CR,PE,,,Pemko,,,661,"[74.3, 503.2, 503.6, 515.5]",
62.0,Mech Room (WDL),False,,661,0.91,1,,Bottom Gasketing,ACP112BL/2,PE,,,Pemko,,,661,"[74.3, 518.8, 503.6, 531.1]",
62.0,Mech Room (WDL),False,,661,0.91,1,,Door Bottom,420APKL @ HM / 434APKL@ WD,PE,,,Pemko,,,661,"[74.3, 534.6, 503.6, 546.8]",
62.0,Mech Room (WDL),False,,661,0.91,1,,Threshold,175A MSES25,PE,,,Pemko,,,661,"[74.3, 550.2, 503.6, 562.4]",
63.0,"BOH Elev Mach, Mech Room (WDL)",False,,"661, 662",0.92,3,,"Hinge, Full Mortise, Hvy Wt",T4A3786 NRP,MK,US15,,McKinney,Satin nickel,,661,"[74.3, 659.7, 508.6, 672.0]",
63.0,"BOH Elev Mach, Mech Room (WDL)",False,,"661, 662",0.92,1,,Access Control Cyl Lock,70 IN100-10XG77-BIPS B LP,SA,US15,,Sargent,Satin nickel,,661,"[74.3, 676.4, 504.9, 688.6]",
63.0,"BOH Elev Mach, Mech Room (WDL)",False,,"661, 662",0.92,1,,Small Format Inter Core,7300B CKC GMK,SA,US15,,Sargent,Satin nickel,,661,"[74.3, 693.0, 504.9, 705.2]",
63.0,"BOH Elev Mach, Mech Room (WDL)",False,,"661, 662",0.92,1,,Surface Closer,351 P9,SA,EN,,Sargent,,,662,"[74.3, 51.4, 504.9, 63.6]",
63.0,"BOH Elev Mach, Mech Room (WDL)",False,,"661, 662",0.92,1,,Door Stop,406,RO,US32D,,Rockwood,Satin stainless,,662,"[74.3, 67.0, 506.1, 79.2]",
63.0,"BOH Elev Mach, Mech Room (WDL)",False,,"661, 662",0.92,1,,Gasketing,S44BL,PE,,,Pemko,,,662,"[74.3, 82.7, 503.6, 94.9]",
63.0,"BOH Elev Mach, Mech Room (WDL)",False,,"661, 662",0.92,1,,Sound Gasketing,312CR,PE,,,Pemko,,,662,"[74.3, 98.3, 503.6, 110.5]",
63.0,"BOH Elev Mach, Mech Room (WDL)",False,,"661, 662",0.92,1,,Threshold,175A MSES25,PE,,,Pemko,,,662,"[74.3, 114.0, 503.6, 126.2]",
64.0,"BOH Elev Mach, Mech Room (WDL)",False,,662,0.91,3,,"Hinge, Full Mortise, Hvy Wt",T4A3786 NRP,MK,US15,,McKinney,Satin nickel,,662,"[74.3, 223.5, 508.6, 235.7]",
64.0,"BOH Elev Mach, Mech Room (WDL)",False,,662,0.91,1,,Access Control Cyl Lock,70 IN100-10XG77-BIPS B LP,SA,US15,,Sargent,Satin nickel,,662,"[74.3, 240.2, 504.9, 252.4]",
64.0,"BOH Elev Mach, Mech Room (WDL)",False,,662,0.91,1,,Small Format Inter Core,7300B CKC GMK,SA,US15,,Sargent,Satin nickel,,662,"[74.3, 256.9, 504.9, 269.1]",
64.0,"BOH Elev Mach, Mech Room (WDL)",False,,662,0.91,1,,Surface Closer,351 CPS,SA,EN,,Sargent,,,662,"[74.3, 272.5, 504.9, 284.7]",
64.0,"BOH Elev Mach, Mech Room (WDL)",False,,662,0.91,1,,Gasketing,S44BL,PE,,,Pemko,,,662,"[74.3, 288.2, 503.6, 300.4]",
64.0,"BOH Elev Mach, Mech Room (WDL)",False,,662,0.91,1,,Sound Gasketing,312CR,PE,,,Pemko,,,662,"[74.3, 303.8, 503.6, 316.0]",
64.0,"BOH Elev Mach, Mech Room (WDL)",False,,662,0.91,1,,Bottom Gasketing,ACP112BL/2,PE,,,Pemko,,,662,"[74.3, 319.4, 503.6, 331.6]",
64.0,"BOH Elev Mach, Mech Room (WDL)",False,,662,0.91,1,,Door Bottom,420APKL @ HM / 434APKL@ WD,PE,,,Pemko,,,662,"[74.3, 335.1, 503.6, 347.3]",
64.0,"BOH Elev Mach, Mech Room (WDL)",False,,662,0.91,1,,Threshold,175A MSES25,PE,,,Pemko,,,662,"[74.3, 350.7, 503.6, 362.9]",
65.0,IT / Elec Room (WDL),False,,662,0.92,3,,"Hinge, Full Mortise",TA2714 NRP,MK,US15,,McKinney,Satin nickel,,662,"[74.3, 460.3, 508.6, 472.5]",
65.0,IT / Elec Room (WDL),False,,662,0.92,1,,Access Control Cyl Lock,70 IN100-10XG77-BIPS B LMW,SA,US15,,Sargent,Satin nickel,,662,"[74.3, 477.0, 504.9, 489.2]",
65.0,IT / Elec Room (WDL),False,,662,0.92,1,,Small Format Inter Core,7300B CKC GMK,SA,US15,,Sargent,Satin nickel,,662,"[74.3, 493.5, 504.9, 505.7]",
65.0,IT / Elec Room (WDL),False,,662,0.92,1,,Surface Closer,351 P9,SA,EN,,Sargent,,,662,"[74.3, 509.2, 504.9, 521.5]",
65.0,IT / Elec Room (WDL),False,,662,0.92,1,,Wall Stop,430-RKW,RO,US15,,Rockwood,Satin nickel,,662,"[74.3, 524.8, 506.1, 537.1]",
65.0,IT / Elec Room (WDL),False,,662,0.92,1,,Gasketing,S88BL,PE,,,Pemko,,,662,"[74.3, 540.6, 503.6, 552.8]",
65.0,IT / Elec Room (WDL),False,,662,0.92,1,,Door Bottom,420APKL @ HM / 434APKL@ WD,PE,,,Pemko,,,662,"[74.3, 556.2, 503.6, 568.4]",
65.0,IT / Elec Room (WDL),False,,662,0.92,1,,Threshold,270A MSES25 or Per Detail,PE,,,Pemko,,,662,"[74.3, 571.8, 503.6, 584.0]",
66.0,IT Room (WDL),False,,"662, 663",0.92,3,,"Hinge, Full Mortise",TA2714,MK,US15,,McKinney,Satin nickel,,662,"[74.3, 694.1, 508.6, 706.3]",
66.0,IT Room (WDL),False,,"662, 663",0.92,1,,Access Control Cyl Lock,70 IN100-10XG77-BIPS B LMW,SA,US15,,Sargent,Satin nickel,,663,"[74.3, 52.3, 504.9, 64.5]",
66.0,IT Room (WDL),False,,"662, 663",0.92,1,,Small Format Inter Core,7300B CKC GMK,SA,US15,,Sargent,Satin nickel,,663,"[74.3, 69.0, 504.9, 81.2]",
66.0,IT Room (WDL),False,,"662, 663",0.92,1,,Conc Overhead Stop,2-336,RF,652,,Rixson,Satin chrome plated steel,,663,"[74.3, 84.6, 504.2, 96.8]",
66.0,IT Room (WDL),False,,"662, 663",0.92,1,,Surface Closer,351 O,SA,EN,,Sargent,,,663,"[74.3, 100.3, 504.9, 112.6]",
66.0,IT Room (WDL),False,,"662, 663",0.92,1,,Gasketing,S88BL,PE,,,Pemko,,,663,"[74.3, 115.9, 503.6, 128.2]",
67.0,BOH IT Room (WDL),False,,663,0.92,3,,"Hinge, Full Mortise",TA2714 NRP,MK,US15,,McKinney,Satin nickel,,663,"[74.3, 194.2, 508.6, 206.4]",
67.0,BOH IT Room (WDL),False,,663,0.92,1,,Access Control Cyl Lock,70 IN100-10XG77-BIPS B LMW,SA,US15,,Sargent,Satin nickel,,663,"[74.3, 210.9, 504.9, 223.1]",
67.0,BOH IT Room (WDL),False,,663,0.92,1,,Small Format Inter Core,7300B CKC GMK,SA,US15,,Sargent,Satin nickel,,663,"[74.3, 227.5, 504.9, 239.8]",
67.0,BOH IT Room (WDL),False,,663,0.92,1,,Surface Closer,351 P9,SA,EN,,Sargent,,,663,"[74.3, 243.2, 504.9, 255.4]",
67.0,BOH IT Room (WDL),False,,663,0.92,1,,Door Stop,406,RO,US32D,,Rockwood,Satin stainless,,663,"[74.3, 258.8, 506.1, 271.0]",
67.0,BOH IT Room (WDL),False,,663,0.92,1,,Gasketing,S88BL,PE,,,Pemko,,,663,"[74.3, 274.5, 503.6, 286.7]",
67.0,BOH IT Room (WDL),False,,663,0.92,1,,Threshold,151A MSES25,PE,,,Pemko,,,663,"[74.3, 290.1, 503.6, 302.3]",
68.0,Electrical Room (WDL),False,,663,0.92,4,,"Hinge, Full Mortise",TA2714 NRP,MK,US15,,McKinney,Satin nickel,,663,"[74.3, 368.3, 508.6, 380.6]",
68.0,Electrical Room (WDL),False,,663,0.92,1,,Access Control Cyl Lock,70 IN100-10XG77-BIPS B LMW,SA,US15,,Sargent,Satin nickel,,663,"[74.3, 385.0, 504.9, 397.2]",
68.0,Electrical Room (WDL),False,,663,0.92,1,,Small Format Inter Core,7300B CKC GMK,SA,US15,,Sargent,Satin nickel,,663,"[74.3, 401.7, 504.9, 413.9]",
68.0,Electrical Room (WDL),False,,663,0.92,1,,Surface Closer,351 P9,SA,EN,,Sargent,,,663,"[74.3, 417.3, 504.9, 429.5]",
68.0,Electrical Room (WDL),False,,663,0.92,1,,Wall Stop,430-RKW,RO,US15,,Rockwood,Satin nickel,,663,"[74.3, 432.9, 506.1, 445.1]",
68.0,Electrical Room (WDL),False,,663,0.92,1,,Gasketing,S88BL,PE,,,Pemko,,,663,"[74.3, 448.6, 503.6, 460.9]",
68.0,Electrical Room (WDL),False,,663,0.92,1,,Threshold,270A MSES25 or Per Detail,PE,,,Pemko,,,663,"[74.3, 464.2, 503.6, 476.5]",
69.0,Electrical Room (PH),False,,663,0.92,3,,"Hinge, Full Mortise",TA2714 NRP,MK,US15,,McKinney,Satin nickel,,663,"[74.3, 573.8, 508.6, 586.0]",
69.0,Electrical Room (PH),False,,663,0.92,1,,Rim Exit Device,12 5CH 72 PE8806 NEMW,SA,US32D,,Sargent,Satin stainless,,663,"[74.3, 589.4, 504.9, 601.6]",
69.0,Electrical Room (PH),False,,663,0.92,1,,Small Format Inter Core,7300B CKC GMK,SA,US15,,Sargent,Satin nickel,,663,"[74.3, 605.1, 504.9, 617.4]",
69.0,Electrical Room (PH),False,,663,0.92,1,,Surface Closer,351 P9,SA,EN,,Sargent,,,663,"[74.3, 620.7, 504.9, 633.0]",
69.0,Electrical Room (PH),False,,663,0.92,1,,Wall Stop,430-RKW,RO,US15,,Rockwood,Satin nickel,,663,"[74.3, 636.5, 506.1, 648.7]",
69.0,Electrical Room (PH),False,,663,0.92,1,,Gasketing,S88BL,PE,,,Pemko,,,663,"[74.3, 652.1, 503.6, 664.3]",
69.0,Electrical Room (PH),False,,663,0.92,1,,Door Bottom,420APKL @ HM / 434APKL@ WD,PE,,,Pemko,,,663,"[74.3, 667.7, 503.6, 679.9]",
69.0,Electrical Room (PH),False,,663,0.92,1,,Threshold,270A MSES25 or Per Detail,PE,,,Pemko,,,663,"[74.3, 683.4, 503.6, 695.6]",
70.0,BOH Electrical Room (WDL PH),False,,664,0.92,3,,"Hinge, Full Mortise, Hvy Wt",T4A3786 NRP,MK,US15,,McKinney,Satin nickel,,664,"[74.3, 98.3, 508.6, 110.5]",
70.0,BOH Electrical Room (WDL PH),False,,664,0.92,1,,Access Control Rim Exit Device,12 70 IN100-PE8877-BIPS B NEP,SA,US32D,,Sargent,Satin stainless,,664,"[74.3, 115.0, 504.9, 127.2]",
70.0,BOH Electrical Room (WDL PH),False,,664,0.92,1,,Small Format Inter Core,7300B CKC GMK,SA,US15,,Sargent,Satin nickel,,664,"[74.3, 131.7, 504.9, 143.9]",
70.0,BOH Electrical Room (WDL PH),False,,664,0.92,1,,Surface Closer,351 P9,SA,EN,,Sargent,,,664,"[74.3, 147.3, 504.9, 159.5]",
70.0,BOH Electrical Room (WDL PH),False,,664,0.92,1,,Wall Stop,430-RKW,RO,US15,,Rockwood,Satin nickel,,664,"[74.3, 162.9, 506.1, 175.1]",
70.0,BOH Electrical Room (WDL PH),False,,664,0.92,1,,Gasketing,S88BL,PE,,,Pemko,,,664,"[74.3, 178.6, 503.6, 190.8]",
70.0,BOH Electrical Room (WDL PH),False,,664,0.92,1,,Door Bottom,420APKL @ HM / 434APKL@ WD,PE,,,Pemko,,,664,"[74.3, 194.2, 503.6, 206.4]",
70.0,BOH Electrical Room (WDL PH),False,,664,0.92,1,,Threshold,270A MSES25 or Per Detail,PE,,,Pemko,,,664,"[74.3, 209.9, 503.6, 222.1]",
71.0,BOH Electrical Room (PH-EO),False,,664,0.91,3,,"Hinge, Full Mortise, Hvy Wt",T4A3786 NRP,MK,US15,,McKinney,Satin nickel,,664,"[74.3, 332.1, 508.6, 344.3]",
71.0,BOH Electrical Room (PH-EO),False,,664,0.91,1,,"Rim Exit Device, Exit Only",12 PE8810 EO,SA,US32D,,Sargent,Satin stainless,,664,"[74.3, 347.7, 504.9, 359.9]",
71.0,BOH Electrical Room (PH-EO),False,,664,0.91,1,,Surface Closer,351 CPS,SA,EN,,Sargent,,,664,"[74.3, 363.4, 504.9, 375.6]",
71.0,BOH Electrical Room (PH-EO),False,,664,0.91,1,,Gasketing,S88BL,PE,,,Pemko,,,664,"[74.3, 379.0, 503.6, 391.2]",
71.0,BOH Electrical Room (PH-EO),False,,664,0.91,1,,Door Bottom,420APKL @ HM / 434APKL@ WD,PE,,,Pemko,,,664,"[74.3, 394.6, 503.6, 406.8]",
71.0,BOH Electrical Room (PH-EO),False,,664,0.91,1,,Threshold,175A MSES25,PE,,,Pemko,,,664,"[74.3, 410.4, 503.6, 422.6]",
72.0,BOH Electrical Room (PH),False,,664,0.91,3,,"Hinge, Full Mortise, Hvy Wt",T4A3786 NRP,MK,US15,,McKinney,Satin nickel,,664,"[74.3, 519.9, 508.6, 532.1]",
72.0,BOH Electrical Room (PH),False,,664,0.91,1,,"Rim Exit Device, Exit Only",12 PE8810 EO,SA,US32D,,Sargent,Satin stainless,,664,"[74.3, 535.5, 504.9, 547.7]",
72.0,BOH Electrical Room (PH),False,,664,0.91,1,,Surface Closer,351 P9,SA,EN,,Sargent,,,664,"[74.3, 551.2, 504.9, 563.5]",
72.0,BOH Electrical Room (PH),False,,664,0.91,1,,Wall Stop,430-RKW,RO,US15,,Rockwood,Satin nickel,,664,"[74.3, 566.8, 506.1, 579.1]",
72.0,BOH Electrical Room (PH),False,,664,0.91,1,,Gasketing,S88BL,PE,,,Pemko,,,664,"[74.3, 582.5, 503.6, 594.7]",
72.0,BOH Electrical Room (PH),False,,664,0.91,1,,Door Bottom,420APKL @ HM / 434APKL@ WD,PE,,,Pemko,,,664,"[74.3, 598.2, 503.6, 610.4]",
72.0,BOH Electrical Room (PH),False,,664,0.91,1,,Threshold,270A MSES25 or Per Detail,PE,,,Pemko,,,664,"[74.3, 613.8, 503.6, 626.0]",
73.0,BOH Pool Chem Storage (WDL),False,,"664, 665",0.92,3,,"Hinge, Full Mortise",TA2314 NRP,MK,US32D,,McKinney,Satin stainless,,664,"[74.3, 692.0, 508.6, 704.2]",
73.0,BOH Pool Chem Storage (WDL),False,,"664, 665",0.92,1,,Access Control Cyl Lock,70 IN100-10XG77-BIPS B LP,SA,US15,,Sargent,Satin nickel,,665,"[74.3, 52.3, 504.9, 64.5]",
73.0,BOH Pool Chem Storage (WDL),False,,"664, 665",0.92,1,,Small Format Inter Core,7300B CKC GMK,SA,US15,,Sargent,Satin nickel,,665,"[74.3, 69.0, 504.9, 81.2]",
73.0,BOH Pool Chem Storage (WDL),False,,"664, 665",0.92,1,,Surface Closer,351 P9,SA,EN,,Sargent,,,665,"[74.3, 84.6, 504.9, 96.8]",
73.0,BOH Pool Chem Storage (WDL),False,,"664, 665",0.92,1,,Kick Plate,"K1050=10"" high CSK BEV",RO,US32D,,Rockwood,Satin stainless,,665,"[74.3, 100.3, 506.1, 112.6]",
73.0,BOH Pool Chem Storage (WDL),False,,"664, 665",0.92,1,,Door Stop,406,RO,US32D,,Rockwood,Satin stainless,,665,"[74.3, 115.9, 506.1, 128.2]",
73.0,BOH Pool Chem Storage (WDL),False,,"664, 665",0.92,1,,Gasketing,S88BL,PE,,,Pemko,,,665,"[74.3, 131.7, 503.6, 143.9]",
73.0,BOH Pool Chem Storage (WDL),False,,"664, 665",0.92,1,,Sweep,18062CNB,PE,,,Pemko,,,665,"[74.3, 147.3, 503.6, 159.5]",
73.0,BOH Pool Chem Storage (WDL),False,,"664, 665",0.92,1,,Threshold,270A MSES25 or Per Detail,PE,,,Pemko,,,665,"[74.3, 162.9, 503.6, 175.1]",
74.0,BOH Battery Storage (WDL PH),False,,665,0.91,3,,"Hinge, Full Mortise",TA2714 NRP,MK,US15,,McKinney,Satin nickel,,665,"[74.3, 272.5, 508.6, 284.7]",
74.0,BOH Battery Storage (WDL PH),False,,665,0.91,1,,Access Control Rim Exit Device,12 70 IN100-PE8877-BIPS B NEP,SA,US32D,,Sargent,Satin stainless,,665,"[74.3, 289.1, 504.9, 301.4]",
74.0,BOH Battery Storage (WDL PH),False,,665,0.91,1,,Small Format Inter Core,7300B CKC GMK,SA,US15,,Sargent,Satin nickel,,665,"[74.3, 305.8, 504.9, 318.0]",
74.0,BOH Battery Storage (WDL PH),False,,665,0.91,1,,Surface Closer,351 CPS,SA,EN,,Sargent,,,665,"[74.3, 321.4, 504.9, 333.6]",
74.0,BOH Battery Storage (WDL PH),False,,665,0.91,1,,Gasketing,S88BL,PE,,,Pemko,,,665,"[74.3, 337.0, 503.6, 349.2]",
74.0,BOH Battery Storage (WDL PH),False,,665,0.91,1,,Sweep,18062CNB,PE,,,Pemko,,,665,"[74.3, 352.7, 503.6, 365.0]",
74.0,BOH Battery Storage (WDL PH),False,,665,0.91,1,,Threshold,270A MSES25 or Per Detail,PE,,,Pemko,,,665,"[74.3, 368.3, 503.6, 380.6]",
75.0,Office,False,,665,0.92,3,,"Hinge, Full Mortise",TA2714,MK,US15,,McKinney,Satin nickel,,665,"[74.3, 503.2, 508.6, 515.5]",
75.0,Office,False,,665,0.92,1,,Passage Latch,10XU15 LMW,SA,US15,,Sargent,Satin nickel,,665,"[74.3, 518.8, 504.9, 531.1]",
75.0,Office,False,,665,0.92,1,,Wall Stop,430-RKW,RO,US15,,Rockwood,Satin nickel,,665,"[74.3, 534.6, 506.1, 546.8]",
75.0,Office,False,,665,0.92,1,,Gasketing,S88BL,PE,,,Pemko,,,665,"[74.3, 550.2, 503.6, 562.4]",
76.0,BOH Plant (WDL),False,,"665, 666",0.92,3,,"Hinge, Full Mortise",TA2714,MK,US15,,McKinney,Satin nickel,,665,"[74.3, 628.4, 508.6, 640.6]",
76.0,BOH Plant (WDL),False,,"665, 666",0.92,3,,"Hinge, Full Mortise @ 180 degrees","TA2714 5"" x 5""",MK,US26D,,McKinney,Satin chrome,,665,"[74.3, 644.1, 508.6, 656.4]",
76.0,BOH Plant (WDL),False,,"665, 666",0.92,1,,Access Control Cyl Lock,70 IN100-10XG77-BIPS B LP,SA,US15,,Sargent,Satin nickel,,665,"[74.3, 660.7, 504.9, 672.9]",
76.0,BOH Plant (WDL),False,,"665, 666",0.92,1,,Small Format Inter Core,7300B CKC GMK,SA,US15,,Sargent,Satin nickel,,665,"[74.3, 677.4, 504.9, 689.6]",
76.0,BOH Plant (WDL),False,,"665, 666",0.92,1,,Surface Closer,351 O,SA,EN,,Sargent,,,665,"[74.3, 693.0, 504.9, 705.2]",
76.0,BOH Plant (WDL),False,,"665, 666",0.92,1,,Wall Stop,430-RKW,RO,US15,,Rockwood,Satin nickel,,666,"[74.3, 51.4, 506.1, 63.6]",
76.0,BOH Plant (WDL),False,,"665, 666",0.92,1,,Gasketing,S88BL,PE,,,Pemko,,,666,"[74.3, 67.0, 503.6, 79.2]",
77.0,Conference Room,False,,666,0.91,3,,"Hinge, Full Mortise",TA2714,MK,US15,,McKinney,Satin nickel,,666,"[74.3, 176.5, 508.6, 188.8]",
77.0,Conference Room,False,,666,0.91,1,,Passage Latch,10XU15 LMW,SA,US15,,Sargent,Satin nickel,,666,"[74.3, 192.3, 504.9, 204.5]",
77.0,Conference Room,False,,666,0.91,1,,Surface Closer,351 UO,SA,EN,,Sargent,,,666,"[74.3, 207.9, 504.9, 220.1]",
77.0,Conference Room,False,,666,0.91,1,,Surface Closer,351 CPS,SA,EN,,Sargent,,,666,"[74.3, 223.5, 504.9, 235.7]",
77.0,Conference Room,False,,666,0.91,1,,Wall Stop,430-RKW,RO,US15,,Rockwood,Satin nickel,,666,"[74.3, 239.2, 506.1, 251.4]",
77.0,Conference Room,False,,666,0.91,1,,Sound Gasketing,S773BL,PE,,,Pemko,,,666,"[74.3, 254.8, 503.6, 267.0]",
77.0,Conference Room,False,,666,0.91,1,,Door Bottom,"STC411APK 36""",PE,,,Pemko,,,666,"[74.3, 270.5, 503.6, 282.8]",
77.0,Conference Room,False,,666,0.91,1,,Threshold,151A MSES25,PE,,,Pemko,,,666,"[74.3, 286.1, 503.6, 298.4]",
78.0,Corridor Hallway (WDL),False,,666,0.92,3,,"Hinge, Full Mortise",TA2714,MK,US15,,McKinney,Satin nickel,,666,"[74.3, 395.7, 508.6, 407.9]",
78.0,Corridor Hallway (WDL),False,,666,0.92,1,,Access Control Cyl Lock,70 IN100-10XG77-BIPS B LMW,SA,US15,,Sargent,Satin nickel,,666,"[74.3, 412.4, 504.9, 424.6]",
78.0,Corridor Hallway (WDL),False,,666,0.92,1,,Small Format Inter Core,7300B CKC GMK,SA,US15,,Sargent,Satin nickel,,666,"[74.3, 429.0, 504.9, 441.2]",
78.0,Corridor Hallway (WDL),False,,666,0.92,1,,Surface Closer,351 UO,SA,EN,,Sargent,,,666,"[74.3, 444.7, 504.9, 456.9]",
78.0,Corridor Hallway (WDL),False,,666,0.92,1,,Kick Plate,"K1050=10"" high CSK BEV",RO,US32D,,Rockwood,Satin stainless,,666,"[74.3, 460.3, 506.1, 472.5]",
78.0,Corridor Hallway (WDL),False,,666,0.92,1,,Wall Stop,430-RKW,RO,US15,,Rockwood,Satin nickel,,666,"[74.3, 476.0, 506.1, 488.2]",
78.0,Corridor Hallway (WDL),False,,666,0.92,1,,Gasketing,S88BL,PE,,,Pemko,,,666,"[74.3, 491.6, 503.6, 503.8]",
78.1,"Laundry, Package (WDL)",False,,666,0.92,3,,"Hinge, Full Mortise",TA2714,MK,US15,,McKinney,Satin nickel,,666,"[74.3, 569.8, 508.6, 582.1]",
78.1,"Laundry, Package (WDL)",False,,666,0.92,1,,Access Control Cyl Lock,70 IN100-10XG77-BIPS B LMW,SA,US15,,Sargent,Satin nickel,,666,"[74.3, 586.5, 504.9, 598.8]",
78.1,"Laundry, Package (WDL)",False,,666,0.92,1,,Small Format Inter Core,7300B CKC GMK,SA,US15,,Sargent,Satin nickel,,666,"[74.3, 603.1, 504.9, 615.3]",
78.1,"Laundry, Package (WDL)",False,,666,0.92,1,,Conc Overhead Stop,2-336,RF,652,,Rixson,Satin chrome plated steel,,666,"[74.3, 618.8, 504.2, 631.0]",
78.1,"Laundry, Package (WDL)",False,,666,0.92,1,,Surface Closer,351 O,SA,EN,,Sargent,,,666,"[74.3, 634.4, 504.9, 646.6]",
78.1,"Laundry, Package (WDL)",False,,666,0.92,1,,Kick Plate,"K1050=10"" high CSK BEV",RO,US32D,,Rockwood,Satin stainless,,666,"[74.3, 650.1, 506.1, 662.4]",
78.1,"Laundry, Package (WDL)",False,,666,0.92,1,,Gasketing,S88BL,PE,,,Pemko,,,666,"[74.3, 665.7, 503.6, 678.0]",
79.0,Kitchen / BOH (CR/CR ES),False,,"666, 667",0.91,3,,"Hinge, Full Mortise, Hvy Wt",T4A3786,MK,US15,,McKinney,Satin nickel,,667,"[74.3, 82.7, 508.6, 94.9]",
79.0,Kitchen / BOH (CR/CR ES),False,,"666, 667",0.91,1,,Utility/Asylum/Institutional Lock,70 10XG17 LMW,SA,US15,,Sargent,Satin nickel,,667,"[74.3, 98.3, 504.9, 110.5]",
79.0,Kitchen / BOH (CR/CR ES),False,,"666, 667",0.91,2,,Small Format Inter Core,7300B CKC GMK,SA,US15,,Sargent,Satin nickel,,667,"[74.3, 114.0, 504.9, 126.2]",
79.0,Kitchen / BOH (CR/CR ES),False,,"666, 667",0.91,1,,Electric Strike,1500C-LMS,HS,630,,,Satin stainless steel,,667,"[74.3, 130.6, 504.8, 142.8]",
79.0,Kitchen / BOH (CR/CR ES),False,,"666, 667",0.91,1,,SMART Pac Bridge Rectifier,2005M3,HS,,,,,,667,"[74.3, 148.2, 504.8, 160.4]",
79.0,Kitchen / BOH (CR/CR ES),False,,"666, 667",0.91,1,,Conc Overhead Stop,2-336,RF,652,,Rixson,Satin chrome plated steel,,667,"[74.3, 164.9, 504.2, 177.1]",
79.0,Kitchen / BOH (CR/CR ES),False,,"666, 667",0.91,1,,Surface Closer,"DA 351 O K1050 F =34"" high BEV CSK (F @",SA,EN,,Sargent,,,667,"[74.3, 180.5, 504.9, 208.4]",finish
79.0,Kitchen / BOH (CR/CR ES),False,,"666, 667",0.91,1,,Armor Plate,rated),RO,US32D,,Rockwood,Satin stainless,,667,"[74.3, 202.5, 506.1, 221.0]",
79.0,Kitchen / BOH (CR/CR ES),False,,"666, 667",0.91,1,,Gasketing,S88BL,PE,,,Pemko,,,667,"[74.3, 224.5, 503.6, 236.8]",
79.0,Kitchen / BOH (CR/CR ES),False,,"666, 667",0.91,1,,ElectroLynx Frame Harness,QC-C1500P,MK,,,McKinney,,,667,"[74.3, 241.1, 508.6, 253.4]",
79.0,Kitchen / BOH (CR/CR ES),False,,"666, 667",0.91,1,,Position Switch,DPS-M-GY,SU,,,Securitron,,,667,"[74.3, 258.8, 504.9, 271.0]",
79.0,Kitchen / BOH (CR/CR ES),False,,"666, 667",0.91,2,,Card Reader,Furnished by Security Contractor,HD,,,,,,667,"[74.3, 275.5, 506.7, 287.7]",
79.1,BOH / Waiting (CR/CR ES),False,,"667, 668",0.91,3,,"Hinge, Full Mortise",TA2714,MK,US15,,McKinney,Satin nickel,,667,"[74.3, 486.2, 508.6, 498.4]",
79.1,BOH / Waiting (CR/CR ES),False,,"667, 668",0.91,1,,Utility/Asylum/Institutional Lock,70 10XG17 LMW,SA,US15,,Sargent,Satin nickel,,667,"[74.3, 501.8, 504.9, 514.0]",
79.1,BOH / Waiting (CR/CR ES),False,,"667, 668",0.91,1,,Small Format Inter Core,7300B CKC GMK,SA,US15,,Sargent,Satin nickel,,667,"[74.3, 517.5, 504.9, 529.7]",
79.1,BOH / Waiting (CR/CR ES),False,,"667, 668",0.91,1,,Electric Strike,1500C-LMS,HS,630,,,Satin stainless steel,,667,"[74.3, 534.1, 504.8, 546.3]",
79.1,BOH / Waiting (CR/CR ES),False,,"667, 668",0.91,1,,SMART Pac Bridge Rectifier,2005M3,HS,,,,,,667,"[74.3, 551.7, 504.8, 563.9]",
79.1,BOH / Waiting (CR/CR ES),False,,"667, 668",0.91,1,,Surface Closer,DA 351 O,SA,EN,,Sargent,,,667,"[74.3, 568.4, 504.9, 580.6]",
79.1,BOH / Waiting (CR/CR ES),False,,"667, 668",0.91,1,,Wall Stop,430-RKW,RO,US15,,Rockwood,Satin nickel,,667,"[74.3, 584.0, 506.1, 596.2]",
79.1,BOH / Waiting (CR/CR ES),False,,"667, 668",0.91,1,,Gasketing,S88BL,PE,,,Pemko,,,667,"[74.3, 599.7, 503.6, 612.0]",
79.1,BOH / Waiting (CR/CR ES),False,,"667, 668",0.91,1,,ElectroLynx Frame Harness,QC-C1500P,MK,,,McKinney,,,667,"[74.3, 616.3, 508.6, 628.5]",
79.1,BOH / Waiting (CR/CR ES),False,,"667, 668",0.91,1,,Position Switch,DPS-W-GY,SU,,,Securitron,,,667,"[74.3, 633.9, 504.9, 646.2]",
79.1,BOH / Waiting (CR/CR ES),False,,"667, 668",0.91,1,,Card Reader,Furnished by Security Contractor,HD,,,,,,667,"[74.3, 650.6, 506.7, 662.8]",
80.0,"Kitchen, Laundry, Utility Service (CR EL)",False,,668,0.92,3,,"Hinge, Full Mortise",TA2714,MK,US15,,McKinney,Satin nickel,,668,"[74.3, 180.3, 508.6, 192.5]",
80.0,"Kitchen, Laundry, Utility Service (CR EL)",False,,668,0.92,1,,Fail Secure Elec Lock,RX 70 10XG71 LMW,SA,US15,,Sargent,Satin nickel,,668,"[74.3, 196.8, 504.9, 209.0]",
80.0,"Kitchen, Laundry, Utility Service (CR EL)",False,,668,0.92,1,,Small Format Inter Core,7300B CKC GMK,SA,US15,,Sargent,Satin nickel,,668,"[74.3, 213.5, 504.9, 225.7]",
80.0,"Kitchen, Laundry, Utility Service (CR EL)",False,,668,0.92,1,,Surface Closer,DA 351 O,SA,EN,,Sargent,,,668,"[74.3, 229.1, 504.9, 241.3]",
80.0,"Kitchen, Laundry, Utility Service (CR EL)",False,,668,0.92,1,,Kick Plate,"K1050=10"" high CSK BEV",RO,US32D,,Rockwood,Satin stainless,,668,"[74.3, 244.9, 506.1, 257.1]",
80.0,"Kitchen, Laundry, Utility Service (CR EL)",False,,668,0.92,1,,Wall Stop,430-RKW,RO,US15,,Rockwood,Satin nickel,,668,"[74.3, 260.5, 506.1, 272.7]",
80.0,"Kitchen, Laundry, Utility Service (CR EL)",False,,668,0.92,1,,Gasketing,S88BL,PE,,,Pemko,,,668,"[74.3, 276.2, 503.6, 288.4]",
80.0,"Kitchen, Laundry, Utility Service (CR EL)",False,,668,0.92,1,,Door Bottom,420APKL @ HM / 434APKL@ WD,PE,,,Pemko,,,668,"[74.3, 291.8, 503.6, 304.0]",
80.0,"Kitchen, Laundry, Utility Service (CR EL)",False,,668,0.92,1,,Electric Power Transfer,EL-CEPT,SU,630,,Securitron,Satin stainless steel,,668,"[74.3, 308.5, 504.9, 320.7]",
80.0,"Kitchen, Laundry, Utility Service (CR EL)",False,,668,0.92,1,,ElectroLynx Door Harness,QC-C300,MK,,,McKinney,,,668,"[74.3, 326.1, 508.6, 338.3]",
80.0,"Kitchen, Laundry, Utility Service (CR EL)",False,,668,0.92,1,,ElectroLynx Frame Harness,QC-C1500P,MK,,,McKinney,,,668,"[74.3, 343.7, 508.6, 356.0]",
80.0,"Kitchen, Laundry, Utility Service (CR EL)",False,,668,0.92,1,,Position Switch,DPS-W-GY,SU,,,Securitron,,,668,"[74.3, 361.3, 504.9, 373.5]",
80.0,"Kitchen, Laundry, Utility Service (CR EL)",False,,668,0.92,1,,Card Reader,Furnished by Security Contractor,HD,,,,,,668,"[74.3, 377.9, 506.7, 390.2]",
81.0,Lobby Corridor (HO),False,,668,0.92,3,,"Hinge, Full Mortise",TA2714,MK,US15,,McKinney,Satin nickel,,668,"[74.3, 588.7, 508.6, 600.9]",
81.0,Lobby Corridor (HO),False,,668,0.92,1,,Passage Latch,10XU15 LMW,SA,US15,,Sargent,Satin nickel,,668,"[74.3, 604.4, 504.9, 616.6]",
81.0,Lobby Corridor (HO),False,,668,0.92,1,,Surface Closer,351 O,SA,EN,,Sargent,,,668,"[74.3, 620.0, 504.9, 632.2]",
81.0,Lobby Corridor (HO),False,,668,0.92,1,,Electromagnetic Holder,998M,RF,689,,Rixson,Aluminum painted,,668,"[74.3, 636.7, 504.2, 648.9]",
81.0,Lobby Corridor (HO),False,,668,0.92,1,,Gasketing,S88BL,PE,,,Pemko,,,668,"[74.3, 653.3, 503.6, 665.5]",
82.0,Lobby Entry (CR EPH),False,,669,0.92,3,,"Hinge, Full Mortise",TA2714,MK,US15,,McKinney,Satin nickel,,669,"[74.3, 98.3, 508.6, 110.5]",
82.0,Lobby Entry (CR EPH),False,,669,0.92,1,,Rim ELR Exit Device,5CH 55 56 72 PE8806 NEP 24v,SA,US32D,,Sargent,Satin stainless,,669,"[74.3, 115.0, 504.9, 127.2]",
82.0,Lobby Entry (CR EPH),False,,669,0.92,1,,Small Format Inter Core,7300B CKC GMK,SA,US15,,Sargent,Satin nickel,,669,"[74.3, 131.7, 504.9, 143.9]",
82.0,Lobby Entry (CR EPH),False,,669,0.92,1,,Surface Closer,351 UO,SA,EN,,Sargent,,,669,"[74.3, 147.3, 504.9, 159.5]",
82.0,Lobby Entry (CR EPH),False,,669,0.92,1,,Wall Stop,430-RKW,RO,US15,,Rockwood,Satin nickel,,669,"[74.3, 162.9, 506.1, 175.1]",
82.0,Lobby Entry (CR EPH),False,,669,0.92,1,,Gasketing,S88BL,PE,,,Pemko,,,669,"[74.3, 178.6, 503.6, 190.8]",
82.0,Lobby Entry (CR EPH),False,,669,0.92,1,,Electric Power Transfer,EL-CEPT,SU,630,,Securitron,Satin stainless steel,,669,"[74.3, 195.1, 504.9, 207.4]",
82.0,Lobby Entry (CR EPH),False,,669,0.92,1,,ElectroLynx Door Harness,QC-C300,MK,,,McKinney,,,669,"[74.3, 212.8, 508.6, 225.0]",
82.0,Lobby Entry (CR EPH),False,,669,0.92,1,,ElectroLynx Frame Harness,QC-C1500P,MK,,,McKinney,,,669,"[74.3, 230.4, 508.6, 242.6]",
82.0,Lobby Entry (CR EPH),False,,669,0.92,1,,Position Switch,DPS-W-GY,SU,,,Securitron,,,669,"[74.3, 248.1, 504.9, 260.3]",
82.0,Lobby Entry (CR EPH),False,,669,0.92,1,,Card Reader,Furnished by Security Contractor,HD,,,,,,669,"[74.3, 264.8, 506.7, 277.0]",
83.0,Staff (CR EL),False,,"669, 670",0.92,4,,"Hinge, Full Mortise",TA2714 NRP,MK,US15,,McKinney,Satin nickel,,669,"[74.3, 475.5, 508.6, 487.7]",
83.0,Staff (CR EL),False,,"669, 670",0.92,1,,Fail Secure Elec Lock,RX 70 10XG71 LMW,SA,US15,,Sargent,Satin nickel,,669,"[74.3, 492.2, 504.9, 504.4]",
83.0,Staff (CR EL),False,,"669, 670",0.92,1,,Small Format Inter Core,7300B CKC GMK,SA,US15,,Sargent,Satin nickel,,669,"[74.3, 508.8, 504.9, 521.0]",
83.0,Staff (CR EL),False,,"669, 670",0.92,1,,Surface Closer,351 P9,SA,EN,,Sargent,,,669,"[74.3, 524.5, 504.9, 536.7]",
83.0,Staff (CR EL),False,,"669, 670",0.92,1,,Wall Stop,430-RKW,RO,US15,,Rockwood,Satin nickel,,669,"[74.3, 540.1, 506.1, 552.3]",
83.0,Staff (CR EL),False,,"669, 670",0.92,1,,Gasketing,S88BL,PE,,,Pemko,,,669,"[74.3, 555.8, 503.6, 568.0]",
83.0,Staff (CR EL),False,,"669, 670",0.92,1,,Electric Power Transfer,EL-CEPT,SU,630,,Securitron,Satin stainless steel,,669,"[74.3, 572.4, 504.9, 584.6]",
83.0,Staff (CR EL),False,,"669, 670",0.92,1,,ElectroLynx Door Harness,QC-C300,MK,,,McKinney,,,669,"[74.3, 590.0, 508.6, 602.2]",
83.0,Staff (CR EL),False,,"669, 670",0.92,1,,ElectroLynx Frame Harness,QC-C1500P,MK,,,McKinney,,,669,"[74.3, 607.7, 508.6, 619.9]",
83.0,Staff (CR EL),False,,"669, 670",0.92,1,,Position Switch,DPS-W-GY,SU,,,Securitron,,,669,"[74.3, 625.3, 504.9, 637.5]",
83.0,Staff (CR EL),False,,"669, 670",0.92,1,,Card Reader,Furnished by Security Contractor,HD,,,,,,669,"[74.3, 642.0, 506.7, 654.2]",
84.0,Interior Stair (PH),False,,670,0.92,3,,"Hinge, Full Mortise, Hvy Wt",T4A3786,MK,US15,,McKinney,Satin nickel,,670,"[74.3, 192.9, 508.6, 205.1]",
84.0,Interior Stair (PH),False,,670,0.92,1,,"Rim Exit Device, Passage",12 5CH PE8815 NEMW,SA,US32D,,Sargent,Satin stainless,,670,"[74.3, 208.5, 504.9, 220.7]",
84.0,Interior Stair (PH),False,,670,0.92,1,,Surface Closer,351 P10,SA,EN,,Sargent,,,670,"[74.3, 224.2, 504.9, 236.4]",
84.0,Interior Stair (PH),False,,670,0.92,1,,Kick Plate,"K1050=10"" high CSK BEV",RO,US32D,,Rockwood,Satin stainless,,670,"[74.3, 239.8, 506.1, 252.0]",
84.0,Interior Stair (PH),False,,670,0.92,1,,Wall Stop,430-RKW,RO,US15,,Rockwood,Satin nickel,,670,"[74.3, 255.5, 506.1, 267.8]",
84.0,Interior Stair (PH),False,,670,0.92,1,,Gasketing,S88BL,PE,,,Pemko,,,670,"[74.3, 271.1, 503.6, 283.4]",
84.0,Interior Stair (PH),False,,670,0.92,1,,Sweep,18062CNB,PE,,,Pemko,,,670,"[74.3, 286.9, 503.6, 299.1]",
84.0,Interior Stair (PH),False,,670,0.92,1,,Threshold,272A MSES25,PE,,,Pemko,,,670,"[74.3, 302.5, 503.6, 314.7]",
85.0,Corridor Salon (ADO-PP ES),False,,670,0.92,4,,"Hinge, Full Mortise",TA2714,MK,US15,,McKinney,Satin nickel,,670,"[74.3, 406.0, 508.6, 418.3]",
85.0,Corridor Salon (ADO-PP ES),False,,670,0.92,1,,Passage Latch,10XU15 LMW,SA,US15,,Sargent,Satin nickel,,670,"[74.3, 421.6, 504.9, 433.9]",
85.0,Corridor Salon (ADO-PP ES),False,,670,0.92,1,,Electric Strike,1500C-LMS,HS,630,,,Satin stainless steel,,670,"[74.3, 438.3, 504.8, 450.5]",
85.0,Corridor Salon (ADO-PP ES),False,,670,0.92,1,,SMART Pac Bridge Rectifier,2005M3,HS,,,,,,670,"[74.3, 456.0, 504.8, 468.2]",
85.0,Corridor Salon (ADO-PP ES),False,,670,0.92,1,,Automatic Opener,6211 / 6231 @ rev-bevel door 120V,NO,689,,Norton,Aluminum painted,,670,"[74.3, 473.6, 506.7, 485.8]",
85.0,Corridor Salon (ADO-PP ES),False,,670,0.92,2,,ADO Push Plate,639,NO,,,Norton,,,670,"[74.3, 491.2, 506.7, 503.5]",
85.0,Corridor Salon (ADO-PP ES),False,,670,0.92,1,,Wall Stop,430-RKW,RO,US15,,Rockwood,Satin nickel,,670,"[74.3, 507.8, 506.1, 520.0]",
85.0,Corridor Salon (ADO-PP ES),False,,670,0.92,1,,Gasketing,S88BL,PE,,,Pemko,,,670,"[74.3, 523.5, 503.6, 535.7]",
86.0,Corridor Exit (CR EPH),False,,"670, 671",0.93,3,,"Hinge, Full Mortise, Hvy Wt",T4A3786,MK,US15,,McKinney,Satin nickel,,670,"[74.3, 601.8, 508.6, 614.0]",
86.0,Corridor Exit (CR EPH),False,,"670, 671",0.93,1,,Rim ELR Exit Device,5CH 55 56 72 PE8806 NEP 24v,SA,US32D,,Sargent,Satin stainless,,670,"[74.3, 618.3, 504.9, 630.6]",
86.0,Corridor Exit (CR EPH),False,,"670, 671",0.93,1,,Mortise Cylinder,72 43 verify cam,SA,US32D,,Sargent,Satin stainless,,670,"[74.3, 635.0, 504.9, 647.2]",
86.0,Corridor Exit (CR EPH),False,,"670, 671",0.93,1,,Small Format Inter Core,7300B CKC GMK,SA,US15,,Sargent,Satin nickel,,670,"[74.3, 650.6, 504.9, 662.8]",
86.0,Corridor Exit (CR EPH),False,,"670, 671",0.93,1,,Surface Closer,351 P10,SA,EN,,Sargent,,,670,"[74.3, 666.3, 504.9, 678.6]",
86.0,Corridor Exit (CR EPH),False,,"670, 671",0.93,1,,Kick Plate,"K1050=10"" high CSK BEV",RO,US32D,,Rockwood,Satin stainless,,670,"[74.3, 681.9, 506.1, 694.2]",
86.0,Corridor Exit (CR EPH),False,,"670, 671",0.93,1,,Wall Stop,430-RKW,RO,US15,,Rockwood,Satin nickel,,670,"[74.3, 697.7, 506.1, 709.9]",
86.0,Corridor Exit (CR EPH),False,,"670, 671",0.93,1,,Gasketing,S88BL,PE,,,Pemko,,,671,"[74.3, 51.4, 503.6, 63.6]",
86.0,Corridor Exit (CR EPH),False,,"670, 671",0.93,1,,Electric Power Transfer,EL-CEPT,SU,630,,Securitron,Satin stainless steel,,671,"[74.3, 68.0, 504.9, 80.3]",
86.0,Corridor Exit (CR EPH),False,,"670, 671",0.93,1,,ElectroLynx Frame Harness,QC-C1500P,MK,,,McKinney,,,671,"[74.3, 85.7, 508.6, 97.9]",
86.0,Corridor Exit (CR EPH),False,,"670, 671",0.93,1,,Position Switch,DPS-W-GY,SU,,,Securitron,,,671,"[74.3, 103.3, 504.9, 115.6]",
86.0,Corridor Exit (CR EPH),False,,"670, 671",0.93,1,,Card Reader,Furnished by Security Contractor,HD,,,,,,671,"[74.3, 119.9, 506.7, 132.1]",
87.0,BOH Corridor Exit (CR DE PH),False,,671,0.93,3,,"Hinge, Full Mortise, Hvy Wt",T4A3786,MK,US15,,McKinney,Satin nickel,,671,"[74.3, 381.3, 508.6, 393.5]",
87.0,BOH Corridor Exit (CR DE PH),False,,671,0.93,1,,Delayed Egress Magnetic Lock,DEM680E-CA15S,SU,630,,Securitron,Satin stainless steel,,671,"[74.3, 398.0, 504.9, 410.2]",
87.0,BOH Corridor Exit (CR DE PH),False,,671,0.93,1,,"Rim Exit Device, Passage",12 5CH PE8815 NEMW,SA,US32D,,Sargent,Satin stainless,,671,"[74.3, 414.6, 504.9, 426.8]",
87.0,BOH Corridor Exit (CR DE PH),False,,671,0.93,1,,Mortise Cylinder,72 43 verify cam,SA,US32D,,Sargent,Satin stainless,,671,"[74.3, 430.3, 504.9, 442.5]",
87.0,BOH Corridor Exit (CR DE PH),False,,671,0.93,1,,Small Format Inter Core,7300B CKC GMK,SA,US15,,Sargent,Satin nickel,,671,"[74.3, 445.9, 504.9, 458.1]",
87.0,BOH Corridor Exit (CR DE PH),False,,671,0.93,1,,Surface Closer,351 UO,SA,EN,,Sargent,,,671,"[74.3, 461.5, 504.9, 473.7]",
87.0,BOH Corridor Exit (CR DE PH),False,,671,0.93,1,,Kick Plate,"K1050=10"" high CSK BEV",RO,US32D,,Rockwood,Satin stainless,,671,"[74.3, 477.2, 506.1, 489.4]",
87.0,BOH Corridor Exit (CR DE PH),False,,671,0.93,1,,Wall Stop,430-RKW,RO,US15,,Rockwood,Satin nickel,,671,"[74.3, 492.8, 506.1, 505.0]",
87.0,BOH Corridor Exit (CR DE PH),False,,671,0.93,1,,Gasketing,S88BL,PE,,,Pemko,,,671,"[74.3, 508.5, 503.6, 520.7]",
87.0,BOH Corridor Exit (CR DE PH),False,,671,0.93,1,,ElectroLynx Frame Harness,QC-C1500P,MK,,,McKinney,,,671,"[74.3, 525.1, 508.6, 537.3]",
87.0,BOH Corridor Exit (CR DE PH),False,,671,0.93,1,,Position Switch,DPS-W-GY,SU,,,Securitron,,,671,"[74.3, 542.7, 504.9, 554.9]",
87.0,BOH Corridor Exit (CR DE PH),False,,671,0.93,2,,Card Reader,Furnished by Security Contractor,HD,,,,,,671,"[74.3, 559.4, 506.7, 571.6]",
87.1,Controlled Corridor Exit (AO CR/CR DE PH),False,,672,0.93,4,,"Hinge, Full Mortise, Hvy Wt",T4A3786,MK,US15,,McKinney,Satin nickel,,672,"[74.3, 114.0, 508.6, 126.2]",
87.1,Controlled Corridor Exit (AO CR/CR DE PH),False,,672,0.93,1,,Delayed Egress Magnetic Lock,DEM680E-CA15S,SU,630,,Securitron,Satin stainless steel,,672,"[74.3, 130.6, 504.9, 142.8]",
87.1,Controlled Corridor Exit (AO CR/CR DE PH),False,,672,0.93,1,,Rim Exit Device,12 5CH 72 PE8806 NEMW,SA,US32D,,Sargent,Satin stainless,,672,"[74.3, 147.3, 504.9, 159.5]",
87.1,Controlled Corridor Exit (AO CR/CR DE PH),False,,672,0.93,1,,Mortise Cylinder,72 43 verify cam,SA,US32D,,Sargent,Satin stainless,,672,"[74.3, 162.9, 504.9, 175.1]",
87.1,Controlled Corridor Exit (AO CR/CR DE PH),False,,672,0.93,2,,Small Format Inter Core,7300B CKC GMK,SA,US15,,Sargent,Satin nickel,,672,"[74.3, 178.6, 504.9, 190.8]",
87.1,Controlled Corridor Exit (AO CR/CR DE PH),False,,672,0.93,1,,Electric Strike,9500-LBM,HS,630,,,Satin stainless steel,,672,"[74.3, 195.1, 504.8, 207.4]",
87.1,Controlled Corridor Exit (AO CR/CR DE PH),False,,672,0.93,1,,Automatic Opener,6211 / 6231 @ rev-bevel door 120V,NO,689,,Norton,Aluminum painted,,672,"[74.3, 212.8, 506.7, 225.0]",
87.1,Controlled Corridor Exit (AO CR/CR DE PH),False,,672,0.93,2,,ADO Push Plate,639,NO,,,Norton,,,672,"[74.3, 230.4, 506.7, 242.6]",
87.1,Controlled Corridor Exit (AO CR/CR DE PH),False,,672,0.93,1,,Kick Plate,"K1050=10"" high CSK BEV",RO,US32D,,Rockwood,Satin stainless,,672,"[74.3, 247.1, 506.1, 259.4]",
87.1,Controlled Corridor Exit (AO CR/CR DE PH),False,,672,0.93,1,,Wall Stop,430-RKW,RO,US15,,Rockwood,Satin nickel,,672,"[74.3, 262.7, 506.1, 275.0]",
87.1,Controlled Corridor Exit (AO CR/CR DE PH),False,,672,0.93,1,,Gasketing,S88BL,PE,,,Pemko,,,672,"[74.3, 278.5, 503.6, 290.7]",
87.1,Controlled Corridor Exit (AO CR/CR DE PH),False,,672,0.93,1,,ElectroLynx Frame Harness,QC-C1500P,MK,,,McKinney,,,672,"[74.3, 295.0, 508.6, 307.2]",
87.1,Controlled Corridor Exit (AO CR/CR DE PH),False,,672,0.93,1,,Position Switch,DPS-W-GY,SU,,,Securitron,,,672,"[74.3, 312.7, 504.9, 324.9]",
87.1,Controlled Corridor Exit (AO CR/CR DE PH),False,,672,0.93,1,,Card Reader,Furnished by Security Contractor,HD,,,,,,672,"[74.3, 329.3, 506.7, 341.6]",
88.0,Stair Passage,False,,672,0.92,3,,"Hinge, Full Mortise, Hvy Wt",T4A3786,MK,US15,,McKinney,Satin nickel,,672,"[74.3, 590.7, 508.6, 603.0]",
88.0,Stair Passage,False,,672,0.92,1,,Passage Latch,10XU15 LMW,SA,US15,,Sargent,Satin nickel,,672,"[74.3, 606.3, 504.9, 618.6]",
88.0,Stair Passage,False,,672,0.92,1,,Surface Closer,351 O,SA,EN,,Sargent,,,672,"[74.3, 622.1, 504.9, 634.3]",
88.0,Stair Passage,False,,672,0.92,1,,Kick Plate,"K1050=10"" high CSK BEV",RO,US32D,,Rockwood,Satin stainless,,672,"[74.3, 637.7, 506.1, 649.9]",
88.0,Stair Passage,False,,672,0.92,1,,Wall Stop,430-RKW,RO,US15,,Rockwood,Satin nickel,,672,"[74.3, 653.3, 506.1, 665.5]",
88.0,Stair Passage,False,,672,0.92,1,,Gasketing,S88BL,PE,,,Pemko,,,672,"[74.3, 669.0, 503.6, 681.2]",
88.0,Stair Passage,False,,672,0.92,1,,Sweep,18062CNB,PE,,,Pemko,,,672,"[74.3, 684.6, 503.6, 696.8]",
88.0,Stair Passage,False,,672,0.92,1,,Threshold,272A MSES25,PE,,,Pemko,,,672,"[74.3, 700.3, 503.6, 712.5]",
89.0,"BOH, Parking Exit Stair (PH)",False,,673,0.92,3,,"Hinge, Full Mortise, Hvy Wt",T4A3786,MK,US15,,McKinney,Satin nickel,,673,"[74.3, 114.0, 508.6, 126.2]",
89.0,"BOH, Parking Exit Stair (PH)",False,,673,0.92,1,,"Rim Exit Device, Passage",12 PE8815 NEP,SA,US32D,,Sargent,Satin stainless,,673,"[74.3, 129.6, 504.9, 141.8]",
89.0,"BOH, Parking Exit Stair (PH)",False,,673,0.92,1,,Surface Closer,351 O,SA,EN,,Sargent,,,673,"[74.3, 145.2, 504.9, 157.4]",
89.0,"BOH, Parking Exit Stair (PH)",False,,673,0.92,1,,Kick Plate,"K1050=10"" high CSK BEV",RO,US32D,,Rockwood,Satin stainless,,673,"[74.3, 160.9, 506.1, 173.2]",
89.0,"BOH, Parking Exit Stair (PH)",False,,673,0.92,1,,Wall Stop,430-RKW,RO,US15,,Rockwood,Satin nickel,,673,"[74.3, 176.5, 506.1, 188.8]",
89.0,"BOH, Parking Exit Stair (PH)",False,,673,0.92,1,,Gasketing,S88BL,PE,,,Pemko,,,673,"[74.3, 192.3, 503.6, 204.5]",
89.0,"BOH, Parking Exit Stair (PH)",False,,673,0.92,1,,Sweep,18062CNB,PE,,,Pemko,,,673,"[74.3, 207.9, 503.6, 220.1]",
89.0,"BOH, Parking Exit Stair (PH)",False,,673,0.92,1,,Threshold,272A MSES25,PE,,,Pemko,,,673,"[74.3, 223.5, 503.6, 235.7]",
90.0,Exit Stair (PH),False,,673,0.92,3,,"Hinge, Full Mortise, Hvy Wt",T4A3786,MK,US15,,McKinney,Satin nickel,,673,"[74.3, 327.1, 508.6, 339.3]",
90.0,Exit Stair (PH),False,,673,0.92,1,,"Rim Exit Device, Passage",12 5CH PE8815 NEMW,SA,US32D,,Sargent,Satin stainless,,673,"[74.3, 342.8, 504.9, 355.0]",
90.0,Exit Stair (PH),False,,673,0.92,1,,Surface Closer,351 O,SA,EN,,Sargent,,,673,"[74.3, 358.4, 504.9, 370.6]",
90.0,Exit Stair (PH),False,,673,0.92,1,,Kick Plate,"K1050=10"" high CSK BEV",RO,US32D,,Rockwood,Satin stainless,,673,"[74.3, 374.1, 506.1, 386.3]",
90.0,Exit Stair (PH),False,,673,0.92,1,,Wall Stop,430-RKW,RO,US15,,Rockwood,Satin nickel,,673,"[74.3, 389.7, 506.1, 401.9]",
90.0,Exit Stair (PH),False,,673,0.92,1,,Gasketing,S88BL,PE,,,Pemko,,,673,"[74.3, 405.3, 503.6, 417.5]",
90.0,Exit Stair (PH),False,,673,0.92,1,,Sweep,18062CNB,PE,,,Pemko,,,673,"[74.3, 421.0, 503.6, 433.3]",
90.0,Exit Stair (PH),False,,673,0.92,1,,Threshold,272A MSES25,PE,,,Pemko,,,673,"[74.3, 436.6, 503.6, 448.9]",
91.0,Exit Stair (PH),False,,673,0.91,3,,"Hinge, Full Mortise, Hvy Wt",T4A3786,MK,US15,,McKinney,Satin nickel,,673,"[74.3, 514.9, 508.6, 527.1]",
91.0,Exit Stair (PH),False,,673,0.91,1,,"Rim Exit Device, Passage",12 5CH PE8815 NEMW,SA,US32D,,Sargent,Satin stainless,,673,"[74.3, 530.6, 504.9, 542.8]",
91.0,Exit Stair (PH),False,,673,0.91,1,,Surface Closer,351 CPS,SA,EN,,Sargent,,,673,"[74.3, 546.2, 504.9, 558.4]",
91.0,Exit Stair (PH),False,,673,0.91,1,,Kick Plate,"K1050=10"" high CSK BEV",RO,US32D,,Rockwood,Satin stainless,,673,"[74.3, 561.8, 506.1, 574.0]",
91.0,Exit Stair (PH),False,,673,0.91,1,,Gasketing,S88BL,PE,,,Pemko,,,673,"[74.3, 577.5, 503.6, 589.8]",
91.0,Exit Stair (PH),False,,673,0.91,1,,Sweep,18062CNB,PE,,,Pemko,,,673,"[74.3, 593.1, 503.6, 605.4]",
91.0,Exit Stair (PH),False,,673,0.91,1,,Threshold,272A MSES25,PE,,,Pemko,,,673,"[74.3, 608.9, 503.6, 621.1]",
92.0,Spa Coed Pools Exit (PH WDL),False,,"673, 674",0.92,3,,"Hinge, Full Mortise",TA2314 NRP,MK,US32D,,McKinney,Satin stainless,,673,"[74.3, 687.1, 508.6, 699.3]",
92.0,Spa Coed Pools Exit (PH WDL),False,,"673, 674",0.92,1,,Rim Exit Device,70 IN100-PE8877-BIPS B NEMW,SA,US32D,,Sargent,Satin stainless,,673,"[74.3, 703.7, 504.9, 715.9]",
92.0,Spa Coed Pools Exit (PH WDL),False,,"673, 674",0.92,1,,Small Format Inter Core,7300B CKC GMK,SA,US15,,Sargent,Satin nickel,,674,"[74.3, 51.4, 504.9, 63.6]",
92.0,Spa Coed Pools Exit (PH WDL),False,,"673, 674",0.92,1,,Surface Closer,351 P10,SA,EN,,Sargent,,,674,"[74.3, 67.0, 504.9, 79.2]",
92.0,Spa Coed Pools Exit (PH WDL),False,,"673, 674",0.92,1,,Kick Plate,"K1050=10"" high CSK BEV",RO,US32D,,Rockwood,Satin stainless,,674,"[74.3, 82.7, 506.1, 94.9]",
92.0,Spa Coed Pools Exit (PH WDL),False,,"673, 674",0.92,1,,Wall Stop,430-RKW,RO,US15,,Rockwood,Satin nickel,,674,"[74.3, 98.3, 506.1, 110.5]",
92.0,Spa Coed Pools Exit (PH WDL),False,,"673, 674",0.92,1,,Gasketing,S88BL,PE,,,Pemko,,,674,"[74.3, 114.0, 503.6, 126.2]",
92.0,Spa Coed Pools Exit (PH WDL),False,,"673, 674",0.92,1,,Sweep,18062CNB,PE,,,Pemko,,,674,"[74.3, 129.6, 503.6, 141.8]",
92.0,Spa Coed Pools Exit (PH WDL),False,,"673, 674",0.92,1,,Threshold,Per Detail / Type as Req,PE,,,Pemko,,,674,"[74.3, 145.2, 503.6, 157.4]",
93.0,Restricted Corridor Exit (ALK CR/CR EPH),False,,674,0.92,3,,"Hinge, Full Mortise, Hvy Wt",T4A3786 NRP,MK,US15,,McKinney,Satin nickel,,674,"[74.3, 254.8, 508.6, 267.0]",
93.0,Restricted Corridor Exit (ALK CR/CR EPH),False,,674,0.92,1,,Alarmed Fail Secure Elec Exit Device,AL 5CH 70 PE8876-24v NEMW,SA,US32D,,Sargent,Satin stainless,,674,"[74.3, 271.5, 504.9, 283.7]",
93.0,Restricted Corridor Exit (ALK CR/CR EPH),False,,674,0.92,2,,Small Format Inter Core,7300B CKC GMK,SA,US15,,Sargent,Satin nickel,,674,"[74.3, 288.2, 504.9, 300.4]",
93.0,Restricted Corridor Exit (ALK CR/CR EPH),False,,674,0.92,1,,Surface Closer,351 P10,SA,EN,,Sargent,,,674,"[74.3, 303.8, 504.9, 316.0]",
93.0,Restricted Corridor Exit (ALK CR/CR EPH),False,,674,0.92,1,,Kick Plate,"K1050=10"" high CSK BEV",RO,US32D,,Rockwood,Satin stainless,,674,"[74.3, 319.4, 506.1, 331.6]",
93.0,Restricted Corridor Exit (ALK CR/CR EPH),False,,674,0.92,1,,Wall Stop,430-RKW,RO,US15,,Rockwood,Satin nickel,,674,"[74.3, 335.1, 506.1, 347.3]",
93.0,Restricted Corridor Exit (ALK CR/CR EPH),False,,674,0.92,1,,Gasketing,S88BL,PE,,,Pemko,,,674,"[74.3, 350.7, 503.6, 362.9]",
93.0,Restricted Corridor Exit (ALK CR/CR EPH),False,,674,0.92,1,,Electric Power Transfer,EL-CEPT,SU,630,,Securitron,Satin stainless steel,,674,"[74.3, 367.4, 504.9, 379.6]",
93.0,Restricted Corridor Exit (ALK CR/CR EPH),False,,674,0.92,1,,Wiring Harness,546-F,SA,,,Sargent,,,674,"[74.3, 384.1, 504.9, 396.3]",
93.0,Restricted Corridor Exit (ALK CR/CR EPH),False,,674,0.92,1,,ElectroLynx Door Harness,QC-C003,MK,,,McKinney,,,674,"[74.3, 400.6, 508.6, 412.8]",
93.0,Restricted Corridor Exit (ALK CR/CR EPH),False,,674,0.92,1,,ElectroLynx Frame Harness,QC-C1500P,MK,,,McKinney,,,674,"[74.3, 418.3, 508.6, 430.5]",
93.0,Restricted Corridor Exit (ALK CR/CR EPH),False,,674,0.92,1,,Position Switch,DPS-W-GY,SU,,,Securitron,,,674,"[74.3, 435.9, 504.9, 448.1]",
93.0,Restricted Corridor Exit (ALK CR/CR EPH),False,,674,0.92,2,,Card Reader,Furnished by Security Contractor,HD,,,,,,674,"[74.3, 452.6, 506.7, 464.8]",
93.0,Restricted Corridor Exit (ALK CR/CR EPH),False,,674,0.92,1,,Power Supply w/Fire Trigger,Furnished by Security Contractor,SU,,,Securitron,,,674,"[74.3, 469.2, 504.9, 481.4]",
94.0,Theater Exit Only (In-swing),False,,"674, 675",0.91,4,,"Hinge, Full Mortise, Hvy Wt",T4A3386 NRP,MK,BSP,,McKinney,Black suede powder coat,,674,"[74.3, 668.3, 508.6, 680.5]",
94.0,Theater Exit Only (In-swing),False,,"674, 675",0.91,1,,Exit Latch,8213 LNMW,SA,BSP,,Sargent,Black suede powder coat,,674,"[74.3, 684.0, 504.9, 696.2]",
94.0,Theater Exit Only (In-swing),False,,"674, 675",0.91,1,,Concealed Closer,PH91NDCP 105 Stop Block,RF,BSP,,Rixson,Black suede powder coat,,674,"[74.3, 699.6, 504.2, 711.8]",
94.0,Theater Exit Only (In-swing),False,,"674, 675",0.91,1,,Sound Gasketing,S773BL,PE,,,Pemko,,,675,"[74.3, 51.4, 503.6, 63.6]",
94.0,Theater Exit Only (In-swing),False,,"674, 675",0.91,1,,Door Bottom,420APKL @ HM / 434APKL@ WD,PE,,,Pemko,,,675,"[74.3, 67.0, 503.6, 79.2]",
94.0,Theater Exit Only (In-swing),False,,"674, 675",0.91,1,,Sweep,368BSPN,PE,,,Pemko,,,675,"[74.3, 82.7, 503.6, 94.9]",
94.0,Theater Exit Only (In-swing),False,,"674, 675",0.91,1,,Threshold,Per Detail / Type as Req,PE,,,Pemko,,,675,"[74.3, 98.3, 503.6, 110.5]",
95.0,BOH Exit (CR EPH),False,,675,0.92,3,,"Hinge, Full Mortise, Hvy Wt",T4A3386 NRP,MK,US32D,,McKinney,Satin stainless,,675,"[74.3, 176.5, 508.6, 188.8]",
95.0,BOH Exit (CR EPH),False,,675,0.92,1,,Fail Secure Elec Exit Device,5CH 55 70 PE8876-24v NEMW,SA,US32D,,Sargent,Satin stainless,,675,"[74.3, 193.2, 504.9, 205.4]",
95.0,BOH Exit (CR EPH),False,,675,0.92,1,,Small Format Inter Core,7300B CKC GMK,SA,US15,,Sargent,Satin nickel,,675,"[74.3, 209.9, 504.9, 222.1]",
95.0,BOH Exit (CR EPH),False,,675,0.92,1,,Surface Closer,351 P10,SA,EN,,Sargent,,,675,"[74.3, 225.5, 504.9, 237.7]",
95.0,BOH Exit (CR EPH),False,,675,0.92,1,,Kick Plate,"K1050=10"" high CSK BEV",RO,US32D,,Rockwood,Satin stainless,,675,"[74.3, 241.1, 506.1, 253.4]",
95.0,BOH Exit (CR EPH),False,,675,0.92,1,,Wall Stop,430-RKW,RO,US15,,Rockwood,Satin nickel,,675,"[74.3, 256.9, 506.1, 269.1]",
95.0,BOH Exit (CR EPH),False,,675,0.92,1,,Gasketing,S88BL,PE,,,Pemko,,,675,"[74.3, 272.5, 503.6, 284.7]",
95.0,BOH Exit (CR EPH),False,,675,0.92,1,,Sweep,18062CNB,PE,,,Pemko,,,675,"[74.3, 288.2, 503.6, 300.4]",
95.0,BOH Exit (CR EPH),False,,675,0.92,1,,Threshold,176A MSES25SS-2,PE,,,Pemko,,,675,"[74.3, 303.8, 503.6, 316.0]",
95.0,BOH Exit (CR EPH),False,,675,0.92,1,,Electric Power Transfer,EL-CEPT,SU,630,,Securitron,Satin stainless steel,,675,"[74.3, 320.5, 504.9, 332.7]",
95.0,BOH Exit (CR EPH),False,,675,0.92,1,,ElectroLynx Door Harness,QC-C003,MK,,,McKinney,,,675,"[74.3, 338.1, 508.6, 350.3]",
95.0,BOH Exit (CR EPH),False,,675,0.92,1,,ElectroLynx Frame Harness,QC-C1500P,MK,,,McKinney,,,675,"[74.3, 355.7, 508.6, 368.0]",
95.0,BOH Exit (CR EPH),False,,675,0.92,1,,Position Switch,DPS-M-GY,SU,,,Securitron,,,675,"[74.3, 373.3, 504.9, 385.5]",
95.0,BOH Exit (CR EPH),False,,675,0.92,1,,Card Reader,Furnished by Security Contractor,HD,,,,,,675,"[74.3, 389.9, 506.7, 402.2]",
95.0,BOH Exit (CR EPH),False,,675,0.92,1,,Power Supply,Furnished by Security Contractor,SU,,,Securitron,,,675,"[74.3, 406.6, 504.9, 418.9]",
96.0,Exterior Stair Exit CR EPH),False,,"675, 676",0.92,4,,"Hinge, Full Mortise, Hvy Wt",T4A3386 NRP,MK,BSP,,McKinney,Black suede powder coat,,675,"[74.3, 605.7, 508.6, 618.0]",
96.0,Exterior Stair Exit CR EPH),False,,"675, 676",0.92,1,,Fail Secure Elec Exit Device,5CH 55 70 PE8876-24v NEMW,SA,BSP,,Sargent,Black suede powder coat,,675,"[74.3, 622.3, 504.9, 634.5]",
96.0,Exterior Stair Exit CR EPH),False,,"675, 676",0.92,1,,Small Format Inter Core,7300B CKC GMK,SA,US4,,Sargent,Satin brass,,675,"[74.3, 639.0, 504.9, 651.2]",
96.0,Exterior Stair Exit CR EPH),False,,"675, 676",0.92,1,,Surface Closer,351 CPS,SA,BSP,,Sargent,Black suede powder coat,,675,"[74.3, 654.7, 504.9, 666.9]",
96.0,Exterior Stair Exit CR EPH),False,,"675, 676",0.92,1,,Kick Plate,"K1050 =10"" high CSK BEV",RO,BSP,,Rockwood,Black suede powder coat,,675,"[74.3, 670.3, 506.1, 682.5]",
96.0,Exterior Stair Exit CR EPH),False,,"675, 676",0.92,1,,Gasketing,S88BL,PE,,,Pemko,,,675,"[74.3, 685.9, 503.6, 698.1]",
96.0,Exterior Stair Exit CR EPH),False,,"675, 676",0.92,1,,Sweep,18062BSPNB,PE,,,Pemko,,,675,"[74.3, 701.6, 503.6, 713.8]",
96.0,Exterior Stair Exit CR EPH),False,,"675, 676",0.92,1,,Threshold,2727D MSES25 or Per Detail,PE,,,Pemko,,,676,"[74.3, 51.4, 503.6, 63.6]",
96.0,Exterior Stair Exit CR EPH),False,,"675, 676",0.92,1,,Threshold (verify per detail),176BSP / 2727BSP MSES25,PE,,,Pemko,,,676,"[74.3, 67.0, 503.6, 79.2]",
96.0,Exterior Stair Exit CR EPH),False,,"675, 676",0.92,1,,Electric Power Transfer,EL-CEPT,SU,BSP,,Securitron,Black suede powder coat,,676,"[74.3, 83.7, 504.9, 95.9]",
96.0,Exterior Stair Exit CR EPH),False,,"675, 676",0.92,1,,ElectroLynx Door Harness,QC-C003,MK,,,McKinney,,,676,"[74.3, 101.3, 508.6, 113.5]",
96.0,Exterior Stair Exit CR EPH),False,,"675, 676",0.92,1,,ElectroLynx Frame Harness,QC-C1500P,MK,,,McKinney,,,676,"[74.3, 118.9, 508.6, 131.2]",
96.0,Exterior Stair Exit CR EPH),False,,"675, 676",0.92,1,,Position Switch,DPS-M-BK,SU,,,Securitron,,,676,"[74.3, 136.6, 504.9, 148.8]",
96.0,Exterior Stair Exit CR EPH),False,,"675, 676",0.92,1,,Card Reader,Furnished by Security Contractor,HD,,,,,,676,"[74.3, 153.3, 506.7, 165.5]",
96.0,Exterior Stair Exit CR EPH),False,,"675, 676",0.92,1,,Power Supply,Furnished by Security Contractor,SU,,,Securitron,,,676,"[74.3, 169.8, 504.9, 182.0]",
97.0,Corridor Stair Exit (ALK CR/CR EPH FAR),False,,"676, 677",0.92,3,,"Hinge, Full Mortise, Hvy Wt",T4A3786 NRP,MK,US15,,McKinney,Satin nickel,,676,"[74.3, 368.9, 508.6, 381.2]",
97.0,Corridor Stair Exit (ALK CR/CR EPH FAR),False,,"676, 677",0.92,1,,Alarm Fail Safe Elec Exit Device,AL 12 5CH PE8875-24v NEMW,SA,US32D,,Sargent,Satin stainless,,676,"[74.3, 385.6, 504.9, 397.8]",
97.0,Corridor Stair Exit (ALK CR/CR EPH FAR),False,,"676, 677",0.92,2,,Small Format Inter Core,7300B CKC GMK,SA,US15,,Sargent,Satin nickel,,676,"[74.3, 402.2, 504.9, 414.4]",
97.0,Corridor Stair Exit (ALK CR/CR EPH FAR),False,,"676, 677",0.92,1,,Surface Closer,351 O,SA,EN,,Sargent,,,676,"[74.3, 417.9, 504.9, 430.1]",
97.0,Corridor Stair Exit (ALK CR/CR EPH FAR),False,,"676, 677",0.92,1,,Kick Plate,"K1050=10"" high CSK BEV",RO,US32D,,Rockwood,Satin stainless,,676,"[74.3, 433.5, 506.1, 445.7]",
97.0,Corridor Stair Exit (ALK CR/CR EPH FAR),False,,"676, 677",0.92,1,,Wall Stop,430-RKW,RO,US15,,Rockwood,Satin nickel,,676,"[74.3, 449.2, 506.1, 461.5]",
97.0,Corridor Stair Exit (ALK CR/CR EPH FAR),False,,"676, 677",0.92,1,,Gasketing,S88BL,PE,,,Pemko,,,676,"[74.3, 464.8, 503.6, 477.1]",
97.0,Corridor Stair Exit (ALK CR/CR EPH FAR),False,,"676, 677",0.92,1,,Sweep,18062CNB,PE,,,Pemko,,,676,"[74.3, 480.6, 503.6, 492.8]",
97.0,Corridor Stair Exit (ALK CR/CR EPH FAR),False,,"676, 677",0.92,1,,Threshold (verify per detail),276A MSES25,PE,,,Pemko,,,676,"[74.3, 496.2, 503.6, 508.4]",
97.0,Corridor Stair Exit (ALK CR/CR EPH FAR),False,,"676, 677",0.92,1,,Electric Power Transfer,EL-CEPT,SU,630,,Securitron,Satin stainless steel,,676,"[74.3, 512.8, 504.9, 525.1]",
97.0,Corridor Stair Exit (ALK CR/CR EPH FAR),False,,"676, 677",0.92,1,,Wiring Harness,546-F,SA,,,Sargent,,,676,"[74.3, 529.4, 504.9, 541.6]",
97.0,Corridor Stair Exit (ALK CR/CR EPH FAR),False,,"676, 677",0.92,1,,ElectroLynx Door Harness,QC-C003,MK,,,McKinney,,,676,"[74.3, 546.1, 508.6, 558.3]",
97.0,Corridor Stair Exit (ALK CR/CR EPH FAR),False,,"676, 677",0.92,1,,ElectroLynx Frame Harness,QC-C1500P,MK,,,McKinney,,,676,"[74.3, 563.7, 508.6, 575.9]",
97.0,Corridor Stair Exit (ALK CR/CR EPH FAR),False,,"676, 677",0.92,1,,Position Switch,DPS-W-GY,SU,,,Securitron,,,676,"[74.3, 581.4, 504.9, 593.6]",
97.0,Corridor Stair Exit (ALK CR/CR EPH FAR),False,,"676, 677",0.92,2,,Card Reader,Furnished by Security Contractor,HD,,,,,,676,"[74.3, 597.9, 506.7, 610.2]",
97.0,Corridor Stair Exit (ALK CR/CR EPH FAR),False,,"676, 677",0.92,1,,Power Supply w/Fire Trigger,Furnished by Security Contractor,SU,,,Securitron,,,676,"[74.3, 614.6, 504.9, 626.8]",
98.0,Exterior Mech Deck,False,,677,0.91,4,,"Hinge, Full Mortise, Hvy Wt",T4A3386,MK,US32D,,McKinney,Satin stainless,,677,"[74.3, 154.9, 508.6, 167.2]",
98.0,Exterior Mech Deck,False,,677,0.91,1,,Storeroom/Closet Lock,70 10XG04 LMW,SA,US15,,Sargent,Satin nickel,,677,"[74.3, 170.5, 504.9, 182.8]",
98.0,Exterior Mech Deck,False,,677,0.91,1,,Small Format Inter Core,7300B CKC GMK,SA,US15,,Sargent,Satin nickel,,677,"[74.3, 186.3, 504.9, 198.5]",
98.0,Exterior Mech Deck,False,,677,0.91,1,,Surface Closer,351 CPS,SA,EN,,Sargent,,,677,"[74.3, 201.9, 504.9, 214.1]",
98.0,Exterior Mech Deck,False,,677,0.91,1,,Gasketing,S88BL,PE,,,Pemko,,,677,"[74.3, 217.5, 503.6, 229.7]",
98.0,Exterior Mech Deck,False,,677,0.91,1,,Door Bottom,2221APK,PE,,,Pemko,,,677,"[74.3, 233.2, 503.6, 245.4]",
98.0,Exterior Mech Deck,False,,677,0.91,1,,Threshold,2727A MSES25SS or Per Detail,PE,,,Pemko,,,677,"[74.3, 248.8, 503.6, 261.0]",
99.0,Exterior Room (WDL),False,,677,0.92,3,,"Hinge, Full Mortise",TA2314 NRP,MK,US32D,,McKinney,Satin stainless,,677,"[74.3, 327.1, 508.6, 339.3]",
99.0,Exterior Room (WDL),False,,677,0.92,1,,Access Control Cyl Lock,41 70 IN100-10XG77-BIPS B LP,SA,US15,,Sargent,Satin nickel,,677,"[74.3, 343.7, 504.9, 356.0]",
99.0,Exterior Room (WDL),False,,677,0.92,1,,Small Format Inter Core,7300B CKC GMK,SA,US15,,Sargent,Satin nickel,,677,"[74.3, 360.4, 504.9, 372.6]",
99.0,Exterior Room (WDL),False,,677,0.92,1,,Surface Closer,351 CPS,SA,EN,,Sargent,,,677,"[74.3, 376.0, 504.9, 388.2]",
99.0,Exterior Room (WDL),False,,677,0.92,1,,Gasketing,S88BL,PE,,,Pemko,,,677,"[74.3, 391.6, 503.6, 403.8]",
99.0,Exterior Room (WDL),False,,677,0.92,1,,Door Bottom,2221APK,PE,,,Pemko,,,677,"[74.3, 407.4, 503.6, 419.6]",
99.0,Exterior Room (WDL),False,,677,0.92,1,,Threshold,Per Detail / Type as Req,PE,,,Pemko,,,677,"[74.3, 423.0, 503.6, 435.2]",
99.0,Exterior Room (WDL),False,,677,0.92,1,,Latch Protector,325,RO,US26D,,Rockwood,Satin chrome,,677,"[74.3, 438.7, 506.1, 450.9]",
100.0,Exterior Deck Storefront Door (WDL),False,,677,0.92,1,,Pivot Set,195,RF,622,,Rixson,Flat black,,677,"[74.3, 548.2, 504.2, 560.5]",
100.0,Exterior Deck Storefront Door (WDL),False,,677,0.92,2,,Intermediate Pivot,M19,RF,622,,Rixson,Flat black,,677,"[74.3, 563.8, 504.2, 576.1]",
100.0,Exterior Deck Storefront Door (WDL),False,,677,0.92,1,,Access Control Mort Lock,IN100-82277-BIPS LNMW LC,SA,BSP,,Sargent,Black suede powder coat,,677,"[74.3, 580.5, 504.9, 592.8]",
100.0,Exterior Deck Storefront Door (WDL),False,,677,0.92,1,,Mortise Cylinder,72 43 verify cam,SA,BSP,,Sargent,Black suede powder coat,,677,"[74.3, 597.1, 504.9, 609.3]",
100.0,Exterior Deck Storefront Door (WDL),False,,677,0.92,1,,Small Format Inter Core,7300B CKC GMK,SA,US4,,Sargent,Satin brass,,677,"[74.3, 612.8, 504.9, 625.0]",
100.0,Exterior Deck Storefront Door (WDL),False,,677,0.92,1,,Concealed Closer,PH91NDCP 105 Stop Block,RF,BSP,,Rixson,Black suede powder coat,,677,"[74.3, 628.4, 504.2, 640.6]",
100.0,Exterior Deck Storefront Door (WDL),False,,677,0.92,1,,Sweep,18062BSPNB,PE,,,Pemko,,,677,"[74.3, 644.1, 503.6, 656.4]",
100.0,Exterior Deck Storefront Door (WDL),False,,677,0.92,1,,Threshold,2727A MSES25SS or Per Detail,PE,,,Pemko,,,677,"[74.3, 659.7, 503.6, 672.0]",
101.0,Exterior Kitchen (CR EL),False,,678,0.92,3,,"Hinge, Full Mortise, Hvy Wt",T4A3386 NRP,MK,US32D,,McKinney,Satin stainless,,678,"[74.3, 114.0, 508.6, 126.2]",
101.0,Exterior Kitchen (CR EL),False,,678,0.92,1,,Fail Secure Elec Lock,RX 72 8271-24V LNP,SA,US32D,,Sargent,Satin stainless,,678,"[74.3, 130.6, 504.9, 142.8]",
101.0,Exterior Kitchen (CR EL),False,,678,0.92,1,,Small Format Inter Core,7300B CKC GMK,SA,US15,,Sargent,Satin nickel,,678,"[74.3, 147.3, 504.9, 159.5]",
101.0,Exterior Kitchen (CR EL),False,,678,0.92,1,,Surface Closer,DA 351 P10,SA,EN,,Sargent,,,678,"[74.3, 162.9, 504.9, 175.1]",
101.0,Exterior Kitchen (CR EL),False,,678,0.92,1,,Kick Plate,"K1050=10"" high CSK BEV",RO,US32D,,Rockwood,Satin stainless,,678,"[74.3, 178.6, 506.1, 190.8]",
101.0,Exterior Kitchen (CR EL),False,,678,0.92,1,,Door Stop,471 EXP,RO,US26D,,Rockwood,Satin chrome,,678,"[74.3, 194.2, 506.1, 206.4]",
101.0,Exterior Kitchen (CR EL),False,,678,0.92,1,,Gasketing,S88BL,PE,,,Pemko,,,678,"[74.3, 209.9, 503.6, 222.1]",
101.0,Exterior Kitchen (CR EL),False,,678,0.92,1,,Sweep,18062CNB,PE,,,Pemko,,,678,"[74.3, 225.5, 503.6, 237.7]",
101.0,Exterior Kitchen (CR EL),False,,678,0.92,1,,Threshold,Per Detail / Type as Req,PE,,,Pemko,,,678,"[74.3, 241.1, 503.6, 253.4]",
101.0,Exterior Kitchen (CR EL),False,,678,0.92,1,,Electric Power Transfer,EL-CEPT,SU,630,,Securitron,Satin stainless steel,,678,"[74.3, 257.8, 504.9, 270.0]",
101.0,Exterior Kitchen (CR EL),False,,678,0.92,1,,ElectroLynx Door Harness,QC-C300,MK,,,McKinney,,,678,"[74.3, 275.5, 508.6, 287.7]",
101.0,Exterior Kitchen (CR EL),False,,678,0.92,1,,ElectroLynx Frame Harness,QC-C1500P,MK,,,McKinney,,,678,"[74.3, 293.1, 508.6, 305.3]",
101.0,Exterior Kitchen (CR EL),False,,678,0.92,1,,Position Switch,DPS-M-GY,SU,,,Securitron,,,678,"[74.3, 310.7, 504.9, 323.0]",
101.0,Exterior Kitchen (CR EL),False,,678,0.92,1,,Card Reader,Furnished by Security Contractor,HD,,,,,,678,"[74.3, 327.4, 506.7, 339.6]",
101.0,Exterior Kitchen (CR EL),False,,678,0.92,1,,Latch Protector,325,RO,US26D,,Rockwood,Satin chrome,,678,"[74.3, 343.0, 506.1, 355.2]",
102.0,Exterior Staff Entry Storefront (CR EL),False,,"678, 679",0.92,1,,Continuous Hinge,BSPFM95HD1 PT Cut to net,PE,,,Pemko,,,678,"[74.3, 553.8, 503.6, 566.0]",
102.0,Exterior Staff Entry Storefront (CR EL),False,,"678, 679",0.92,1,,Fail Secure Elec Lock,RX 72 8271-24V LNP,SA,BSP,,Sargent,Black suede powder coat,,678,"[74.3, 570.4, 504.9, 582.7]",
102.0,Exterior Staff Entry Storefront (CR EL),False,,"678, 679",0.92,1,,Small Format Inter Core,7300B CKC GMK,SA,US4,,Sargent,Satin brass,,678,"[74.3, 587.0, 504.9, 599.2]",
102.0,Exterior Staff Entry Storefront (CR EL),False,,"678, 679",0.92,1,,Surface Closer,351 P9,SA,BSP,,Sargent,Black suede powder coat,,678,"[74.3, 602.7, 504.9, 615.0]",
102.0,Exterior Staff Entry Storefront (CR EL),False,,"678, 679",0.92,1,,Drop Plate (if required),351D,SA,BSP,,Sargent,Black suede powder coat,,678,"[74.3, 618.3, 504.9, 630.6]",
102.0,Exterior Staff Entry Storefront (CR EL),False,,"678, 679",0.92,1,,Door Stop,471,RO,BSP,,Rockwood,Black suede powder coat,,678,"[74.3, 634.1, 506.1, 646.3]",
102.0,Exterior Staff Entry Storefront (CR EL),False,,"678, 679",0.92,1,,Sweep,18062BSPNB,PE,,,Pemko,,,678,"[74.3, 649.7, 503.6, 661.9]",
102.0,Exterior Staff Entry Storefront (CR EL),False,,"678, 679",0.92,1,,Threshold (verify per detail),176BSP / 2727BSP MSES25,PE,,,Pemko,,,678,"[74.3, 665.3, 503.6, 677.5]",
102.0,Exterior Staff Entry Storefront (CR EL),False,,"678, 679",0.92,1,,Electric Power Transfer,EL-CEPT,SU,BSP,,Securitron,Black suede powder coat,,678,"[74.3, 681.9, 504.9, 694.2]",
102.0,Exterior Staff Entry Storefront (CR EL),False,,"678, 679",0.92,1,,ElectroLynx Door Harness,QC-C300,MK,,,McKinney,,,678,"[74.3, 699.6, 508.6, 711.8]",
102.0,Exterior Staff Entry Storefront (CR EL),False,,"678, 679",0.92,1,,ElectroLynx Frame Harness,QC-C1500P,MK,,,McKinney,,,679,"[74.3, 52.3, 508.6, 64.5]",
102.0,Exterior Staff Entry Storefront (CR EL),False,,"678, 679",0.92,1,,Position Switch,DPS-M-BK,SU,,,Securitron,,,679,"[74.3, 70.0, 504.9, 82.2]",
102.0,Exterior Staff Entry Storefront (CR EL),False,,"678, 679",0.92,1,,Card Reader,Furnished by Security Contractor,HD,,,,,,679,"[74.3, 86.7, 506.7, 98.9]",
102.0,Exterior Staff Entry Storefront (CR EL),False,,"678, 679",0.92,1,,Latch Protector,325,RO,BSP,,Rockwood,Black suede powder coat,,679,"[74.3, 102.3, 506.1, 114.5]",
103.0,Exterior Staff Entry (CR EL),False,,679,0.92,4,,"Hinge, Full Mortise",TA2314 NRP,MK,BSP,,McKinney,Black suede powder coat,,679,"[74.3, 325.7, 508.6, 338.0]",
103.0,Exterior Staff Entry (CR EL),False,,679,0.92,1,,Fail Secure Elec Lock,RX 72 8271-24V LNP,SA,BSP,,Sargent,Black suede powder coat,,679,"[74.3, 342.3, 504.9, 354.5]",
103.0,Exterior Staff Entry (CR EL),False,,679,0.92,1,,Small Format Inter Core,7300B CKC GMK,SA,US4,,Sargent,Satin brass,,679,"[74.3, 359.0, 504.9, 371.2]",
103.0,Exterior Staff Entry (CR EL),False,,679,0.92,1,,Surface Closer,351 CPS,SA,BSP,,Sargent,Black suede powder coat,,679,"[74.3, 374.7, 504.9, 386.9]",
103.0,Exterior Staff Entry (CR EL),False,,679,0.92,1,,Kick Plate,"K1050 =10"" high CSK BEV",RO,BSP,,Rockwood,Black suede powder coat,,679,"[74.3, 390.3, 506.1, 402.5]",
103.0,Exterior Staff Entry (CR EL),False,,679,0.92,1,,Gasketing,S88BL,PE,,,Pemko,,,679,"[74.3, 405.9, 503.6, 418.1]",
103.0,Exterior Staff Entry (CR EL),False,,679,0.92,1,,Sweep,18062BSPNB,PE,,,Pemko,,,679,"[74.3, 421.6, 503.6, 433.9]",
103.0,Exterior Staff Entry (CR EL),False,,679,0.92,1,,Threshold (verify per detail),176BSP / 2727BSP MSES25,PE,,,Pemko,,,679,"[74.3, 437.2, 503.6, 449.5]",
103.0,Exterior Staff Entry (CR EL),False,,679,0.92,1,,Electric Power Transfer,EL-CEPT,SU,BSP,,Securitron,Black suede powder coat,,679,"[74.3, 453.9, 504.9, 466.1]",
103.0,Exterior Staff Entry (CR EL),False,,679,0.92,1,,ElectroLynx Door Harness,QC-C300,MK,,,McKinney,,,679,"[74.3, 471.6, 508.6, 483.8]",
103.0,Exterior Staff Entry (CR EL),False,,679,0.92,1,,ElectroLynx Frame Harness,QC-C1500P,MK,,,McKinney,,,679,"[74.3, 489.2, 508.6, 501.4]",
103.0,Exterior Staff Entry (CR EL),False,,679,0.92,1,,Position Switch,DPS-M-BK,SU,,,Securitron,,,679,"[74.3, 506.8, 504.9, 519.1]",
103.0,Exterior Staff Entry (CR EL),False,,679,0.92,1,,Card Reader,Furnished by Security Contractor,HD,,,,,,679,"[74.3, 523.4, 506.7, 535.6]",
103.0,Exterior Staff Entry (CR EL),False,,679,0.92,1,,Latch Protector,325,RO,BSP,,Rockwood,Black suede powder coat,,679,"[74.3, 539.1, 506.1, 551.3]",
104.0,"Dinning, Wine Bar Door Pair (HO)",False,,"679, 680",0.93,6,,"Hinge, Full Mortise, Hvy Wt",T4A3786,MK,US15,,McKinney,Satin nickel,,680,"[74.3, 82.7, 508.6, 94.9]",
104.0,"Dinning, Wine Bar Door Pair (HO)",False,,"679, 680",0.93,1,,Flush Bolt,2842 @ HM / 2942 @ WD,RO,US32D,,Rockwood,Satin stainless,,680,"[74.3, 98.3, 506.1, 110.5]",
104.0,"Dinning, Wine Bar Door Pair (HO)",False,,"679, 680",0.93,1,,Dust Proof Strike,570,RO,US26D,,Rockwood,Satin chrome,,680,"[74.3, 114.0, 506.1, 126.2]",
104.0,"Dinning, Wine Bar Door Pair (HO)",False,,"679, 680",0.93,1,,Passage Latch,10XU15 LMW,SA,US15,,Sargent,Satin nickel,,680,"[74.3, 129.6, 504.9, 141.8]",
104.0,"Dinning, Wine Bar Door Pair (HO)",False,,"679, 680",0.93,1,,Coordinator,2600 Series (size to opening),RO,US28,,Rockwood,Satin aluminum,,680,"[74.3, 145.2, 506.1, 157.4]",
104.0,"Dinning, Wine Bar Door Pair (HO)",False,,"679, 680",0.93,2,,Mounting Bracket,2601D,RO,Gray,,Rockwood,Gray,,680,"[74.3, 160.9, 506.1, 173.2]",
104.0,"Dinning, Wine Bar Door Pair (HO)",False,,"679, 680",0.93,2,,Surface Closer,351 P9,SA,BSP,,Sargent,Black suede powder coat,,680,"[74.3, 176.5, 504.9, 188.8]",
104.0,"Dinning, Wine Bar Door Pair (HO)",False,,"679, 680",0.93,2,,Electromagnetic Holder,998M,RF,689,,Rixson,Aluminum painted,,680,"[74.3, 193.2, 504.2, 205.4]",
104.0,"Dinning, Wine Bar Door Pair (HO)",False,,"679, 680",0.93,1,,Astragal,355CS,PE,,,Pemko,,,680,"[74.3, 209.9, 503.6, 222.1]",
104.0,"Dinning, Wine Bar Door Pair (HO)",False,,"679, 680",0.93,1,,Gasketing,S88BL,PE,,,Pemko,,,680,"[74.3, 225.5, 503.6, 237.7]",
104.1,Corridor Door Pair (MHO PH),False,,680,0.91,6,,"Hinge, Full Mortise, Hvy Wt",T4A3786,MK,US15,,McKinney,Satin nickel,,680,"[74.3, 335.1, 508.6, 347.3]",
104.1,Corridor Door Pair (MHO PH),False,,680,0.91,1,,"Concealed Vert Rod Exit, Passage",12 NB WDPE8615 NEMW,SA,US32D,,Sargent,Satin stainless,,680,"[74.3, 350.7, 504.9, 362.9]",
104.1,Corridor Door Pair (MHO PH),False,,680,0.91,1,,"Concealed Vert Rod Exit, Exit Only",12 NB 5CH MDPE8610 EO,SA,US32D,,Sargent,Satin stainless,,680,"[74.3, 366.4, 504.9, 378.6]",
104.1,Corridor Door Pair (MHO PH),False,,680,0.91,2,,Surface Closer,D-DC-351PKT,RI,EN,,,,,680,"[74.3, 382.0, 501.8, 394.2]",
104.1,Corridor Door Pair (MHO PH),False,,680,0.91,2,,Electromagnetic Holder,998M,RF,689,,Rixson,Aluminum painted,,680,"[74.3, 398.7, 504.2, 410.9]",
104.1,Corridor Door Pair (MHO PH),False,,680,0.91,1,,Gasketing,S88BL,PE,,,Pemko,,,680,"[74.3, 415.3, 503.6, 427.5]",
104.1,Corridor Door Pair (MHO PH),False,,680,0.91,1,,Astragal Edge Seal,S772C,PE,,,Pemko,,,680,"[74.3, 431.0, 503.6, 443.2]",
104.1,Corridor Door Pair (MHO PH),False,,680,0.91,1,,Threshold,Per Detail / Type as Req,PE,,,Pemko,,,680,"[74.3, 446.6, 503.6, 458.8]",
105.0,Cross-Corridor Door Pair (MHO PH),False,,"680, 681",0.91,6,,"Hinge, Full Mortise, Hvy Wt",T4A3786,MK,US15,,McKinney,Satin nickel,,680,"[74.3, 568.8, 508.6, 581.0]",
105.0,Cross-Corridor Door Pair (MHO PH),False,,"680, 681",0.91,2,,"Concealed Vert Rod Exit, Exit Only",12 NB 5CH MDPE8610 EO,SA,US32D,,Sargent,Satin stainless,,680,"[74.3, 584.5, 504.9, 596.7]",
105.0,Cross-Corridor Door Pair (MHO PH),False,,"680, 681",0.91,2,,Surface Closer,D-DC-351PKT,RI,EN,,,,,680,"[74.3, 600.1, 501.8, 612.3]",
105.0,Cross-Corridor Door Pair (MHO PH),False,,"680, 681",0.91,2,,Electromagnetic Holder,998M,RF,689,,Rixson,Aluminum painted,,680,"[74.3, 616.8, 504.2, 629.0]",
105.0,Cross-Corridor Door Pair (MHO PH),False,,"680, 681",0.91,1,,Astragal,357SP x S88,PE,,,Pemko,,,680,"[74.3, 633.5, 503.6, 645.7]",
105.0,Cross-Corridor Door Pair (MHO PH),False,,"680, 681",0.91,1,,Gasketing,S88BL,PE,,,Pemko,,,680,"[74.3, 649.1, 503.6, 661.3]",
105.0,Cross-Corridor Door Pair (MHO PH),False,,"680, 681",0.91,2,,Sweep,90100CNB,PE,,,Pemko,,,680,"[74.3, 664.7, 503.6, 676.9]",
105.0,Cross-Corridor Door Pair (MHO PH),False,,"680, 681",0.91,1,,Threshold,Per Detail / Type as Req,PE,,,Pemko,,,680,"[74.3, 680.4, 503.6, 692.6]",
106.0,Cross-Corridor RITE Door Pair (MHO PH),False,,681,0.87,2,,Continuous Hinge,D200 Cut to Net Length,RI,603,,,,,681,"[74.3, 142.2, 501.8, 154.4]",
106.0,Cross-Corridor RITE Door Pair (MHO PH),False,,681,0.87,2,,Recessed Exit,D3676,RI,US32D,,,Satin stainless,,681,"[74.3, 157.9, 501.8, 170.2]",
106.0,Cross-Corridor RITE Door Pair (MHO PH),False,,681,0.87,2,,Surface Closer,D-DC-351PKT,RI,EN,,,,,681,"[74.3, 173.5, 501.8, 185.8]",
106.0,Cross-Corridor RITE Door Pair (MHO PH),False,,681,0.87,2,,Electromagnetic Holder,D-MDH-310,RI,689,,,Aluminum painted,,681,"[74.3, 190.2, 501.8, 202.4]",
106.0,Cross-Corridor RITE Door Pair (MHO PH),False,,681,0.87,1,,Edge Seal,D-SS-STK-CLR,RI,Clear Dark,,,,,681,"[74.3, 206.9, 501.8, 234.7]",finish
106.0,Cross-Corridor RITE Door Pair (MHO PH),False,,681,0.87,1,,Seal Kit,D-SS44-STK-DBZ,RI,Bronze,,,,,681,"[74.3, 228.9, 501.8, 247.3]",
106.0,Cross-Corridor RITE Door Pair (MHO PH),False,,681,0.87,2,,Sweep,90100CNB,PE,,,Pemko,,,681,"[74.3, 250.9, 503.6, 263.1]",
107.0,Dining Room Door Pair (HO),False,,681,0.92,8,,"Hinge, Full Mortise, Hvy Wt",T4A3786,MK,US15,,McKinney,Satin nickel,,681,"[74.3, 373.0, 508.6, 385.2]",
107.0,Dining Room Door Pair (HO),False,,681,0.92,2,,Push Bar,"RM4012 Mtg-Type 12XHD 33""",RO,US32D,,Rockwood,Satin stainless,,681,"[74.3, 388.6, 506.1, 400.8]",
107.0,Dining Room Door Pair (HO),False,,681,0.92,2,,Pull,RM4010MP-72 Mtg-Type 12XHD,RO,US32D,,Rockwood,Satin stainless,,681,"[74.3, 404.4, 506.1, 416.6]",
107.0,Dining Room Door Pair (HO),False,,681,0.92,2,,Surface Closer,351 H,SA,EN,,Sargent,,,681,"[74.3, 420.0, 504.9, 432.2]",
107.0,Dining Room Door Pair (HO),False,,681,0.92,2,,Wall Stop,430-RKW,RO,US15,,Rockwood,Satin nickel,,681,"[74.3, 435.7, 506.1, 447.9]",
107.0,Dining Room Door Pair (HO),False,,681,0.92,1,,Gasketing,S88BL,PE,,,Pemko,,,681,"[74.3, 451.3, 503.6, 463.5]",
107.0,Dining Room Door Pair (HO),False,,681,0.92,1,,Astragal Edge Seal,S772C,PE,,,Pemko,,,681,"[74.3, 467.0, 503.6, 479.2]",
108.0,Auditorium Door Pair (WDL PH),False,,"681, 682",0.9,6,,"Hinge, Full Mortise, Hvy Wt",T4A3786,MK,US15,,McKinney,Satin nickel,,681,"[74.3, 545.2, 508.6, 557.5]",
108.0,Auditorium Door Pair (WDL PH),False,,"681, 682",0.9,1,,"Concealed Vert Rod Exit, Exit Only",NB 18 WDPE8610 EO,SA,US32D,,Sargent,Satin stainless,,681,"[74.3, 560.8, 504.9, 573.1]",
108.0,Auditorium Door Pair (WDL PH),False,,"681, 682",0.9,1,,Access Control Concealed Vert Rod Exit,NB 18 IN100-WDPE8678-BIPS NEMW (EAC option),SA,US32D,,Sargent,Satin stainless,,681,"[74.3, 576.5, 504.9, 601.4]",
108.0,Auditorium Door Pair (WDL PH),False,,"681, 682",0.9,2,,Surface Closer,351 P10,SA,EN,,Sargent,,,681,"[74.3, 604.8, 504.9, 617.0]",
108.0,Auditorium Door Pair (WDL PH),False,,"681, 682",0.9,2,,Wall Stop,430-RKW,RO,US15,,Rockwood,Satin nickel,,681,"[74.3, 620.5, 506.1, 632.7]",
108.0,Auditorium Door Pair (WDL PH),False,,"681, 682",0.9,1,,Astragal Edge Sound Seal,S771x6BL,PE,,,Pemko,,,681,"[74.3, 636.1, 503.6, 648.3]",
108.0,Auditorium Door Pair (WDL PH),False,,"681, 682",0.9,1,,Gasketing,S44BL,PE,,,Pemko,,,681,"[74.3, 651.7, 503.6, 663.9]",
108.0,Auditorium Door Pair (WDL PH),False,,"681, 682",0.9,1,,Sound Gasketing,312CR,PE,,,Pemko,,,681,"[74.3, 667.4, 503.6, 679.6]",
108.0,Auditorium Door Pair (WDL PH),False,,"681, 682",0.9,2,,Bottom Gasketing,ACP112BL/2,PE,,,Pemko,,,681,"[74.3, 683.0, 503.6, 695.2]",
108.0,Auditorium Door Pair (WDL PH),False,,"681, 682",0.9,2,,Door Bottom,"STC411APK 36""",PE,,,Pemko,,,681,"[74.3, 698.7, 503.6, 711.0]",
108.0,Auditorium Door Pair (WDL PH),False,,"681, 682",0.9,1,,Threshold,Per Detail / Type as Req,PE,,,Pemko,,,682,"[74.3, 51.4, 503.6, 63.6]",
109.0,"Elec, Storage Door Pair (WDL)",False,,682,0.93,8,,"Hinge, Full Mortise",TA2714 NRP,MK,US15,,McKinney,Satin nickel,,682,"[74.3, 160.9, 508.6, 173.2]",
109.0,"Elec, Storage Door Pair (WDL)",False,,682,0.93,1,,Flush Bolt,2842 @ HM / 2942 @ WD,RO,US32D,,Rockwood,Satin stainless,,682,"[74.3, 176.5, 506.1, 188.8]",
109.0,"Elec, Storage Door Pair (WDL)",False,,682,0.93,1,,Dust Proof Strike,570,RO,US26D,,Rockwood,Satin chrome,,682,"[74.3, 192.3, 506.1, 204.5]",
109.0,"Elec, Storage Door Pair (WDL)",False,,682,0.93,1,,Access Control Cyl Lock,41 70 IN100-10XG77-BIPS B LP,SA,US15,,Sargent,Satin nickel,,682,"[74.3, 208.8, 504.9, 221.0]",
109.0,"Elec, Storage Door Pair (WDL)",False,,682,0.93,1,,Mortise Cylinder,72 43 verify cam,SA,US32D,,Sargent,Satin stainless,,682,"[74.3, 225.5, 504.9, 237.7]",
109.0,"Elec, Storage Door Pair (WDL)",False,,682,0.93,1,,Small Format Inter Core,7300B CKC GMK,SA,US15,,Sargent,Satin nickel,,682,"[74.3, 241.1, 504.9, 253.4]",
109.0,"Elec, Storage Door Pair (WDL)",False,,682,0.93,1,,Coordinator,2600 Series (size to opening),RO,US28,,Rockwood,Satin aluminum,,682,"[74.3, 256.9, 506.1, 269.1]",
109.0,"Elec, Storage Door Pair (WDL)",False,,682,0.93,2,,Mounting Bracket,2601D,RO,Gray,,Rockwood,Gray,,682,"[74.3, 272.5, 506.1, 284.7]",
109.0,"Elec, Storage Door Pair (WDL)",False,,682,0.93,2,,Surface Closer,351 CPS,SA,EN,,Sargent,,,682,"[74.3, 288.2, 504.9, 300.4]",
109.0,"Elec, Storage Door Pair (WDL)",False,,682,0.93,1,,Astragal,355CS,PE,,,Pemko,,,682,"[74.3, 303.8, 503.6, 316.0]",
109.0,"Elec, Storage Door Pair (WDL)",False,,682,0.93,1,,Gasketing,S88BL,PE,,,Pemko,,,682,"[74.3, 319.4, 503.6, 331.6]",
110.0,Staging Door Pair (WDL),False,,682,0.93,6,,"Hinge, Full Mortise, Hvy Wt",T4A3786 NRP,MK,US15,,McKinney,Satin nickel,,682,"[74.3, 397.6, 508.6, 409.8]",
110.0,Staging Door Pair (WDL),False,,682,0.93,1,,Flush Bolt,2842 @ HM / 2942 @ WD,RO,US32D,,Rockwood,Satin stainless,,682,"[74.3, 413.4, 506.1, 425.6]",
110.0,Staging Door Pair (WDL),False,,682,0.93,1,,Dust Proof Strike,570,RO,US26D,,Rockwood,Satin chrome,,682,"[74.3, 429.0, 506.1, 441.2]",
110.0,Staging Door Pair (WDL),False,,682,0.93,1,,Access Control Cyl Lock,41 70 IN100-10XG77-BIPS B LP,SA,US15,,Sargent,Satin nickel,,682,"[74.3, 445.6, 504.9, 457.9]",
110.0,Staging Door Pair (WDL),False,,682,0.93,1,,Small Format Inter Core,7300B CKC GMK,SA,US15,,Sargent,Satin nickel,,682,"[74.3, 462.3, 504.9, 474.5]",
110.0,Staging Door Pair (WDL),False,,682,0.93,1,,Coordinator,2600 Series (size to opening),RO,US28,,Rockwood,Satin aluminum,,682,"[74.3, 477.9, 506.1, 490.1]",
110.0,Staging Door Pair (WDL),False,,682,0.93,2,,Mounting Bracket,2601D,RO,Gray,,Rockwood,Gray,,682,"[74.3, 493.5, 506.1, 505.7]",
110.0,Staging Door Pair (WDL),False,,682,0.93,2,,Surface Closer,"351 PH10 K1050 F =34"" high BEV CSK (F @",SA,EN,,Sargent,,,682,"[74.3, 509.2, 504.9, 537.1]",
110.0,Staging Door Pair (WDL),False,,682,0.93,2,,Armor Plate,rated),RO,US32D,,Rockwood,Satin stainless,,682,"[74.3, 531.2, 506.1, 549.8]",
110.0,Staging Door Pair (WDL),False,,682,0.93,1,,Astragal,357SP x S88,PE,,,Pemko,,,682,"[74.3, 553.2, 503.6, 565.4]",
110.0,Staging Door Pair (WDL),False,,682,0.93,1,,Gasketing,S88BL,PE,,,Pemko,,,682,"[74.3, 568.8, 503.6, 581.0]",
110.0,Staging Door Pair (WDL),False,,682,0.93,1,,Protector Bar,R111LPB,RO,10BE,,Rockwood,Oil-rubbed bronze,,682,"[74.3, 584.5, 506.1, 596.7]",
111.0,Stage Storage Door Pair (WDL),False,,683,0.92,6,,"Hinge, Concealed",MK80A,MK,Satin Chrome,,McKinney,,,683,"[74.3, 98.3, 508.6, 123.2]",finish
111.0,Stage Storage Door Pair (WDL),False,,683,0.92,1,,Flush Bolt,2842 @ HM / 2942 @ WD,RO,US32D,,Rockwood,Satin stainless,,683,"[74.3, 126.6, 506.1, 138.8]",
111.0,Stage Storage Door Pair (WDL),False,,683,0.92,1,,Dust Proof Strike,570,RO,US26D,,Rockwood,Satin chrome,,683,"[74.3, 142.2, 506.1, 154.4]",
111.0,Stage Storage Door Pair (WDL),False,,683,0.92,1,,Access Control Cyl Lock,41 70 IN100-10XG77-BIPS B LMW,SA,US15,,Sargent,Satin nickel,,683,"[74.3, 158.9, 504.9, 171.1]",
111.0,Stage Storage Door Pair (WDL),False,,683,0.92,1,,Small Format Inter Core,7300B CKC GMK,SA,US15,,Sargent,Satin nickel,,683,"[74.3, 175.6, 504.9, 187.8]",
111.0,Stage Storage Door Pair (WDL),False,,683,0.92,1,,Coordinator,2600 Series (size to opening),RO,US28,,Rockwood,Satin aluminum,,683,"[74.3, 191.2, 506.1, 203.4]",
111.0,Stage Storage Door Pair (WDL),False,,683,0.92,2,,Mounting Bracket,2601D,RO,Gray,,Rockwood,Gray,,683,"[74.3, 206.9, 506.1, 219.1]",
111.0,Stage Storage Door Pair (WDL),False,,683,0.92,2,,Surface Closer,351 H / PH9 @ rev-bevel,SA,EN,,Sargent,,,683,"[74.3, 222.5, 504.9, 234.7]",
111.0,Stage Storage Door Pair (WDL),False,,683,0.92,2,,Kick Plate,"K1050=10"" high CSK BEV",RO,US32D,,Rockwood,Satin stainless,,683,"[74.3, 238.1, 506.1, 250.4]",
111.0,Stage Storage Door Pair (WDL),False,,683,0.92,1,,Astragal,357SP x S88,PE,,,Pemko,,,683,"[74.3, 253.9, 503.6, 266.1]",
111.0,Stage Storage Door Pair (WDL),False,,683,0.92,1,,Gasketing,S88BL,PE,,,Pemko,,,683,"[74.3, 269.5, 503.6, 281.7]",
112.0,Linen Room Door Pair (WDL),False,,683,0.93,6,,"Hinge, Full Mortise",TA2714 NRP,MK,US15,,McKinney,Satin nickel,,683,"[74.3, 379.0, 508.6, 391.2]",
112.0,Linen Room Door Pair (WDL),False,,683,0.93,1,,Flush Bolt w/Fire Bolt,2849 @ HM / 2949 @ WD,RO,US32D,,Rockwood,Satin stainless,,683,"[74.3, 394.6, 506.1, 406.8]",
112.0,Linen Room Door Pair (WDL),False,,683,0.93,1,,Access Control Cyl Lock,41 70 IN100-10XG77-BIPS B LMW,SA,US15,,Sargent,Satin nickel,,683,"[74.3, 411.3, 504.9, 423.5]",
112.0,Linen Room Door Pair (WDL),False,,683,0.93,1,,Small Format Inter Core,7300B CKC GMK,SA,US15,,Sargent,Satin nickel,,683,"[74.3, 428.0, 504.9, 440.2]",
112.0,Linen Room Door Pair (WDL),False,,683,0.93,1,,Coordinator,2600 Series (size to opening),RO,US28,,Rockwood,Satin aluminum,,683,"[74.3, 443.6, 506.1, 455.8]",
112.0,Linen Room Door Pair (WDL),False,,683,0.93,1,,Mounting Bracket,2601D,RO,Gray,,Rockwood,Gray,,683,"[74.3, 459.3, 506.1, 471.5]",
112.0,Linen Room Door Pair (WDL),False,,683,0.93,2,,Surface Closer,351 CPS,SA,EN,,Sargent,,,683,"[74.3, 474.9, 504.9, 487.1]",
112.0,Linen Room Door Pair (WDL),False,,683,0.93,2,,Kick Plate,"K1050=10"" high CSK BEV",RO,US32D,,Rockwood,Satin stainless,,683,"[74.3, 490.5, 506.1, 502.7]",
112.0,Linen Room Door Pair (WDL),False,,683,0.93,1,,Astragal,355CS,PE,,,Pemko,,,683,"[74.3, 506.2, 503.6, 518.5]",
112.0,Linen Room Door Pair (WDL),False,,683,0.93,1,,Gasketing,S88BL,PE,,,Pemko,,,683,"[74.3, 521.8, 503.6, 534.1]",
113.0,BOH Corridor Door Pair (WDL PH),False,,"683, 684",0.9,6,,"Hinge, Full Mortise, Hvy Wt",T4A3786,MK,US15,,McKinney,Satin nickel,,683,"[74.3, 631.4, 508.6, 643.6]",
113.0,BOH Corridor Door Pair (WDL PH),False,,"683, 684",0.9,1,,"Concealed Vert Rod Exit, Exit Only",NB 5CH MDPE8610 EO,SA,US32D,,Sargent,Satin stainless,,683,"[74.3, 647.1, 504.9, 659.4]",
113.0,BOH Corridor Door Pair (WDL PH),False,,"683, 684",0.9,1,,Access Control Concealed Vert Rod Exit,NB IN100-MDPE8678-BIPS B NEP,SA,US32D,(EAC option),Sargent,Satin stainless,,683,"[74.3, 662.7, 504.9, 687.6]",
113.0,BOH Corridor Door Pair (WDL PH),False,,"683, 684",0.9,2,,Conc Overhead Stop,2-336,RF,652,,Rixson,Satin chrome plated steel,,683,"[74.3, 691.1, 504.2, 703.3]",
113.0,BOH Corridor Door Pair (WDL PH),False,,"683, 684",0.9,2,,Surface Closer,"DA 351 P10 K1050 F =34"" high BEV CSK (F @",SA,EN,,Sargent,,,684,"[74.3, 51.4, 504.9, 79.2]",finish
113.0,BOH Corridor Door Pair (WDL PH),False,,"683, 684",0.9,2,,Armor Plate,rated),RO,US32D,,Rockwood,Satin stainless,,684,"[74.3, 73.3, 506.1, 91.9]",
113.0,BOH Corridor Door Pair (WDL PH),False,,"683, 684",0.9,2,,Protector Bar,R116EDPL,RO,US32D,,Rockwood,Satin stainless,,684,"[74.3, 95.3, 506.1, 107.5]",
114.0,BOH Housekeeping Room Door Pair (WDL),False,,684,0.92,6,,"Hinge, Full Mortise, Hvy Wt",T4A3786,MK,US15,,McKinney,Satin nickel,,684,"[74.3, 204.9, 508.6, 217.1]",
114.0,BOH Housekeeping Room Door Pair (WDL),False,,684,0.92,1,,Flush Bolt,2842 @ HM / 2942 @ WD,RO,US32D,,Rockwood,Satin stainless,,684,"[74.3, 220.5, 506.1, 232.7]",
114.0,BOH Housekeeping Room Door Pair (WDL),False,,684,0.92,1,,Dust Proof Strike,570,RO,US26D,,Rockwood,Satin chrome,,684,"[74.3, 236.2, 506.1, 248.4]",
114.0,BOH Housekeeping Room Door Pair (WDL),False,,684,0.92,1,,Access Control Cyl Lock,41 70 IN100-10XG77-BIPS B LP,SA,US15,,Sargent,Satin nickel,,684,"[74.3, 252.9, 504.9, 265.1]",
114.0,BOH Housekeeping Room Door Pair (WDL),False,,684,0.92,1,,Small Format Inter Core,7300B CKC GMK,SA,US15,,Sargent,Satin nickel,,684,"[74.3, 269.5, 504.9, 281.7]",
114.0,BOH Housekeeping Room Door Pair (WDL),False,,684,0.92,1,,Coordinator,2600 Series (size to opening),RO,US28,,Rockwood,Satin aluminum,,684,"[74.3, 285.2, 506.1, 297.4]",
114.0,BOH Housekeeping Room Door Pair (WDL),False,,684,0.92,2,,Surface Closer,"DA 351 O K1050 F =34"" high BEV CSK (F @",SA,EN,,Sargent,,,684,"[74.3, 300.8, 504.9, 328.6]",
114.0,BOH Housekeeping Room Door Pair (WDL),False,,684,0.92,2,,Armor Plate,rated),RO,US32D,,Rockwood,Satin stainless,,684,"[74.3, 322.7, 506.1, 341.3]",
114.0,BOH Housekeeping Room Door Pair (WDL),False,,684,0.92,2,,Door Stop,406,RO,US32D,,Rockwood,Satin stainless,,684,"[74.3, 344.7, 506.1, 356.9]",
114.0,BOH Housekeeping Room Door Pair (WDL),False,,684,0.92,1,,Astragal,357SP x S88,PE,,,Pemko,,,684,"[74.3, 360.4, 503.6, 372.6]",
114.0,BOH Housekeeping Room Door Pair (WDL),False,,684,0.92,1,,Gasketing,S88BL,PE,,,Pemko,,,684,"[74.3, 376.0, 503.6, 388.2]",
115.0,BOH Fire Pump Room Door Pair (WDL),False,,684,0.92,6,,"Hinge, Full Mortise",TA2714 NRP,MK,US15,,McKinney,Satin nickel,,684,"[74.3, 485.6, 508.6, 497.8]",
115.0,BOH Fire Pump Room Door Pair (WDL),False,,684,0.92,1,,Flush Bolt,2842 @ HM / 2942 @ WD,RO,US32D,,Rockwood,Satin stainless,,684,"[74.3, 501.2, 506.1, 513.4]",
115.0,BOH Fire Pump Room Door Pair (WDL),False,,684,0.92,1,,Dust Proof Strike,570,RO,US26D,,Rockwood,Satin chrome,,684,"[74.3, 516.9, 506.1, 529.1]",
115.0,BOH Fire Pump Room Door Pair (WDL),False,,684,0.92,1,,Access Control Cyl Lock,41 70 IN100-10XG77-BIPS B LP,SA,US15,,Sargent,Satin nickel,,684,"[74.3, 533.5, 504.9, 545.7]",
115.0,BOH Fire Pump Room Door Pair (WDL),False,,684,0.92,1,,Small Format Inter Core,7300B CKC GMK,SA,US15,,Sargent,Satin nickel,,684,"[74.3, 550.2, 504.9, 562.4]",
115.0,BOH Fire Pump Room Door Pair (WDL),False,,684,0.92,1,,Coordinator,2600 Series (size to opening),RO,US28,,Rockwood,Satin aluminum,,684,"[74.3, 565.8, 506.1, 578.0]",
115.0,BOH Fire Pump Room Door Pair (WDL),False,,684,0.92,2,,Mounting Bracket,2601D,RO,Gray,,Rockwood,Gray,,684,"[74.3, 581.5, 506.1, 593.7]",
115.0,BOH Fire Pump Room Door Pair (WDL),False,,684,0.92,2,,Surface Closer,351 CPS,SA,EN,,Sargent,,,684,"[74.3, 597.1, 504.9, 609.3]",
115.0,BOH Fire Pump Room Door Pair (WDL),False,,684,0.92,1,,Astragal,357SP x S88,PE,,,Pemko,,,684,"[74.3, 612.8, 503.6, 625.0]",
115.0,BOH Fire Pump Room Door Pair (WDL),False,,684,0.92,1,,Gasketing,S88BL,PE,,,Pemko,,,684,"[74.3, 628.4, 503.6, 640.6]",
115.0,BOH Fire Pump Room Door Pair (WDL),False,,684,0.92,2,,Sweep,18062CNB,PE,,,Pemko,,,684,"[74.3, 644.1, 503.6, 656.4]",
115.0,BOH Fire Pump Room Door Pair (WDL),False,,684,0.92,1,,Threshold,270A MSES25 or Per Detail,PE,,,Pemko,,,684,"[74.3, 659.7, 503.6, 672.0]",
116.0,BOH Storage Door Pair (WDL),False,,685,0.93,6,,"Hinge, Full Mortise",TA2714 NRP,MK,US15,,McKinney,Satin nickel,,685,"[74.3, 114.0, 508.6, 126.2]",
116.0,BOH Storage Door Pair (WDL),False,,685,0.93,1,,Flush Bolt,2842 @ HM / 2942 @ WD,RO,US32D,,Rockwood,Satin stainless,,685,"[74.3, 129.6, 506.1, 141.8]",
116.0,BOH Storage Door Pair (WDL),False,,685,0.93,1,,Dust Proof Strike,570,RO,US26D,,Rockwood,Satin chrome,,685,"[74.3, 145.2, 506.1, 157.4]",
116.0,BOH Storage Door Pair (WDL),False,,685,0.93,1,,Access Control Cyl Lock,41 70 IN100-10XG77-BIPS B LP,SA,US15,,Sargent,Satin nickel,,685,"[74.3, 161.9, 504.9, 174.1]",
116.0,BOH Storage Door Pair (WDL),False,,685,0.93,1,,Small Format Inter Core,7300B CKC GMK,SA,US15,,Sargent,Satin nickel,,685,"[74.3, 178.6, 504.9, 190.8]",
116.0,BOH Storage Door Pair (WDL),False,,685,0.93,1,,Coordinator,2600 Series (size to opening),RO,US28,,Rockwood,Satin aluminum,,685,"[74.3, 194.2, 506.1, 206.4]",
116.0,BOH Storage Door Pair (WDL),False,,685,0.93,2,,Mounting Bracket,2601D,RO,Gray,,Rockwood,Gray,,685,"[74.3, 209.9, 506.1, 222.1]",
116.0,BOH Storage Door Pair (WDL),False,,685,0.93,2,,Surface Closer,351 UO,SA,EN,,Sargent,,,685,"[74.3, 225.5, 504.9, 237.7]",
116.0,BOH Storage Door Pair (WDL),False,,685,0.93,2,,Kick Plate,"K1050=10"" high CSK BEV",RO,US32D,,Rockwood,Satin stainless,,685,"[74.3, 241.1, 506.1, 253.4]",
116.0,BOH Storage Door Pair (WDL),False,,685,0.93,1,,Astragal,357SP x S88,PE,,,Pemko,,,685,"[74.3, 256.9, 503.6, 269.1]",
116.0,BOH Storage Door Pair (WDL),False,,685,0.93,1,,Gasketing,S88BL,PE,,,Pemko,,,685,"[74.3, 272.5, 503.6, 284.7]",
117.0,Exercise Storage Closet Door Pair,False,,685,0.96,6,,"Hinge, Full Mortise",TA2314,MK,US32D,,McKinney,Satin stainless,,685,"[74.3, 382.0, 508.6, 394.2]",
117.0,Exercise Storage Closet Door Pair,False,,685,0.96,1,,Flush Bolt,555,RO,US26D,,Rockwood,Satin chrome,,685,"[74.3, 397.6, 506.1, 409.8]",
117.0,Exercise Storage Closet Door Pair,False,,685,0.96,1,,Dust Proof Strike,570,RO,US26D,,Rockwood,Satin chrome,,685,"[74.3, 413.4, 506.1, 425.6]",
117.0,Exercise Storage Closet Door Pair,False,,685,0.96,1,,Half Dummy Trim,10XU93 LMW,SA,US15,,Sargent,Satin nickel,,685,"[74.3, 429.0, 504.9, 441.2]",
117.0,Exercise Storage Closet Door Pair,False,,685,0.96,1,,Passage Latch,10XU15 LMW,SA,US15,,Sargent,Satin nickel,,685,"[74.3, 444.7, 504.9, 456.9]",
117.0,Exercise Storage Closet Door Pair,False,,685,0.96,2,,Conc Overhead Stop,2-336,RF,652,,Rixson,Satin chrome plated steel,,685,"[74.3, 460.3, 504.2, 472.5]",
117.0,Exercise Storage Closet Door Pair,False,,685,0.96,2,,Kick Plate,"K1050=10"" high CSK BEV",RO,US32D,,Rockwood,Satin stainless,,685,"[74.3, 476.0, 506.1, 488.2]",
118.0,BOH Trash Door Pair (WDL),False,,"685, 686",0.91,2,,Continuous Hinge,CFMxxHD1,PE,,,Pemko,,,685,"[74.3, 554.2, 503.6, 566.5]",
118.0,BOH Trash Door Pair (WDL),False,,"685, 686",0.91,1,,Flush Bolt,2842 @ HM / 2942 @ WD,RO,US32D,,Rockwood,Satin stainless,,685,"[74.3, 569.8, 506.1, 582.1]",
118.0,BOH Trash Door Pair (WDL),False,,"685, 686",0.91,1,,Dust Proof Strike,570,RO,US26D,,Rockwood,Satin chrome,,685,"[74.3, 585.5, 506.1, 597.7]",
118.0,BOH Trash Door Pair (WDL),False,,"685, 686",0.91,1,,Access Control Cyl Lock,41 70 IN100-10XG77-BIPS B LP,SA,US15,,Sargent,Satin nickel,,685,"[74.3, 602.1, 504.9, 614.4]",
118.0,BOH Trash Door Pair (WDL),False,,"685, 686",0.91,1,,Small Format Inter Core,7300B CKC GMK,SA,US15,,Sargent,Satin nickel,,685,"[74.3, 618.8, 504.9, 631.0]",
118.0,BOH Trash Door Pair (WDL),False,,"685, 686",0.91,1,,Coordinator,2600 Series (size to opening),RO,US28,,Rockwood,Satin aluminum,,685,"[74.3, 634.4, 506.1, 646.6]",
118.0,BOH Trash Door Pair (WDL),False,,"685, 686",0.91,2,,Mounting Bracket,2601D,RO,Gray,,Rockwood,Gray,,685,"[74.3, 650.1, 506.1, 662.4]",
118.0,BOH Trash Door Pair (WDL),False,,"685, 686",0.91,2,,Surface Closer,"351 CPS K1050 F =34"" high BEV CSK (F @",SA,EN,,Sargent,,,685,"[74.3, 665.7, 504.9, 693.6]",finish
118.0,BOH Trash Door Pair (WDL),False,,"685, 686",0.91,2,,Armor Plate,rated),RO,US32D,,Rockwood,Satin stainless,,685,"[74.3, 687.7, 506.1, 706.3]",
118.0,BOH Trash Door Pair (WDL),False,,"685, 686",0.91,1,,Astragal,357SP x S88,PE,,,Pemko,,,686,"[74.3, 51.4, 503.6, 63.6]",
118.0,BOH Trash Door Pair (WDL),False,,"685, 686",0.91,1,,Gasketing,S88BL,PE,,,Pemko,,,686,"[74.3, 67.0, 503.6, 79.2]",
118.0,BOH Trash Door Pair (WDL),False,,"685, 686",0.91,2,,Sweep,18062CNB,PE,,,Pemko,,,686,"[74.3, 82.7, 503.6, 94.9]",
118.0,BOH Trash Door Pair (WDL),False,,"685, 686",0.91,1,,HD Threshold,2716A Pemkote MSES25SS,PE,,,Pemko,,,686,"[74.3, 98.3, 503.6, 110.5]",
118.0,BOH Trash Door Pair (WDL),False,,"685, 686",0.91,1,,Protector Bar,R111LPB,RO,10BE,,Rockwood,Oil-rubbed bronze,,686,"[74.3, 114.0, 506.1, 126.2]",
119.0,BOH Pool Mech Door Pair (WDL),False,,686,0.92,6,,"Hinge, Full Mortise",TA2714 NRP,MK,US15,,McKinney,Satin nickel,,686,"[74.3, 223.5, 508.6, 235.7]",
119.0,BOH Pool Mech Door Pair (WDL),False,,686,0.92,1,,Flush Bolt w/Fire Bolt,2849 @ HM / 2949 @ WD,RO,US32D,,Rockwood,Satin stainless,,686,"[74.3, 239.2, 506.1, 251.4]",
119.0,BOH Pool Mech Door Pair (WDL),False,,686,0.92,1,,Access Control Cyl Lock,41 70 IN100-10XG77-BIPS B LP,SA,US15,,Sargent,Satin nickel,,686,"[74.3, 255.9, 504.9, 268.1]",
119.0,BOH Pool Mech Door Pair (WDL),False,,686,0.92,1,,Small Format Inter Core,7300B CKC GMK,SA,US15,,Sargent,Satin nickel,,686,"[74.3, 272.5, 504.9, 284.7]",
119.0,BOH Pool Mech Door Pair (WDL),False,,686,0.92,1,,Coordinator,2600 Series (size to opening),RO,US28,,Rockwood,Satin aluminum,,686,"[74.3, 288.2, 506.1, 300.4]",
119.0,BOH Pool Mech Door Pair (WDL),False,,686,0.92,2,,Mounting Bracket,2601D,RO,Gray,,Rockwood,Gray,,686,"[74.3, 303.8, 506.1, 316.0]",
119.0,BOH Pool Mech Door Pair (WDL),False,,686,0.92,2,,Surface Closer,351 CPS,SA,EN,,Sargent,,,686,"[74.3, 319.4, 504.9, 331.6]",
119.0,BOH Pool Mech Door Pair (WDL),False,,686,0.92,2,,Kick Plate,"K1050=10"" high CSK BEV",RO,US32D,,Rockwood,Satin stainless,,686,"[74.3, 335.1, 506.1, 347.3]",
119.0,BOH Pool Mech Door Pair (WDL),False,,686,0.92,1,,Astragal,357SP x S88,PE,,,Pemko,,,686,"[74.3, 350.7, 503.6, 362.9]",
119.0,BOH Pool Mech Door Pair (WDL),False,,686,0.92,1,,Gasketing,S44BL,PE,,,Pemko,,,686,"[74.3, 366.4, 503.6, 378.6]",
119.0,BOH Pool Mech Door Pair (WDL),False,,686,0.92,1,,Sound Gasketing,312CR,PE,,,Pemko,,,686,"[74.3, 382.0, 503.6, 394.2]",
119.0,BOH Pool Mech Door Pair (WDL),False,,686,0.92,2,,Door Bottom,420APKL @ HM / 434APKL@ WD,PE,,,Pemko,,,686,"[74.3, 397.6, 503.6, 409.8]",
119.0,BOH Pool Mech Door Pair (WDL),False,,686,0.92,1,,Threshold,175A MSES25,PE,,,Pemko,,,686,"[74.3, 413.4, 503.6, 425.6]",
120.0,Exterior Receiving Door Pair (CR EL IC),False,,"686, 687",0.91,8,,"Hinge, Full Mortise, Hvy Wt",T4A3386 NRP,MK,BSP,,McKinney,Black suede powder coat,,686,"[74.3, 522.9, 508.6, 535.1]",
120.0,Exterior Receiving Door Pair (CR EL IC),False,,"686, 687",0.91,1,,Flush Bolt,2842,RO,BSP,,Rockwood,Black suede powder coat,,686,"[74.3, 538.5, 506.1, 550.7]",
120.0,Exterior Receiving Door Pair (CR EL IC),False,,"686, 687",0.91,1,,Dust Proof Strike,"570 RX 7/8"" Lip Length 70 8271-24V",RO,BSP,,Rockwood,Black suede powder coat,,686,"[74.3, 554.2, 506.1, 582.1]",
120.0,Exterior Receiving Door Pair (CR EL IC),False,,"686, 687",0.91,1,,Fail Secure Elec Lock,LNMW,SA,BSP,,Sargent,Black suede powder coat,,686,"[74.3, 576.2, 504.9, 594.7]",
120.0,Exterior Receiving Door Pair (CR EL IC),False,,"686, 687",0.91,1,,Small Format Inter Core,7300B CKC GMK,SA,US4,,Sargent,Satin brass,,686,"[74.3, 598.2, 504.9, 610.4]",
120.0,Exterior Receiving Door Pair (CR EL IC),False,,"686, 687",0.91,1,,Coordinator,2600 Series (size to opening),RO,US28,,Rockwood,Satin aluminum,,686,"[74.3, 613.8, 506.1, 626.0]",
120.0,Exterior Receiving Door Pair (CR EL IC),False,,"686, 687",0.91,2,,Mounting Bracket,2601D,RO,Gray,,Rockwood,Gray,,686,"[74.3, 629.5, 506.1, 641.7]",
120.0,Exterior Receiving Door Pair (CR EL IC),False,,"686, 687",0.91,2,,Surface Closer,"351 CPSH K1050 F =34"" high BEV CSK (F @",SA,EN,,Sargent,,,686,"[74.3, 645.1, 504.9, 672.9]",finish
120.0,Exterior Receiving Door Pair (CR EL IC),False,,"686, 687",0.91,2,,Armor Plate,rated),RO,US32D,,Rockwood,Satin stainless,,686,"[74.3, 667.1, 506.1, 685.6]",
120.0,Exterior Receiving Door Pair (CR EL IC),False,,"686, 687",0.91,1,,Astragal,357SP x S88,PE,,,Pemko,,,686,"[74.3, 689.0, 503.6, 701.2]",
120.0,Exterior Receiving Door Pair (CR EL IC),False,,"686, 687",0.91,2,,Sweep,18062BSPNB,PE,,,Pemko,,,686,"[74.3, 704.7, 503.6, 717.0]",
120.0,Exterior Receiving Door Pair (CR EL IC),False,,"686, 687",0.91,1,,Threshold,2716BSP FHSL14,PE,,,Pemko,,,687,"[74.3, 51.4, 503.6, 63.6]",
120.0,Exterior Receiving Door Pair (CR EL IC),False,,"686, 687",0.91,1,,Electric Power Transfer,EL-CEPT,SU,BSP,,Securitron,Black suede powder coat,,687,"[74.3, 68.0, 504.9, 80.3]",
120.0,Exterior Receiving Door Pair (CR EL IC),False,,"686, 687",0.91,1,,ElectroLynx Door Harness,QC-C300,MK,,,McKinney,,,687,"[74.3, 85.7, 508.6, 97.9]",
120.0,Exterior Receiving Door Pair (CR EL IC),False,,"686, 687",0.91,1,,ElectroLynx Frame Harness,QC-C1500P,MK,,,McKinney,,,687,"[74.3, 103.3, 508.6, 115.6]",
120.0,Exterior Receiving Door Pair (CR EL IC),False,,"686, 687",0.91,2,,Position Switch,DPS-M-BK,SU,,,Securitron,,,687,"[74.3, 120.9, 504.9, 133.1]",
120.0,Exterior Receiving Door Pair (CR EL IC),False,,"686, 687",0.91,1,,Intercom,Furnished by Security Contractor,OT,,,,,,687,"[74.3, 137.5, 505.4, 149.8]",
120.0,Exterior Receiving Door Pair (CR EL IC),False,,"686, 687",0.91,1,,Card Reader,Furnished by Security Contractor,HD,,,,,,687,"[74.3, 153.3, 506.7, 165.5]",
120.0,Exterior Receiving Door Pair (CR EL IC),False,,"686, 687",0.91,1,,Power Supply,Furnished by Security Contractor,SU,,,Securitron,,,687,"[74.3, 169.8, 504.9, 182.0]",
121.0,Exterior Emg Gen Enclosure Door Pair (PH),False,,687,0.92,6,,"Hinge, Full Mortise, Hvy Wt",T4A3386 NRP,MK,BSP,,McKinney,Black suede powder coat,,687,"[74.3, 406.9, 508.6, 419.1]",
121.0,Exterior Emg Gen Enclosure Door Pair (PH),False,,687,0.92,1,,"Concealed Vert Rod Exit, Exit Only",MDPE8610 EO,SA,BSP,,Sargent,Black suede powder coat,,687,"[74.3, 422.6, 504.9, 434.8]",
121.0,Exterior Emg Gen Enclosure Door Pair (PH),False,,687,0.92,1,,Concealed Vert Rod Exit,11727P MDPE8606 NEMW,SA,BSP,,Sargent,Black suede powder coat,,687,"[74.3, 438.2, 504.9, 450.4]",
121.0,Exterior Emg Gen Enclosure Door Pair (PH),False,,687,0.92,1,,Small Format Inter Core,7300B CKC GMK,SA,US4,,Sargent,Satin brass,,687,"[74.3, 453.9, 504.9, 466.1]",
121.0,Exterior Emg Gen Enclosure Door Pair (PH),False,,687,0.92,2,,Surface Closer,351 CPS,SA,BSP,,Sargent,Black suede powder coat,,687,"[74.3, 469.5, 504.9, 481.7]",
121.0,Exterior Emg Gen Enclosure Door Pair (PH),False,,687,0.92,2,,Astragal,29310BSPS,PE,,,Pemko,,,687,"[74.3, 485.1, 503.6, 497.3]",
121.0,Exterior Emg Gen Enclosure Door Pair (PH),False,,687,0.92,2,,Sweep,18062BSPNB,PE,,,Pemko,,,687,"[74.3, 500.8, 503.6, 513.1]",
121.0,Exterior Emg Gen Enclosure Door Pair (PH),False,,687,0.92,1,,Threshold (verify per detail),176BSP / 2727BSP MSES25,PE,,,Pemko,,,687,"[74.3, 516.4, 503.6, 528.7]",
122.0,Exterior Stair F Roof (CR EL FAR KS),False,,"687, 688",0.91,3,,"Hinge, Full Mortise",TA2314,MK,US32D,,McKinney,Satin stainless,,687,"[74.3, 594.7, 508.6, 606.9]",
122.0,Exterior Stair F Roof (CR EL FAR KS),False,,"687, 688",0.91,1,,Fail Safe Elec Lock,RX 70 10XG70 LMW,SA,US15,,Sargent,Satin nickel,,687,"[74.3, 611.4, 504.9, 623.6]",
122.0,Exterior Stair F Roof (CR EL FAR KS),False,,"687, 688",0.91,1,,Small Format Inter Core,7300B CKC GMK,SA,US15,,Sargent,Satin nickel,,687,"[74.3, 628.1, 504.9, 640.3]",
122.0,Exterior Stair F Roof (CR EL FAR KS),False,,"687, 688",0.91,1,,Surface Closer,351 UO,SA,EN,,Sargent,,,687,"[74.3, 643.7, 504.9, 655.9]",
122.0,Exterior Stair F Roof (CR EL FAR KS),False,,"687, 688",0.91,1,,Wall Stop,430-RKW,RO,US15,,Rockwood,Satin nickel,,687,"[74.3, 659.3, 506.1, 671.5]",
122.0,Exterior Stair F Roof (CR EL FAR KS),False,,"687, 688",0.91,1,,Gasketing,332CS,PE,,,Pemko,,,687,"[74.3, 675.0, 503.6, 687.2]",
122.0,Exterior Stair F Roof (CR EL FAR KS),False,,"687, 688",0.91,1,,Door Bottom,222APK,PE,,,Pemko,,,687,"[74.3, 690.6, 503.6, 702.8]",
122.0,Exterior Stair F Roof (CR EL FAR KS),False,,"687, 688",0.91,1,,Threshold,176A MSES25SS-2,PE,,,Pemko,,,687,"[74.3, 706.3, 503.6, 718.5]",
122.0,Exterior Stair F Roof (CR EL FAR KS),False,,"687, 688",0.91,1,,Electric Power Transfer,EL-CEPT,SU,630,,Securitron,Satin stainless steel,,688,"[74.3, 52.3, 504.9, 64.5]",
122.0,Exterior Stair F Roof (CR EL FAR KS),False,,"687, 688",0.91,1,,ElectroLynx Door Harness,QC-C300,MK,,,McKinney,,,688,"[74.3, 70.0, 508.6, 82.2]",
122.0,Exterior Stair F Roof (CR EL FAR KS),False,,"687, 688",0.91,1,,ElectroLynx Frame Harness,QC-C1500P,MK,,,McKinney,,,688,"[74.3, 87.6, 508.6, 99.8]",
122.0,Exterior Stair F Roof (CR EL FAR KS),False,,"687, 688",0.91,1,,Position Switch,DPS-W-GY,SU,,,Securitron,,,688,"[74.3, 105.3, 504.9, 117.5]",
122.0,Exterior Stair F Roof (CR EL FAR KS),False,,"687, 688",0.91,1,,Alarm Release w/ Key Switch Reset,DE-1RED Key reset ( no delay),AK,,,,,,688,"[74.3, 122.9, 506.7, 135.1]",
122.0,Exterior Stair F Roof (CR EL FAR KS),False,,"687, 688",0.91,1,,Card Reader,Furnished by Security Contractor,HD,,,,,,688,"[74.3, 139.6, 506.7, 151.8]",
122.0,Exterior Stair F Roof (CR EL FAR KS),False,,"687, 688",0.91,1,,Power Supply w/Fire Trigger,Furnished by Security Contractor,SU,,,Securitron,,,688,"[74.3, 156.1, 504.9, 168.4]",
123.0,Exterior Stair T Roof (ALK EL FAR KS),False,,"688, 689",0.91,3,,"Hinge, Full Mortise",TA2314,MK,US32D,,McKinney,Satin stainless,,688,"[74.3, 380.6, 508.6, 392.8]",
123.0,Exterior Stair T Roof (ALK EL FAR KS),False,,"688, 689",0.91,1,,Fail Safe Elec Lock,RX 72 8270-24V LNP,SA,US26D,,Sargent,Satin chrome,,688,"[74.3, 397.3, 504.9, 409.5]",
123.0,Exterior Stair T Roof (ALK EL FAR KS),False,,"688, 689",0.91,1,,Small Format Inter Core,7300B CKC GMK,SA,US15,,Sargent,Satin nickel,,688,"[74.3, 413.8, 504.9, 426.1]",
123.0,Exterior Stair T Roof (ALK EL FAR KS),False,,"688, 689",0.91,1,,Surface Closer,351 CPS,SA,EN,,Sargent,,,688,"[74.3, 429.6, 504.9, 441.8]",
123.0,Exterior Stair T Roof (ALK EL FAR KS),False,,"688, 689",0.91,1,,Gasketing,332CS,PE,,,Pemko,,,688,"[74.3, 445.2, 503.6, 457.4]",
123.0,Exterior Stair T Roof (ALK EL FAR KS),False,,"688, 689",0.91,1,,Door Bottom,2221APK,PE,,,Pemko,,,688,"[74.3, 460.9, 503.6, 473.1]",
123.0,Exterior Stair T Roof (ALK EL FAR KS),False,,"688, 689",0.91,1,,Threshold,176A MSES25SS-2,PE,,,Pemko,,,688,"[74.3, 476.5, 503.6, 488.7]",
123.0,Exterior Stair T Roof (ALK EL FAR KS),False,,"688, 689",0.91,1,,Electric Power Transfer,EL-CEPT,SU,630,,Securitron,Satin stainless steel,,688,"[74.3, 493.2, 504.9, 505.4]",
123.0,Exterior Stair T Roof (ALK EL FAR KS),False,,"688, 689",0.91,1,,ElectroLynx Door Harness,QC-C300,MK,,,McKinney,,,688,"[74.3, 510.8, 508.6, 523.0]",
123.0,Exterior Stair T Roof (ALK EL FAR KS),False,,"688, 689",0.91,1,,ElectroLynx Frame Harness,QC-C1500P,MK,,,McKinney,,,688,"[74.3, 528.4, 508.6, 540.7]",
123.0,Exterior Stair T Roof (ALK EL FAR KS),False,,"688, 689",0.91,1,,Alarm Release w/ Key Switch Reset,DE-1RED Key reset ( no delay),AK,,,,,,688,"[74.3, 546.0, 506.7, 558.2]",
123.0,Exterior Stair T Roof (ALK EL FAR KS),False,,"688, 689",0.91,1,,Power Supply w/Fire Trigger,Furnished by Security Contractor,SU,,,Securitron,,,688,"[74.3, 563.6, 504.9, 575.8]",
124.0,Electrical Service Exit (PH),False,,689,0.92,3,,"Hinge, Full Mortise",TA2314 NRP,MK,US32D,,McKinney,Satin stainless,,689,"[74.3, 142.2, 508.6, 154.4]",
124.0,Electrical Service Exit (PH),False,,689,0.92,1,,Rim Exit Device,5CH 72 PE8806 NEP,SA,US32D,,Sargent,Satin stainless,,689,"[74.3, 157.9, 504.9, 170.2]",
124.0,Electrical Service Exit (PH),False,,689,0.92,1,,Small Format Inter Core,7300B CKC GMK,SA,US15,,Sargent,Satin nickel,,689,"[74.3, 173.5, 504.9, 185.8]",
124.0,Electrical Service Exit (PH),False,,689,0.92,1,,Surface Closer,351 P9,SA,EN,,Sargent,,,689,"[74.3, 189.3, 504.9, 201.5]",
124.0,Electrical Service Exit (PH),False,,689,0.92,1,,Door Stop,467-RKW,RO,Black,,Rockwood,Black,,689,"[74.3, 204.9, 506.1, 217.1]",
124.0,Electrical Service Exit (PH),False,,689,0.92,1,,Gasketing,S88BL,PE,,,Pemko,,,689,"[74.3, 220.5, 503.6, 232.7]",
124.0,Electrical Service Exit (PH),False,,689,0.92,1,,Sweep,18062CNB,PE,,,Pemko,,,689,"[74.3, 236.2, 503.6, 248.4]",
124.0,Electrical Service Exit (PH),False,,689,0.92,1,,Threshold,Per Detail / Type as Req,PE,,,Pemko,,,689,"[74.3, 251.8, 503.6, 264.0]",
125.0,Electrical Service Exit (PH),False,,689,0.92,3,,"Hinge, Full Mortise",TA2314 NRP,MK,US32D,,McKinney,Satin stainless,,689,"[74.3, 330.1, 508.6, 342.3]",
125.0,Electrical Service Exit (PH),False,,689,0.92,1,,Rim Exit Device,12 5CH 72 PE8806 NEP,SA,US32D,,Sargent,Satin stainless,,689,"[74.3, 345.8, 504.9, 358.0]",
125.0,Electrical Service Exit (PH),False,,689,0.92,1,,Small Format Inter Core,7300B CKC GMK,SA,US15,,Sargent,Satin nickel,,689,"[74.3, 361.4, 504.9, 373.6]",
125.0,Electrical Service Exit (PH),False,,689,0.92,1,,Surface Closer,351 P9,SA,EN,,Sargent,,,689,"[74.3, 377.1, 504.9, 389.3]",
125.0,Electrical Service Exit (PH),False,,689,0.92,1,,Door Stop,467-RKW,RO,Black,,Rockwood,Black,,689,"[74.3, 392.7, 506.1, 404.9]",
125.0,Electrical Service Exit (PH),False,,689,0.92,1,,Gasketing,S88BL,PE,,,Pemko,,,689,"[74.3, 408.3, 503.6, 420.5]",
125.0,Electrical Service Exit (PH),False,,689,0.92,1,,Sweep,18062CNB,PE,,,Pemko,,,689,"[74.3, 424.0, 503.6, 436.3]",
125.0,Electrical Service Exit (PH),False,,689,0.92,1,,Threshold,Per Detail / Type as Req,PE,,,Pemko,,,689,"[74.3, 439.6, 503.6, 451.9]",
126.0,Sauna Glass Door,False,,689,0.86,1,,Door Top Rail,DRT-275BD-T DR- OtherAAPrep_FinSet1 DRT-275BD-B DR-,GS,US32D,,,Satin stainless,,689,"[74.3, 517.9, 504.8, 558.4]",mfr
126.0,Sauna Glass Door,False,,689,0.86,1,,Door Bottom Rail,OtherAAPrep_FinSet1,GS,US32D,,,Satin stainless,,689,"[74.3, 552.6, 504.8, 571.0]",
126.0,Sauna Glass Door,False,,689,0.86,1,,Bottom Pivot,PV-ENDLOAD,GS,AL,,,Aluminum,,689,"[74.3, 574.5, 504.8, 586.8]",
126.0,Sauna Glass Door,False,,689,0.86,2,,Pull,RM5270-12 Mtg-Type 15HD,RO,US32D,,Rockwood,Satin stainless,,689,"[74.3, 590.1, 506.1, 602.4]",
126.0,Sauna Glass Door,False,,689,0.86,1,,Concealed Closer,OHC-609-90 / 105NHO,GS,,,,,,689,"[74.3, 605.9, 504.8, 618.1]",
127.0,Exterior Exit Storefront Door (CR ES PH),False,,"689, 690",0.91,1,,Pivot Set,195,RF,622,,Rixson,Flat black,,690,"[74.3, 51.4, 504.2, 63.6]",
127.0,Exterior Exit Storefront Door (CR ES PH),False,,"689, 690",0.91,2,,Intermediate Pivot,M19,RF,622,,Rixson,Flat black,,690,"[74.3, 67.0, 504.2, 79.2]",
127.0,Exterior Exit Storefront Door (CR ES PH),False,,"689, 690",0.91,1,,Storefront Panic Device,PDU8500-3 02 CA Bldg Code,RO,BSP,,Rockwood,Black suede powder coat,,690,"[74.3, 82.7, 506.1, 94.9]",
127.0,Exterior Exit Storefront Door (CR ES PH),False,,"689, 690",0.91,1,,Small Format Inter Core,7300B CKC GMK,SA,US4,,Sargent,Satin brass,,690,"[74.3, 98.3, 504.9, 110.5]",
127.0,Exterior Exit Storefront Door (CR ES PH),False,,"689, 690",0.91,1,,Electric Strike,9100L-LMS,HS,BSP,,,Black suede powder coat,,690,"[74.3, 115.0, 504.8, 127.2]",
127.0,Exterior Exit Storefront Door (CR ES PH),False,,"689, 690",0.91,1,,SMART Pac Bridge Rectifier,2005M3,HS,,,,,,690,"[74.3, 132.6, 504.8, 144.8]",
127.0,Exterior Exit Storefront Door (CR ES PH),False,,"689, 690",0.91,1,,Concealed Closer,PH91NDCP 105 Stop Block,RF,BSP,,Rixson,Black suede powder coat,,690,"[74.3, 149.2, 504.2, 161.4]",
127.0,Exterior Exit Storefront Door (CR ES PH),False,,"689, 690",0.91,1,,Sweep,18062BSPNB,PE,,,Pemko,,,690,"[74.3, 164.9, 503.6, 177.1]",
127.0,Exterior Exit Storefront Door (CR ES PH),False,,"689, 690",0.91,1,,Threshold (verify per detail),2727BSP MSES25,PE,,,Pemko,,,690,"[74.3, 180.5, 503.6, 192.7]",
127.0,Exterior Exit Storefront Door (CR ES PH),False,,"689, 690",0.91,1,,ElectroLynx Frame Harness,QC-C1500P,MK,,,McKinney,,,690,"[74.3, 197.2, 508.6, 209.4]",
127.0,Exterior Exit Storefront Door (CR ES PH),False,,"689, 690",0.91,1,,Position Switch,DPS-M-BK,SU,,,Securitron,,,690,"[74.3, 214.8, 504.9, 227.0]",
127.0,Exterior Exit Storefront Door (CR ES PH),False,,"689, 690",0.91,1,,Card Reader,Furnished by Security Contractor,HD,,,,,,690,"[74.3, 231.5, 506.7, 243.7]",
127.0,Exterior Exit Storefront Door (CR ES PH),False,,"689, 690",0.91,1,,PIR Detector,Furnished by Security Contractor,AK,,,,,,690,"[74.3, 248.1, 506.7, 260.3]",
128.0,Exterior Entry Storefront Door (WDL),False,,690,0.92,1,,Pivot Set,195,RF,622,,Rixson,Flat black,,690,"[74.3, 447.2, 504.2, 459.4]",
128.0,Exterior Entry Storefront Door (WDL),False,,690,0.92,2,,Intermediate Pivot,M19,RF,622,,Rixson,Flat black,,690,"[74.3, 462.9, 504.2, 475.1]",
128.0,Exterior Entry Storefront Door (WDL),False,,690,0.92,1,,Access Control Mort Lock,IN100-82277-BIPS LNMW LC,SA,BSP,,Sargent,Black suede powder coat,,690,"[74.3, 479.5, 504.9, 491.7]",
128.0,Exterior Entry Storefront Door (WDL),False,,690,0.92,1,,Mortise Cylinder,72 43 verify cam,SA,BSP,,Sargent,Black suede powder coat,,690,"[74.3, 496.2, 504.9, 508.4]",
128.0,Exterior Entry Storefront Door (WDL),False,,690,0.92,1,,Small Format Inter Core,7300B CKC GMK,SA,US4,,Sargent,Satin brass,,690,"[74.3, 511.8, 504.9, 524.0]",
128.0,Exterior Entry Storefront Door (WDL),False,,690,0.92,1,,Concealed Closer,PH91NDCP 105 Stop Block,RF,BSP,,Rixson,Black suede powder coat,,690,"[74.3, 527.5, 504.2, 539.7]",
128.0,Exterior Entry Storefront Door (WDL),False,,690,0.92,1,,Sweep,18062BSPNB,PE,,,Pemko,,,690,"[74.3, 543.1, 503.6, 555.3]",
128.0,Exterior Entry Storefront Door (WDL),False,,690,0.92,1,,Threshold (verify per detail),2727BSP MSES25,PE,,,Pemko,,,690,"[74.3, 558.8, 503.6, 571.0]",
129.0,Exterior Entry Storefront Door (ADO CR ES),False,,"690, 691",0.92,1,,Pivot Set,195,RF,622,,Rixson,Flat black,,690,"[74.3, 681.0, 504.2, 693.2]",
129.0,Exterior Entry Storefront Door (ADO CR ES),False,,"690, 691",0.92,1,,Intermediate Pivot,M19,RF,622,,Rixson,Flat black,,690,"[74.3, 696.6, 504.2, 708.8]",
129.0,Exterior Entry Storefront Door (ADO CR ES),False,,"690, 691",0.92,1,,Electrified Inter Pivot,EM19 QC-8,RF,622,,Rixson,Flat black,,691,"[74.3, 52.3, 504.2, 64.5]",
129.0,Exterior Entry Storefront Door (ADO CR ES),False,,"690, 691",0.92,1,,Exit Lock,RX 8213 LNMW,SA,BSP,,Sargent,Black suede powder coat,,691,"[74.3, 70.0, 504.9, 82.2]",
129.0,Exterior Entry Storefront Door (ADO CR ES),False,,"690, 691",0.92,1,,Electric Strike,1500C-LMS,HS,BSP,,,Black suede powder coat,,691,"[74.3, 87.6, 504.8, 99.8]",
129.0,Exterior Entry Storefront Door (ADO CR ES),False,,"690, 691",0.92,1,,Pull,RM4010-48 Mtg-Type 12XHD,RO,BSP,,Rockwood,Black suede powder coat,,691,"[74.3, 104.3, 506.1, 116.5]",
129.0,Exterior Entry Storefront Door (ADO CR ES),False,,"690, 691",0.92,1,,Conc Overhead Stop,6-336,RF,BSP,,Rixson,Black suede powder coat,,691,"[74.3, 119.9, 504.2, 132.1]",
129.0,Exterior Entry Storefront Door (ADO CR ES),False,,"690, 691",0.92,1,,Automatic Opener,6231,NO,BSP,,Norton,Black suede powder coat,,691,"[74.3, 136.6, 506.7, 148.8]",
129.0,Exterior Entry Storefront Door (ADO CR ES),False,,"690, 691",0.92,2,,ADO Ext Length Actuator,S-I42-3-PCBLACK,WK,BLK,,,Black,,691,"[74.3, 153.3, 509.2, 165.5]",
129.0,Exterior Entry Storefront Door (ADO CR ES),False,,"690, 691",0.92,1,,Sweep,18062BSPNB,PE,,,Pemko,,,691,"[74.3, 168.9, 503.6, 181.1]",
129.0,Exterior Entry Storefront Door (ADO CR ES),False,,"690, 691",0.92,1,,Threshold (verify per detail),2727BSP MSES25,PE,,,Pemko,,,691,"[74.3, 184.5, 503.6, 196.7]",
129.0,Exterior Entry Storefront Door (ADO CR ES),False,,"690, 691",0.92,1,,ElectroLynx Door Harness,QC-C1500,MK,,,McKinney,,,691,"[74.3, 201.1, 508.6, 213.4]",
129.0,Exterior Entry Storefront Door (ADO CR ES),False,,"690, 691",0.92,2,,ElectroLynx Frame Harness,QC-C1500P,MK,,,McKinney,,,691,"[74.3, 218.8, 508.6, 231.0]",
129.0,Exterior Entry Storefront Door (ADO CR ES),False,,"690, 691",0.92,1,,Position Switch,DPS-M-BK,SU,,,Securitron,,,691,"[74.3, 236.5, 504.9, 248.7]",
129.0,Exterior Entry Storefront Door (ADO CR ES),False,,"690, 691",0.92,1,,Card Reader,Furnished by Security Contractor,HD,,,,,,691,"[74.3, 253.1, 506.7, 265.4]",
129.0,Exterior Entry Storefront Door (ADO CR ES),False,,"690, 691",0.92,1,,Power Supply,Furnished by Security Contractor,SU,,,Securitron,,,691,"[74.3, 269.7, 504.9, 281.9]",
130.0,Exterior Entry Storefront Door (ADO),False,,"691, 692",0.92,1,,Pivot Set,195,RF,622,,Rixson,Flat black,,691,"[74.3, 519.4, 504.2, 531.7]",
130.0,Exterior Entry Storefront Door (ADO),False,,"691, 692",0.92,1,,Intermediate Pivot,M19,RF,622,,Rixson,Flat black,,691,"[74.3, 535.0, 504.2, 547.3]",
130.0,Exterior Entry Storefront Door (ADO),False,,"691, 692",0.92,1,,Mortise Cylinder,72 43 verify cam,SA,BSP,,Sargent,Black suede powder coat,,691,"[74.3, 550.8, 504.9, 563.0]",
130.0,Exterior Entry Storefront Door (ADO),False,,"691, 692",0.92,1,,Small Format Inter Core,7300B CKC GMK,SA,US4,,Sargent,Satin brass,,691,"[74.3, 566.4, 504.9, 578.6]",
130.0,Exterior Entry Storefront Door (ADO),False,,"691, 692",0.92,1,,Pull,RM4010-48 Mtg-Type 12XHD,RO,BSP,,Rockwood,Black suede powder coat,,691,"[74.3, 582.0, 506.1, 594.2]",
130.0,Exterior Entry Storefront Door (ADO),False,,"691, 692",0.92,1,,Push Bar,"RM4012 Mtg-Type 12HD 33""",RO,BSP,,Rockwood,Black suede powder coat,,691,"[74.3, 597.7, 506.1, 609.9]",
130.0,Exterior Entry Storefront Door (ADO),False,,"691, 692",0.92,1,,Conc Overhead Stop,6-336,RF,BSP,,Rixson,Black suede powder coat,,691,"[74.3, 613.3, 504.2, 625.5]",
130.0,Exterior Entry Storefront Door (ADO),False,,"691, 692",0.92,1,,Automatic Opener,6231,NO,BSP,,Norton,Black suede powder coat,,691,"[74.3, 630.0, 506.7, 642.2]",
130.0,Exterior Entry Storefront Door (ADO),False,,"691, 692",0.92,2,,ADO Ext Length Actuator,S-I42-3-PCBLACK,WK,BLK,,,Black,,691,"[74.3, 646.7, 509.2, 658.9]",
130.0,Exterior Entry Storefront Door (ADO),False,,"691, 692",0.92,1,,Sweep,18062BSPNB,PE,,,Pemko,,,691,"[74.3, 662.3, 503.6, 674.5]",
130.0,Exterior Entry Storefront Door (ADO),False,,"691, 692",0.92,1,,Threshold (verify per detail),2727BSP MSES25,PE,,,Pemko,,,691,"[74.3, 677.9, 503.6, 690.1]",
130.0,Exterior Entry Storefront Door (ADO),False,,"691, 692",0.92,1,,Key Switch (Operator On-Off),MCK-2 Custom finish,AK,,,,,,691,"[74.3, 694.5, 506.7, 706.8]",
131.0,Exterior Storefront Door (CR EPH),False,,692,0.91,1,,Continuous Hinge,BSPFM95HD1 PT Cut to net LD WR 5CH 55 56 72 PE8504 Less,PE,,,Pemko,,,692,"[74.3, 145.2, 503.6, 173.2]",
131.0,Exterior Storefront Door (CR EPH),False,,692,0.91,1,,"Rim Elec Exit Device, Key Trim",Pull,SA,BSP,,Sargent,Black suede powder coat,,692,"[74.3, 167.3, 504.9, 185.8]",
131.0,Exterior Storefront Door (CR EPH),False,,692,0.91,1,,Small Format Inter Core,7300B CKC GMK,SA,US4,,Sargent,Satin brass,,692,"[74.3, 189.3, 504.9, 201.5]",
131.0,Exterior Storefront Door (CR EPH),False,,692,0.91,1,,Door Pull,RM3311-72 Mtg-Type 12XHD,RO,BSP,,Rockwood,Black suede powder coat,,692,"[74.3, 204.9, 506.1, 217.1]",
131.0,Exterior Storefront Door (CR EPH),False,,692,0.91,1,,Concealed Closer,PH91NDCP 105 Stop Block,RF,BSP,,Rixson,Black suede powder coat,,692,"[74.3, 220.5, 504.2, 232.7]",
131.0,Exterior Storefront Door (CR EPH),False,,692,0.91,1,,Sweep,18062BSPNB,PE,,,Pemko,,,692,"[74.3, 236.2, 503.6, 248.4]",
131.0,Exterior Storefront Door (CR EPH),False,,692,0.91,1,,Threshold (verify per detail),176BSP / 2727BSP MSES25,PE,,,Pemko,,,692,"[74.3, 251.8, 503.6, 264.0]",
131.0,Exterior Storefront Door (CR EPH),False,,692,0.91,1,,ElectroLynx Door Harness,QC-C003,MK,,,McKinney,,,692,"[74.3, 268.5, 508.6, 280.7]",
131.0,Exterior Storefront Door (CR EPH),False,,692,0.91,1,,ElectroLynx Frame Harness,QC-C1500P,MK,,,McKinney,,,692,"[74.3, 286.1, 508.6, 298.4]",
131.0,Exterior Storefront Door (CR EPH),False,,692,0.91,1,,Position Switch,DPS-M-BK,SU,,,Securitron,,,692,"[74.3, 303.8, 504.9, 316.0]",
131.0,Exterior Storefront Door (CR EPH),False,,692,0.91,1,,Card Reader,Furnished by Security Contractor,HD,,,,,,692,"[74.3, 320.3, 506.7, 332.6]",
131.0,Exterior Storefront Door (CR EPH),False,,692,0.91,1,,Power Supply,Furnished by Security Contractor,SU,,,Securitron,,,692,"[74.3, 337.0, 504.9, 349.2]",
132.0,Exterior Fire Glazed Storefront Door (WL),False,,692,0.92,4,,"Hinge, Full Mortise, Hvy Wt",T4A3386 NRP,MK,BSP,,McKinney,Black suede powder coat,,692,"[74.3, 548.8, 508.6, 561.1]",
132.0,Exterior Fire Glazed Storefront Door (WL),False,,692,0.92,1,,Access Control Mort Lock,70 IN100-82278-BIPS LNMW,SA,BSP,,Sargent,Black suede powder coat,,692,"[74.3, 565.4, 504.9, 577.6]",
132.0,Exterior Fire Glazed Storefront Door (WL),False,,692,0.92,1,,Small Format Inter Core,7300B CKC GMK,SA,US4,,Sargent,Satin brass,,692,"[74.3, 582.1, 504.9, 594.3]",
132.0,Exterior Fire Glazed Storefront Door (WL),False,,692,0.92,1,,Surface Track Closer,7540ST,NO,BSP,,Norton,Black suede powder coat,,692,"[74.3, 597.7, 506.7, 609.9]",
132.0,Exterior Fire Glazed Storefront Door (WL),False,,692,0.92,1,,Door Stop,471,RO,BSP,,Rockwood,Black suede powder coat,,692,"[74.3, 613.4, 506.1, 625.6]",
132.0,Exterior Fire Glazed Storefront Door (WL),False,,692,0.92,1,,Sweep,18062BSPNB,PE,,,Pemko,,,692,"[74.3, 629.0, 503.6, 641.2]",
132.0,Exterior Fire Glazed Storefront Door (WL),False,,692,0.92,1,,Threshold (verify per detail),176BSP / 2727BSP MSES25,PE,,,Pemko,,,692,"[74.3, 644.6, 503.6, 656.8]",
133.0,Lobby Storefront Door Pair,False,,693,0.92,2,,Pivot Set,195,RF,622,,Rixson,Flat black,,693,"[74.3, 98.3, 504.2, 110.5]",
133.0,Lobby Storefront Door Pair,False,,693,0.92,2,,Intermediate Pivot,M19,RF,622,,Rixson,Flat black,,693,"[74.3, 114.0, 504.2, 126.2]",
133.0,Lobby Storefront Door Pair,False,,693,0.92,2,,Push Bar & Pull,"TBF15847 33"" PUSH",RO,BSP,,Rockwood,Black suede powder coat,,693,"[74.3, 129.6, 506.1, 141.8]",
133.0,Lobby Storefront Door Pair,False,,693,0.92,2,,Concealed Closer,PH91NDCP 105 Stop Block,RF,BSP,,Rixson,Black suede powder coat,,693,"[74.3, 145.2, 504.2, 157.4]",
133.0,Lobby Storefront Door Pair,False,,693,0.92,2,,Sweep,18062BSPNB,PE,,,Pemko,,,693,"[74.3, 160.9, 503.6, 173.2]",
133.0,Lobby Storefront Door Pair,False,,693,0.92,1,,Threshold,Per Detail / Type as Req,PE,,,Pemko,,,693,"[74.3, 176.5, 503.6, 188.8]",
133.1,Lobby Storefront Door Pair (CR ES PH),False,,693,0.92,2,,Pivot Set,195,RF,622,,Rixson,Flat black,,693,"[74.3, 254.8, 504.2, 267.0]",
133.1,Lobby Storefront Door Pair (CR ES PH),False,,693,0.92,4,,Intermediate Pivot,M19,RF,622,,Rixson,Flat black,,693,"[74.3, 270.5, 504.2, 282.8]",
133.1,Lobby Storefront Door Pair (CR ES PH),False,,693,0.92,1,,Storefront Panic Device,PDU8500-3 CA Bldg Code,RO,BSP,,Rockwood,Black suede powder coat,,693,"[74.3, 286.1, 506.1, 298.4]",
133.1,Lobby Storefront Door Pair (CR ES PH),False,,693,0.92,1,,Storefront Panic Device,PDU8500-3 02 CA Bldg Code,RO,BSP,,Rockwood,Black suede powder coat,,693,"[74.3, 301.9, 506.1, 314.1]",
133.1,Lobby Storefront Door Pair (CR ES PH),False,,693,0.92,1,,Mortise Cylinder,72 43 verify cam,SA,BSP,,Sargent,Black suede powder coat,,693,"[74.3, 317.5, 504.9, 329.7]",
133.1,Lobby Storefront Door Pair (CR ES PH),False,,693,0.92,1,,Small Format Inter Core,7300B CKC GMK,SA,US4,,Sargent,Satin brass,,693,"[74.3, 333.1, 504.9, 345.3]",
133.1,Lobby Storefront Door Pair (CR ES PH),False,,693,0.92,1,,Electric Strike,9200W-LMS,HS,BSP,,,Black suede powder coat,,693,"[74.3, 349.7, 504.8, 362.0]",
133.1,Lobby Storefront Door Pair (CR ES PH),False,,693,0.92,1,,SMART Pac Bridge Rectifier,2005M3,HS,,,,,,693,"[74.3, 367.4, 504.8, 379.6]",
133.1,Lobby Storefront Door Pair (CR ES PH),False,,693,0.92,2,,Concealed Closer,PH91NDCP 105 Stop Block,RF,BSP,,Rixson,Black suede powder coat,,693,"[74.3, 384.1, 504.2, 396.3]",
133.1,Lobby Storefront Door Pair (CR ES PH),False,,693,0.92,2,,Sweep,18062BSPNB,PE,,,Pemko,,,693,"[74.3, 399.7, 503.6, 411.9]",
133.1,Lobby Storefront Door Pair (CR ES PH),False,,693,0.92,1,,Threshold,Per Detail / Type as Req,PE,,,Pemko,,,693,"[74.3, 415.3, 503.6, 427.5]",
133.1,Lobby Storefront Door Pair (CR ES PH),False,,693,0.92,2,,ElectroLynx Door Harness,QC-C1500,MK,,,McKinney,,,693,"[74.3, 432.0, 508.6, 444.2]",
133.1,Lobby Storefront Door Pair (CR ES PH),False,,693,0.92,2,,Position Switch,DPS-M-BK,SU,,,Securitron,,,693,"[74.3, 449.6, 504.9, 461.8]",
133.1,Lobby Storefront Door Pair (CR ES PH),False,,693,0.92,1,,Card Reader,Furnished by Security Contractor,HD,,,,,,693,"[74.3, 466.3, 506.7, 478.5]",
133.1,Lobby Storefront Door Pair (CR ES PH),False,,693,0.92,1,,PIR Detector,Furnished by Security Contractor,AK,,,,,,693,"[74.3, 482.8, 506.7, 495.1]",
133.1,Lobby Storefront Door Pair (CR ES PH),False,,693,0.92,1,,Power Supply,Furnished by Security Contractor,SU,,,Securitron,,,693,"[74.3, 500.5, 504.9, 512.7]",
133.2,Lobby Storefront Door Pair PH,False,,"693, 694",0.92,2,,Pivot Set,195,RF,622,,Rixson,Flat black,,694,"[74.3, 51.4, 504.2, 63.6]",
133.2,Lobby Storefront Door Pair PH,False,,"693, 694",0.92,2,,Intermediate Pivot,M19,RF,622,,Rixson,Flat black,,694,"[74.3, 67.0, 504.2, 79.2]",
133.2,Lobby Storefront Door Pair PH,False,,"693, 694",0.92,2,,"Concealed Vert Rod Exit, Passage",18 5CH ADPE8415 NEMW NB,SA,BSP,,Sargent,Black suede powder coat,,694,"[74.3, 82.7, 504.9, 94.9]",
133.2,Lobby Storefront Door Pair PH,False,,"693, 694",0.92,2,,Concealed Closer,PH91NDCP 105 Stop Block,RF,BSP,,Rixson,Black suede powder coat,,694,"[74.3, 98.3, 504.2, 110.5]",
133.2,Lobby Storefront Door Pair PH,False,,"693, 694",0.92,2,,Sweep,18062BSPNB,PE,,,Pemko,,,694,"[74.3, 114.0, 503.6, 126.2]",
133.2,Lobby Storefront Door Pair PH,False,,"693, 694",0.92,1,,Threshold,Per Detail / Type as Req,PE,,,Pemko,,,694,"[74.3, 129.6, 503.6, 141.8]",
134.0,Exterior Stair Storefront Door (CR EPH),False,,694,0.92,1,,Pivot Set,195,RF,622,,Rixson,Flat black,,694,"[74.3, 239.2, 504.2, 251.4]",
134.0,Exterior Stair Storefront Door (CR EPH),False,,694,0.92,1,,Electrified Inter Pivot,EM19 QC-8 LD WR 5CH 55 56 72 PE8504 Less,RF,622,,Rixson,Flat black,,694,"[74.3, 255.9, 504.2, 284.7]",
134.0,Exterior Stair Storefront Door (CR EPH),False,,694,0.92,1,,"Rim Elec Exit Device, Key Trim",Pull,SA,BSP,,Sargent,Black suede powder coat,,694,"[74.3, 278.8, 504.9, 297.4]",
134.0,Exterior Stair Storefront Door (CR EPH),False,,694,0.92,1,,Small Format Inter Core,7300B CKC GMK,SA,US4,,Sargent,Satin brass,,694,"[74.3, 300.8, 504.9, 313.0]",
134.0,Exterior Stair Storefront Door (CR EPH),False,,694,0.92,1,,Door Pull,RM3311-24 Mtg-Type 12HD,RO,BSP,,Rockwood,Black suede powder coat,,694,"[74.3, 316.4, 506.1, 328.6]",
134.0,Exterior Stair Storefront Door (CR EPH),False,,694,0.92,1,,Concealed Closer,PH91NDCP 105 Stop Block,RF,BSP,,Rixson,Black suede powder coat,,694,"[74.3, 332.1, 504.2, 344.3]",
134.0,Exterior Stair Storefront Door (CR EPH),False,,694,0.92,1,,Sweep,18062BSPNB,PE,,,Pemko,,,694,"[74.3, 347.7, 503.6, 359.9]",
134.0,Exterior Stair Storefront Door (CR EPH),False,,694,0.92,1,,Threshold (verify per detail),176BSP / 2727BSP MSES25,PE,,,Pemko,,,694,"[74.3, 363.4, 503.6, 375.6]",
134.0,Exterior Stair Storefront Door (CR EPH),False,,694,0.92,1,,ElectroLynx Door Harness,QC-C003,MK,,,McKinney,,,694,"[74.3, 380.0, 508.6, 392.2]",
134.0,Exterior Stair Storefront Door (CR EPH),False,,694,0.92,1,,ElectroLynx Frame Harness,QC-C1500P,MK,,,McKinney,,,694,"[74.3, 397.6, 508.6, 409.8]",
134.0,Exterior Stair Storefront Door (CR EPH),False,,694,0.92,1,,Position Switch,DPS-M-BK,SU,,,Securitron,,,694,"[74.3, 415.3, 504.9, 427.5]",
134.0,Exterior Stair Storefront Door (CR EPH),False,,694,0.92,1,,Card Reader,Furnished by Security Contractor,HD,,,,,,694,"[74.3, 432.0, 506.7, 444.2]",
134.0,Exterior Stair Storefront Door (CR EPH),False,,694,0.92,1,,Power Supply,Furnished by Security Contractor,SU,,,Securitron,,,694,"[74.3, 448.6, 504.9, 460.9]",
135.0,Exterior Storefront Exit Door Pair (PH),False,,"694, 695",0.92,2,,Pivot Set,195,RF,622,,Rixson,Flat black,,694,"[74.3, 660.3, 504.2, 672.6]",
135.0,Exterior Storefront Exit Door Pair (PH),False,,"694, 695",0.92,4,,Intermediate Pivot,M19,RF,622,,Rixson,Flat black,,694,"[74.3, 675.9, 504.2, 688.2]",
135.0,Exterior Storefront Exit Door Pair (PH),False,,"694, 695",0.92,1,,Storefront Panic Device,PDU8500-3 CA Bldg Code,RO,BSP,,Rockwood,Black suede powder coat,,694,"[74.3, 691.7, 506.1, 703.9]",
135.0,Exterior Storefront Exit Door Pair (PH),False,,"694, 695",0.92,1,,Storefront Panic Device,PDU8500-3 02 CA Bldg Code,RO,BSP,,Rockwood,Black suede powder coat,,695,"[74.3, 51.4, 506.1, 63.6]",
135.0,Exterior Storefront Exit Door Pair (PH),False,,"694, 695",0.92,1,,Small Format Inter Core,7300B CKC GMK,SA,US4,,Sargent,Satin brass,,695,"[74.3, 67.0, 504.9, 79.2]",
135.0,Exterior Storefront Exit Door Pair (PH),False,,"694, 695",0.92,2,,Surface Closer Unitrol Stop,UNIJ7500 top jamb,NO,BSP,,Norton,Black suede powder coat,,695,"[74.3, 82.7, 506.7, 94.9]",
135.0,Exterior Storefront Exit Door Pair (PH),False,,"694, 695",0.92,2,,Sweep,18062BSPNB,PE,,,Pemko,,,695,"[74.3, 98.3, 503.6, 110.5]",
135.0,Exterior Storefront Exit Door Pair (PH),False,,"694, 695",0.92,1,,Threshold (verify per detail),2727BSP MSES25,PE,,,Pemko,,,695,"[74.3, 114.0, 503.6, 126.2]",
136.0,Exterior Storefront Waiting Door Pair (WDL PH),False,,695,0.91,2,,Pivot Set,195,RF,622,,Rixson,Flat black,,695,"[74.3, 223.5, 504.2, 235.7]",
136.0,Exterior Storefront Waiting Door Pair (WDL PH),False,,695,0.91,1,,Intermediate Pivot,M19,RF,622,,Rixson,Flat black,,695,"[74.3, 239.2, 504.2, 251.4]",
136.0,Exterior Storefront Waiting Door Pair (WDL PH),False,,695,0.91,1,,Electrified Inter Pivot,EM19 QC-8,RF,622,,Rixson,Flat black,,695,"[74.3, 255.9, 504.2, 268.1]",
136.0,Exterior Storefront Waiting Door Pair (WDL PH),False,,695,0.91,1,,Access Control Concealed Vert Rod Exit,IN100-MDPE8678-BIPS B NEMW,SA,BSP,(EAC option),Sargent,Black suede powder coat,,695,"[74.3, 272.5, 504.9, 297.4]",
136.0,Exterior Storefront Waiting Door Pair (WDL PH),False,,695,0.91,1,,"Concealed Vert Rod Exit, Exit Only",55 MDPE8610 EO,SA,BSP,,Sargent,Black suede powder coat,,695,"[74.3, 301.7, 504.9, 314.0]",
136.0,Exterior Storefront Waiting Door Pair (WDL PH),False,,695,0.91,2,,Concealed Closer,PH91NDCP 105 Stop Block,RF,BSP,,Rixson,Black suede powder coat,,695,"[74.3, 318.4, 504.2, 330.6]",
136.0,Exterior Storefront Waiting Door Pair (WDL PH),False,,695,0.91,2,,Sweep,18062BSPNB,PE,,,Pemko,,,695,"[74.3, 334.0, 503.6, 346.2]",
136.0,Exterior Storefront Waiting Door Pair (WDL PH),False,,695,0.91,1,,Threshold (verify per detail),2727BSP MSES25,PE,,,Pemko,,,695,"[74.3, 349.7, 503.6, 362.0]",
136.0,Exterior Storefront Waiting Door Pair (WDL PH),False,,695,0.91,1,,ElectroLynx Door Harness,QC-C300,MK,,,McKinney,,,695,"[74.3, 366.3, 508.6, 378.5]",
136.0,Exterior Storefront Waiting Door Pair (WDL PH),False,,695,0.91,1,,ElectroLynx Frame Harness,QC-C1500P,MK,,,McKinney,,,695,"[74.3, 383.9, 508.6, 396.2]",
137.0,Exterior Garden Storefront Door Pair (WDL),False,,"695, 696",0.92,2,,Pivot Set,195,RF,622,,Rixson,Flat black,,695,"[74.3, 507.2, 504.2, 519.4]",
137.0,Exterior Garden Storefront Door Pair (WDL),False,,"695, 696",0.92,4,,Intermediate Pivot,M19,RF,622,,Rixson,Flat black,,695,"[74.3, 522.8, 504.2, 535.0]",
137.0,Exterior Garden Storefront Door Pair (WDL),False,,"695, 696",0.92,1,,Flush Bolt,2842,RO,BSP,,Rockwood,Black suede powder coat,,695,"[74.3, 538.5, 506.1, 550.7]",
137.0,Exterior Garden Storefront Door Pair (WDL),False,,"695, 696",0.92,1,,Dust Proof Strike,570,RO,BSP,,Rockwood,Black suede powder coat,,695,"[74.3, 554.1, 506.1, 566.3]",
137.0,Exterior Garden Storefront Door Pair (WDL),False,,"695, 696",0.92,1,,Access Control Mort Lock,70 IN100-82278-BIPS LNMW,SA,BSP,,Sargent,Black suede powder coat,,695,"[74.3, 570.8, 504.9, 583.0]",
137.0,Exterior Garden Storefront Door Pair (WDL),False,,"695, 696",0.92,1,,Mortise Cylinder,72 43 verify cam,SA,BSP,,Sargent,Black suede powder coat,,695,"[74.3, 587.4, 504.9, 599.6]",
137.0,Exterior Garden Storefront Door Pair (WDL),False,,"695, 696",0.92,1,,Small Format Inter Core,7300B CKC GMK,SA,US4,,Sargent,Satin brass,,695,"[74.3, 603.1, 504.9, 615.3]",
137.0,Exterior Garden Storefront Door Pair (WDL),False,,"695, 696",0.92,1,,Coordinator,2600 Series (size to opening),RO,Black,,Rockwood,Black,,695,"[74.3, 618.7, 506.1, 630.9]",
137.0,Exterior Garden Storefront Door Pair (WDL),False,,"695, 696",0.92,2,,Concealed Closer,PH91NDCP 105 Stop Block,RF,BSP,,Rixson,Black suede powder coat,,695,"[74.3, 634.4, 504.2, 646.6]",
137.0,Exterior Garden Storefront Door Pair (WDL),False,,"695, 696",0.92,1,,Astragal,355CS,PE,,,Pemko,,,695,"[74.3, 650.0, 503.6, 662.2]",
137.0,Exterior Garden Storefront Door Pair (WDL),False,,"695, 696",0.92,2,,Sweep,18062BSPNB,PE,,,Pemko,,,695,"[74.3, 665.6, 503.6, 677.8]",
137.0,Exterior Garden Storefront Door Pair (WDL),False,,"695, 696",0.92,1,,Threshold (verify per detail),176BSP / 2727BSP MSES25,PE,,,Pemko,,,695,"[74.3, 681.3, 503.6, 693.6]",
138.0,Exterior Storefront Door Pair (ADO-PP ES PH),False,,696,0.92,2,,Pivot Set,195,RF,622,,Rixson,Flat black,,696,"[74.3, 142.2, 504.2, 154.4]",
138.0,Exterior Storefront Door Pair (ADO-PP ES PH),False,,696,0.92,4,,Intermediate Pivot,M19,RF,622,,Rixson,Flat black,,696,"[74.3, 157.9, 504.2, 170.2]",
138.0,Exterior Storefront Door Pair (ADO-PP ES PH),False,,696,0.92,1,,Storefront Panic Device,PDU8500-3 CA Bldg Code,RO,BSP,,Rockwood,Black suede powder coat,,696,"[74.3, 173.5, 506.1, 185.8]",
138.0,Exterior Storefront Door Pair (ADO-PP ES PH),False,,696,0.92,1,,Storefront Panic Device,PDU8500-3 02 CA Bldg Code,RO,BSP,,Rockwood,Black suede powder coat,,696,"[74.3, 189.3, 506.1, 201.5]",
138.0,Exterior Storefront Door Pair (ADO-PP ES PH),False,,696,0.92,1,,Mortise Cylinder,72 43 verify cam,SA,BSP,,Sargent,Black suede powder coat,,696,"[74.3, 204.9, 504.9, 217.1]",
138.0,Exterior Storefront Door Pair (ADO-PP ES PH),False,,696,0.92,1,,Small Format Inter Core,7300B CKC GMK,SA,US4,,Sargent,Satin brass,,696,"[74.3, 220.5, 504.9, 232.7]",
138.0,Exterior Storefront Door Pair (ADO-PP ES PH),False,,696,0.92,1,,Electric Strike,9200W-LMS,HS,BSP,,,Black suede powder coat,,696,"[74.3, 237.2, 504.8, 249.4]",
138.0,Exterior Storefront Door Pair (ADO-PP ES PH),False,,696,0.92,1,,SMART Pac Bridge Rectifier,2005M3,HS,,,,,,696,"[74.3, 254.8, 504.8, 267.0]",
138.0,Exterior Storefront Door Pair (ADO-PP ES PH),False,,696,0.92,1,,Automatic Opener HD Stop Arm,D6061-36 120V (dual-push),NO,BSP,,Norton,Black suede powder coat,,696,"[74.3, 272.5, 506.7, 284.7]",
138.0,Exterior Storefront Door Pair (ADO-PP ES PH),False,,696,0.92,2,,ADO Ext Length Actuator,S-I42-3-PCBLACK,WK,BLK,,,Black,,696,"[74.3, 289.1, 509.2, 301.4]",
138.0,Exterior Storefront Door Pair (ADO-PP ES PH),False,,696,0.92,2,,Sweep,18062BSPNB,PE,,,Pemko,,,696,"[74.3, 304.7, 503.6, 317.0]",
138.0,Exterior Storefront Door Pair (ADO-PP ES PH),False,,696,0.92,1,,Threshold (verify per detail),2727BSP MSES25,PE,,,Pemko,,,696,"[74.3, 320.3, 503.6, 332.6]",
138.0,Exterior Storefront Door Pair (ADO-PP ES PH),False,,696,0.92,1,,ElectroLynx Frame Harness,QC-C1500P,MK,,,McKinney,,,696,"[74.3, 337.0, 508.6, 349.2]",
138.0,Exterior Storefront Door Pair (ADO-PP ES PH),False,,696,0.92,1,,Key Switch (Operator On-Off),MCK-2 Custom finish,AK,,,,,,696,"[74.3, 354.7, 506.7, 366.9]",
139.0,Exterior Storefront Door Pair (ADO-PP CR ES IC PH),False,,"696, 697",0.91,2,,Pivot Set,195,RF,622,,Rixson,Flat black,,696,"[74.3, 465.2, 504.2, 477.4]",
139.0,Exterior Storefront Door Pair (ADO-PP CR ES IC PH),False,,"696, 697",0.91,4,,Intermediate Pivot,M19,RF,622,,Rixson,Flat black,,696,"[74.3, 480.9, 504.2, 493.1]",
139.0,Exterior Storefront Door Pair (ADO-PP CR ES IC PH),False,,"696, 697",0.91,1,,Storefront Panic Device,PDU8500-3 CA Bldg Code,RO,BSP,,Rockwood,Black suede powder coat,,696,"[74.3, 496.5, 506.1, 508.7]",
139.0,Exterior Storefront Door Pair (ADO-PP CR ES IC PH),False,,"696, 697",0.91,1,,Storefront Panic Device,PDU8500-3 02 CA Bldg Code,RO,BSP,,Rockwood,Black suede powder coat,,696,"[74.3, 512.1, 506.1, 524.3]",
139.0,Exterior Storefront Door Pair (ADO-PP CR ES IC PH),False,,"696, 697",0.91,1,,Small Format Inter Core,7300B CKC GMK,SA,US4,,Sargent,Satin brass,,696,"[74.3, 527.8, 504.9, 540.1]",
139.0,Exterior Storefront Door Pair (ADO-PP CR ES IC PH),False,,"696, 697",0.91,1,,Electric Strike,9200W-LMS,HS,BSP,,,Black suede powder coat,,696,"[74.3, 544.4, 504.8, 556.6]",
139.0,Exterior Storefront Door Pair (ADO-PP CR ES IC PH),False,,"696, 697",0.91,1,,SMART Pac Bridge Rectifier,2005M3,HS,,,,,,696,"[74.3, 562.0, 504.8, 574.3]",
139.0,Exterior Storefront Door Pair (ADO-PP CR ES IC PH),False,,"696, 697",0.91,1,,Automatic Opener HD Stop Arm,D6061-36 120V (dual-push),NO,BSP,,Norton,Black suede powder coat,,696,"[74.3, 579.7, 506.7, 591.9]",
139.0,Exterior Storefront Door Pair (ADO-PP CR ES IC PH),False,,"696, 697",0.91,2,,ADO Ext Length Actuator,S-I42-3-PCBLACK,WK,BLK,,,Black,,696,"[74.3, 596.4, 509.2, 608.6]",
139.0,Exterior Storefront Door Pair (ADO-PP CR ES IC PH),False,,"696, 697",0.91,2,,Sweep,18062BSPNB,PE,,,Pemko,,,696,"[74.3, 612.0, 503.6, 624.2]",
139.0,Exterior Storefront Door Pair (ADO-PP CR ES IC PH),False,,"696, 697",0.91,1,,Threshold (verify per detail),2727BSP MSES25,PE,,,Pemko,,,696,"[74.3, 627.7, 503.6, 639.9]",
139.0,Exterior Storefront Door Pair (ADO-PP CR ES IC PH),False,,"696, 697",0.91,1,,ElectroLynx Frame Harness,QC-C1500P,MK,,,McKinney,,,696,"[74.3, 644.3, 508.6, 656.5]",
139.0,Exterior Storefront Door Pair (ADO-PP CR ES IC PH),False,,"696, 697",0.91,2,,Position Switch,DPS-M-BK,SU,,,Securitron,,,696,"[74.3, 661.9, 504.9, 674.1]",
139.0,Exterior Storefront Door Pair (ADO-PP CR ES IC PH),False,,"696, 697",0.91,1,,Intercom,Furnished by Security Contractor,OT,,,,,,696,"[74.3, 678.6, 505.4, 690.8]",
139.0,Exterior Storefront Door Pair (ADO-PP CR ES IC PH),False,,"696, 697",0.91,1,,Card Reader,Furnished by Security Contractor,HD,,,,,,696,"[74.3, 694.2, 506.7, 706.4]",
139.0,Exterior Storefront Door Pair (ADO-PP CR ES IC PH),False,,"696, 697",0.91,1,,PIR Detector,Furnished by Security Contractor,AK,,,,,,697,"[74.3, 52.3, 506.7, 64.5]",
139.0,Exterior Storefront Door Pair (ADO-PP CR ES IC PH),False,,"696, 697",0.91,1,,Power Supply,Furnished by Security Contractor,SU,,,Securitron,,,697,"[74.3, 70.0, 504.9, 82.2]",
140.0,Exterior Storefront Door Pair (ADO-PP CR ES IC PH),False,,"697, 698",0.91,2,,Pivot Set,195,RF,622,,Rixson,Flat black,,697,"[74.3, 332.3, 504.2, 344.6]",
140.0,Exterior Storefront Door Pair (ADO-PP CR ES IC PH),False,,"697, 698",0.91,4,,Intermediate Pivot,M19,RF,622,,Rixson,Flat black,,697,"[74.3, 348.1, 504.2, 360.3]",
140.0,Exterior Storefront Door Pair (ADO-PP CR ES IC PH),False,,"697, 698",0.91,1,,Storefront Panic Device,PDU8500-3 CA Bldg Code,RO,BSP,,Rockwood,Black suede powder coat,,697,"[74.3, 363.7, 506.1, 375.9]",
140.0,Exterior Storefront Door Pair (ADO-PP CR ES IC PH),False,,"697, 698",0.91,1,,Storefront Panic Device,PDU8500-3 02 CA Bldg Code,RO,BSP,,Rockwood,Black suede powder coat,,697,"[74.3, 379.3, 506.1, 391.5]",
140.0,Exterior Storefront Door Pair (ADO-PP CR ES IC PH),False,,"697, 698",0.91,1,,Small Format Inter Core,7300B CKC GMK,SA,US4,,Sargent,Satin brass,,697,"[74.3, 395.0, 504.9, 407.2]",
140.0,Exterior Storefront Door Pair (ADO-PP CR ES IC PH),False,,"697, 698",0.91,1,,Electric Strike,9200W-LMS,HS,BSP,,,Black suede powder coat,,697,"[74.3, 411.6, 504.8, 423.8]",
140.0,Exterior Storefront Door Pair (ADO-PP CR ES IC PH),False,,"697, 698",0.91,1,,SMART Pac Bridge Rectifier,2005M3,HS,,,,,,697,"[74.3, 429.2, 504.8, 441.4]",
140.0,Exterior Storefront Door Pair (ADO-PP CR ES IC PH),False,,"697, 698",0.91,1,,Automatic Opener HD Stop Arm,"D6061-36 120V (dual-push) BPS-IG-xx""-CRD RDR & IC",NO,BSP,,Norton,Black suede powder coat,,697,"[74.3, 446.8, 506.7, 475.7]",
140.0,Exterior Storefront Door Pair (ADO-PP CR ES IC PH),False,,"697, 698",0.91,1,,Bollard (exterior),PCBLACK (custom height),WK,BLK,,,Black,,697,"[74.3, 469.9, 509.2, 488.3]",
140.0,Exterior Storefront Door Pair (ADO-PP CR ES IC PH),False,,"697, 698",0.91,1,,Bollard (interior),"BPS-IG-36""-PCBLACK",WE,BLK,,,Black,,697,"[74.3, 491.8, 508.0, 504.1]",
140.0,Exterior Storefront Door Pair (ADO-PP CR ES IC PH),False,,"697, 698",0.91,2,,ADO Ext Length Actuator,S-I42-3-PCBLACK,WK,BLK,,,Black,,697,"[74.3, 507.4, 509.2, 519.7]",
140.0,Exterior Storefront Door Pair (ADO-PP CR ES IC PH),False,,"697, 698",0.91,2,,Sweep,18062BSPNB,PE,,,Pemko,,,697,"[74.3, 523.2, 503.6, 535.4]",
140.0,Exterior Storefront Door Pair (ADO-PP CR ES IC PH),False,,"697, 698",0.91,1,,Threshold (verify per detail),2727BSP MSES25,PE,,,Pemko,,,697,"[74.3, 538.8, 503.6, 551.0]",
140.0,Exterior Storefront Door Pair (ADO-PP CR ES IC PH),False,,"697, 698",0.91,1,,ElectroLynx Frame Harness,QC-C1500P,MK,,,McKinney,,,697,"[74.3, 555.4, 508.6, 567.7]",
140.0,Exterior Storefront Door Pair (ADO-PP CR ES IC PH),False,,"697, 698",0.91,2,,Position Switch,DPS-M-BK,SU,,,Securitron,,,697,"[74.3, 573.1, 504.9, 585.3]",
140.0,Exterior Storefront Door Pair (ADO-PP CR ES IC PH),False,,"697, 698",0.91,1,,Intercom,Furnished by Security Contractor,OT,,,,,,697,"[74.3, 589.7, 505.4, 601.9]",
140.0,Exterior Storefront Door Pair (ADO-PP CR ES IC PH),False,,"697, 698",0.91,1,,Card Reader,Furnished by Security Contractor,HD,,,,,,697,"[74.3, 605.4, 506.7, 617.6]",
140.0,Exterior Storefront Door Pair (ADO-PP CR ES IC PH),False,,"697, 698",0.91,1,,PIR Detector,Furnished by Security Contractor,AK,,,,,,697,"[74.3, 621.9, 506.7, 634.2]",
140.0,Exterior Storefront Door Pair (ADO-PP CR ES IC PH),False,,"697, 698",0.91,1,,Power Supply,Furnished by Security Contractor,SU,,,Securitron,,,697,"[74.3, 639.6, 504.9, 651.8]",
141.0,Exterior Storefront Patio Door,False,,698,0.71,1,,Specialty Door,Hardware is furnished complete by Vendor,00,,,,,,698,"[74.3, 243.5, 501.8, 268.4]",mfr
142.0,Storefront Folding / Sliding System,False,,698,0.71,1,,Specialty Door,Hardware is furnished complete by Vendor,00,,,,,,698,"[74.3, 334.4, 501.8, 359.3]",mfr
142.1,Automatic Sliding Entrance (AO CR IC PH),False,,698,0.91,1,,Mortise Cylinder,72 43 verify cam,SA,BSP,,Sargent,Black suede powder coat,,698,"[74.3, 425.4, 504.9, 437.6]",
142.1,Automatic Sliding Entrance (AO CR IC PH),False,,698,0.91,1,,Small Format Inter Core,7300B CKC GMK,SA,US4,,Sargent,Satin brass,,698,"[74.3, 441.0, 504.9, 453.2]",
142.1,Automatic Sliding Entrance (AO CR IC PH),False,,698,0.91,1,,Intercom,Furnished by Security Contractor,OT,,,,,,698,"[74.3, 456.6, 505.4, 468.8]",
142.1,Automatic Sliding Entrance (AO CR IC PH),False,,698,0.91,1,,Card Reader,Furnished by Security Contractor,HD,,,,,,698,"[74.3, 472.3, 506.7, 484.5]",
143.0,Site Entry Gate (CR ES),False,,"698, 699",0.91,2,,Sure Close Gate Hinge,74108325T,DD,,,,,,698,"[74.3, 595.4, 506.7, 607.6]",
143.0,Site Entry Gate (CR ES),False,,"698, 699",0.91,1,,Storeroom/Closet Lock,72 8204 LNMW,SA,BSP,,Sargent,Black suede powder coat,,698,"[74.3, 612.1, 504.9, 624.3]",
143.0,Site Entry Gate (CR ES),False,,"698, 699",0.91,1,,Small Format Inter Core,7300B CKC GMK,SA,US4,,Sargent,Satin brass,,698,"[74.3, 627.7, 504.9, 639.9]",
143.0,Site Entry Gate (CR ES),False,,"698, 699",0.91,1,,Electric Strike,1500C-LMS,HS,BSP,,,Black suede powder coat,,698,"[74.3, 644.4, 504.8, 656.6]",
143.0,Site Entry Gate (CR ES),False,,"698, 699",0.91,1,,Buzzer,2006M,HS,,,,,,698,"[74.3, 662.0, 504.8, 674.2]",
143.0,Site Entry Gate (CR ES),False,,"698, 699",0.91,1,,SMART Pac Bridge Rectifier,2005M3,HS,,,,,,698,"[74.3, 679.7, 504.8, 691.9]",
143.0,Site Entry Gate (CR ES),False,,"698, 699",0.91,1,,Gate Stop,7403,DD,BLK,,,Black,,698,"[74.3, 697.3, 506.7, 709.5]",
143.0,Site Entry Gate (CR ES),False,,"698, 699",0.91,1,,ElectroLynx Frame Harness,QC-C1500P,MK,,,McKinney,,,699,"[74.3, 52.3, 508.6, 64.5]",
143.0,Site Entry Gate (CR ES),False,,"698, 699",0.91,1,,Position Switch,DPS-M-BK,SU,,,Securitron,,,699,"[74.3, 70.0, 504.9, 82.2]",
143.0,Site Entry Gate (CR ES),False,,"698, 699",0.91,1,,Card Reader,Furnished by Security Contractor,HD,,,,,,699,"[74.3, 86.7, 506.7, 98.9]",
143.0,Site Entry Gate (CR ES),False,,"698, 699",0.91,1,,Power Supply,Furnished by Security Contractor,SU,,,Securitron,,,699,"[74.3, 103.3, 504.9, 115.6]",
144.0,Site Exit Gate (CR ES PH),False,,699,0.91,2,,Sure Close Gate Hinge,74108325T,DD,,,,,,699,"[74.3, 227.4, 506.7, 239.6]",
144.0,Site Exit Gate (CR ES PH),False,,699,0.91,1,,"Rim Exit Device, Weatherized",CPC WH 43 5CH 72 8806 ETP,SA,US32D,,Sargent,Satin stainless,,699,"[74.3, 244.1, 504.9, 256.4]",
144.0,Site Exit Gate (CR ES PH),False,,699,0.91,1,,Small Format Inter Core,7300B CKC GMK,SA,US15,,Sargent,Satin nickel,,699,"[74.3, 259.7, 504.9, 272.0]",
144.0,Site Exit Gate (CR ES PH),False,,699,0.91,1,,Electric Strike,9600-LBSM,HS,BSP,,,Black suede powder coat,,699,"[74.3, 276.4, 504.8, 288.6]",
144.0,Site Exit Gate (CR ES PH),False,,699,0.91,1,,Buzzer,2006M,HS,,,,,,699,"[74.3, 294.1, 504.8, 306.3]",
144.0,Site Exit Gate (CR ES PH),False,,699,0.91,1,,SMART Pac Bridge Rectifier,2005M3,HS,,,,,,699,"[74.3, 311.7, 504.8, 323.9]",
144.0,Site Exit Gate (CR ES PH),False,,699,0.91,1,,Gate Stop,7403,DD,BLK,,,Black,,699,"[74.3, 329.3, 506.7, 341.6]",
144.0,Site Exit Gate (CR ES PH),False,,699,0.91,1,,ElectroLynx Frame Harness,QC-C1500P,MK,,,McKinney,,,699,"[74.3, 347.0, 508.6, 359.2]",
144.0,Site Exit Gate (CR ES PH),False,,699,0.91,1,,Position Switch,DPS-M-BK,SU,,,Securitron,,,699,"[74.3, 364.6, 504.9, 376.8]",
144.0,Site Exit Gate (CR ES PH),False,,699,0.91,1,,Card Reader,Furnished by Security Contractor,HD,,,,,,699,"[74.3, 381.2, 506.7, 393.4]",
144.0,Site Exit Gate (CR ES PH),False,,699,0.91,1,,Power Supply,Furnished by Security Contractor,SU,,,Securitron,,,699,"[74.3, 397.9, 504.9, 410.1]",
145.0,WI Gate,False,,699,0.67,,,Specialty Door,Hardware is furnished complete by Vendor,00,,,,,,699,"[88.3, 521.1, 501.8, 545.9]",mfr
146.0,Motorized Vehicle Gate,False,,699,0.67,,,Specialty Door,Hardware is furnished complete by Vendor,00,,,,,,699,"[88.3, 643.3, 501.8, 668.1]",mfr
147.0,Access Panel,False,,700,0.67,,,Specialty Door,Hardware is furnished complete by Vendor,00,,,,,,700,"[88.3, 98.3, 501.8, 123.2]",mfr
148.0,Unit Laundry Door Pairs,False,,700,0.67,,,Specialty Door,Hardware is furnished complete by Vendor,00,,,,,,700,"[88.3, 189.3, 501.8, 214.1]",mfr
149.0,"OH, Garage Section Door",False,,700,0.67,,,Specialty Door,Hardware is furnished complete by Vendor,00,,,,,,700,"[88.3, 280.1, 501.8, 305.1]",mfr
150.0,Eliason Traffic Doors,False,,700,0.67,,,Specialty Door,Hardware is furnished complete by Vendor,00,,,,,,700,"[88.3, 371.1, 501.8, 395.9]",mfr
151.0,TBD,False,,700,0.67,,,Specialty Door,Hardware is furnished complete by Vendor,00,,,,,,700,"[88.3, 462.0, 501.8, 486.8]",mfr
MISC,Misc to furnish,False,,700,0.9,,,Hub (type & number as required),AH20W14 by Security Contractor,SA,,,Sargent,,,700,"[74.3, 553.9, 504.9, 566.1]",
MISC,Misc to furnish,False,,700,0.9,10,,Power Supply,AQL104-E1,SU,,,Securitron,,,700,"[74.3, 571.5, 504.9, 583.8]",
MISC,Misc to furnish,False,,700,0.9,1,,Key Cabinet,AWC450-S,TK,GRY,,,Gray,,700,"[74.3, 588.1, 505.5, 600.3]",
MISC,Misc to furnish,False,,700,0.9,1,,Knox Box,3200R (quantity per drawings),KN,,,,,,700,"[74.3, 603.8, 506.7, 616.0]",
