set_number,set_description,not_used,doors,set_pages,set_confidence,qty,unit,description,catalog_number,mfr,finish,notes,mfr_name,finish_name,electrified,component_page,component_bbox,low_confidence_fields
001,,False,,"20, 21",0.93,2,EA,PIVOT SET,7226 SET,IVE,626,,Ives,Satin chrome,False,20,"[80.1, 525.1, 528.0, 536.2]",
001,,False,,"20, 21",0.93,4,EA,INTERMEDIATE PIVOT,7226 INT,IVE,626,,Ives,Satin chrome,False,20,"[80.1, 538.6, 528.0, 549.7]",
001,,False,,"20, 21",0.93,2,EA,POWER TRANSFER,EPT10 CON,VON,689,,Von Duprin,Aluminum painted,True,20,"[80.1, 552.1, 533.6, 563.2]",
001,,False,,"20, 21",0.93,1,EA,ELEC PANIC HARDWARE,LXRX-LC-QEL-9849-EO W/CYL HOLE-CON-SNB 24 VDC,VON,630,,Von Duprin,Satin stainless steel,True,20,"[80.1, 565.6, 533.6, 588.1]",
001,,False,,"20, 21",0.93,1,EA,ELEC PANIC HARDWARE,LXRX-LC-QEL-9849-EO-CON- SNB 24 VDC,VON,630,,Von Duprin,Satin stainless steel,True,20,"[80.1, 590.6, 533.6, 613.2]",
001,,False,,"20, 21",0.93,1,EA,RIM CYLINDER,IE72-PATD - AS REQUIRED - PROVIDE BRASS CONSTRUCTION CORE,BES,626,,Best,Satin chrome,False,20,"[80.1, 615.6, 532.0, 649.7]",
001,,False,,"20, 21",0.93,1,EA,PERMANENT CORE - COMBINATED,1C72,BES,626,,Best,Satin chrome,False,20,"[80.1, 652.0, 532.0, 674.7]",
001,,False,,"20, 21",0.93,2,EA,LONG DOOR PULL,"9264F 72"" O",IVE,630-316,,Ives,,False,20,"[80.1, 677.1, 528.0, 699.6]",
001,,False,,"20, 21",0.93,2,EA,OH STOP,100SE,GLY,630,,Glynn-Johnson,Satin stainless steel,False,20,"[80.1, 702.1, 531.3, 713.2]",
001,,False,,"20, 21",0.93,,EA,AUTOMATIC OPERATOR,BY RELATED SECTION 08 71 13,B/O,,,By Others,,True,21,"[112.0, 58.1, 529.1, 80.6]",
001,,False,,"20, 21",0.93,,EA,WAVE ACTUATOR,BY RELATED SECTION 08 71 13,B/O,,,By Others,,True,21,"[112.0, 83.0, 529.1, 105.7]",
001,,False,,"20, 21",0.93,1,EA,RAIN DRIP,142AA - AS REQUIRED,ZER,AA,,Zero International,Anodized aluminum,False,21,"[80.1, 108.0, 531.9, 119.1]",
001,,False,,"20, 21",0.93,,,SEALS,BY DOOR / FRAME MANUFACTURER,,,,,,False,21,"[141.9, 121.6, 359.7, 144.2]",
001,,False,,"20, 21",0.93,2,EA,DOOR SWEEP,39A,ZER,A,,Zero International,Anodized aluminum,False,21,"[80.1, 146.5, 531.9, 157.6]",
001,,False,,"20, 21",0.93,1,EA,THRESHOLD,657A-E-V3-NH-226,ZER,A,,Zero International,Anodized aluminum,False,21,"[80.1, 160.1, 531.9, 171.2]",
001,,False,,"20, 21",0.93,2,EA,WIRE HARNESS - IN DOOR,CON - LENGTH AS REQUIRED - FROM LOCK TO EPT,SCH,,,Schlage,,True,21,"[80.1, 173.5, 533.0, 196.2]",
001,,False,,"20, 21",0.93,2,EA,WIRE HARNESS CONNECTOR - IN FRAME,CON - 6W - FROM CON TO POWER SUPPLY,SCH,,,Schlage,,True,21,"[80.1, 198.5, 533.0, 232.6]",
001,,False,,"20, 21",0.93,1,EA,MULTITECH CREDENTIAL READER,PROVIDED BY DIV 28 - MTB15 OR MTB11 AS REQUIRED,SCE,BLK,,Schlage Electronics,Black,True,21,"[80.1, 260.1, 532.5, 282.7]",
001,,False,,"20, 21",0.93,2,EA,DOOR POSITION SWITCH - AS REQUIRED,BY DIVISION 28,B/O,,,By Others,,True,21,"[80.1, 285.0, 529.1, 307.7]",
001,,False,,"20, 21",0.93,1,EA,POWER SUPPLY,"PS904 900-4RL-FA 900-BBK 120/240 VAC [BULLETIN 023, 251218]",VON,,,Von Duprin,,True,21,"[80.1, 310.0, 533.6, 344.1]",
001,,False,,"20, 21",0.93,1,,DIAGRAMS,PROVIDE FACTORY POINT TO POINT WIRING DIAGRAMS,,,,,,False,21,"[80.1, 346.6, 414.3, 369.1]",
002,,False,,"21, 22",0.92,2,EA,PIVOT SET,7226 SET,IVE,626,,Ives,Satin chrome,False,21,"[80.1, 600.6, 528.0, 611.7]",
002,,False,,"21, 22",0.92,4,EA,INTERMEDIATE PIVOT,7226 INT,IVE,626,,Ives,Satin chrome,False,21,"[80.1, 614.1, 528.0, 625.2]",
002,,False,,"21, 22",0.92,2,EA,POWER TRANSFER,EPT10 CON,VON,689,,Von Duprin,Aluminum painted,True,21,"[80.1, 627.6, 533.6, 638.7]",
002,,False,,"21, 22",0.92,1,EA,ELEC PANIC HARDWARE,LXRX-LC-QEL-9849-EO W/CYL HOLE-CON-SNB 24 VDC,VON,630,,Von Duprin,Satin stainless steel,True,21,"[80.1, 641.1, 533.6, 663.6]",
002,,False,,"21, 22",0.92,1,EA,ELEC PANIC HARDWARE,LXRX-LC-QEL-9849-EO-CON- SNB 24 VDC,VON,630,,Von Duprin,Satin stainless steel,True,21,"[80.1, 666.1, 533.6, 688.7]",
002,,False,,"21, 22",0.92,1,EA,RIM CYLINDER,IE72-PATD - AS REQUIRED - PROVIDE BRASS CONSTRUCTION CORE,BES,626,,Best,Satin chrome,False,22,"[80.1, 69.5, 532.0, 103.6]",
002,,False,,"21, 22",0.92,1,EA,PERMANENT CORE - COMBINATED,1C72,BES,626,,Best,Satin chrome,False,22,"[80.1, 106.1, 532.0, 128.6]",
002,,False,,"21, 22",0.92,2,EA,LONG DOOR PULL,"9264F 72"" O",IVE,630-316,,Ives,,False,22,"[80.1, 131.0, 528.0, 153.7]",
002,,False,,"21, 22",0.92,2,EA,OH STOP,100SE,GLY,630,,Glynn-Johnson,Satin stainless steel,False,22,"[80.1, 156.0, 531.3, 167.1]",
002,,False,,"21, 22",0.92,,EA,AUTOMATIC OPERATOR,BY RELATED SECTION 08 71 13,B/O,,,By Others,,True,22,"[108.5, 169.6, 529.1, 192.2]",
002,,False,,"21, 22",0.92,,EA,WAVE ACTUATOR,BY RELATED SECTION 08 71 13,B/O,,,By Others,,True,22,"[108.5, 194.5, 529.1, 217.2]",
002,,False,,"21, 22",0.92,,,SEALS,BY DOOR / FRAME MANUFACTURER,,,,,,False,22,"[141.9, 219.5, 359.7, 242.1]",
002,,False,,"21, 22",0.92,2,EA,WIRE HARNESS - IN DOOR,CON - LENGTH AS REQUIRED - FROM LOCK TO EPT,SCH,,,Schlage,,True,22,"[80.1, 244.6, 533.0, 267.2]",
002,,False,,"21, 22",0.92,2,EA,WIRE HARNESS CONNECTOR - IN FRAME,CON - 6W - FROM CON TO POWER SUPPLY,SCH,,,Schlage,,True,22,"[80.1, 269.6, 533.0, 303.7]",
002,,False,,"21, 22",0.92,1,EA,MULTITECH CREDENTIAL READER,PROVIDED BY DIV 28 - MTB15 OR MTB11 AS REQUIRED,SCE,BLK,,Schlage Electronics,Black,True,22,"[80.1, 331.0, 532.5, 353.6]",
002,,False,,"21, 22",0.92,2,EA,DOOR POSITION SWITCH - AS REQUIRED,BY DIVISION 28,B/O,,,By Others,,True,22,"[80.1, 356.1, 529.1, 378.7]",
002,,False,,"21, 22",0.92,1,EA,POWER SUPPLY DIAGRAMS,"PS904 900-4RL-FA 900-BBK 120/240 VAC [BULLETIN 023, 251218] PROVIDE FACTORY POINT TO POINT WIRING DIAGRAMS",VON,,,Von Duprin,,True,22,"[80.1, 381.0, 533.6, 440.2]",
003,,False,,"22, 23",0.94,3,EA,HEAVYWEIGHT HINGE,5BB1HW 4.5 X 4.5 NRP,IVE,630,,Ives,Satin stainless steel,False,22,"[80.1, 683.1, 528.0, 694.2]",
003,,False,,"22, 23",0.94,1,EA,POWER TRANSFER,EPT10 CON,VON,689,,Von Duprin,Aluminum painted,True,22,"[80.1, 696.6, 533.6, 707.7]",
003,,False,,"22, 23",0.94,1,EA,STORE ROOM LOCK - RX,9K37D 15D RQE - PROVIDE BRASS CONSTRUCTION CORE -,BES,626,,Best,Satin chrome,True,23,"[80.1, 69.5, 532.0, 115.2]",
003,,False,,"22, 23",0.94,1,EA,PERMANENT CORE - COMBINATED,1C72,BES,626,,Best,Satin chrome,False,23,"[80.1, 117.5, 532.0, 140.1]",
003,,False,,"22, 23",0.94,1,EA,SURFACE CLOSER,4040XP SCUSH SRI TBSRT,LCN,689,,LCN,Aluminum painted,False,23,"[80.1, 142.6, 531.9, 153.7]",
003,,False,,"22, 23",0.94,1,EA,PA MOUNTING PLATE - AS REQUIRED,4040XP-18PA SRT,LCN,689,,LCN,Aluminum painted,False,23,"[80.1, 156.0, 531.9, 178.6]",
003,,False,,"22, 23",0.94,1,EA,CUSH SHOE SUPPORT - AS REQUIRED,4040XP-30 SRT,LCN,689,,LCN,Aluminum painted,False,23,"[80.1, 181.1, 531.9, 203.6]",
003,,False,,"22, 23",0.94,1,EA,STEEL COVER SCREWS,4040XP-31,LCN,689,,LCN,Aluminum painted,False,23,"[80.1, 206.0, 531.9, 217.2]",
003,,False,,"22, 23",0.94,1,EA,BLADE STOP SPACER - AS REQUIRED,4040XP-61 SRT,LCN,689,,LCN,Aluminum painted,False,23,"[80.1, 219.5, 531.9, 242.1]",
003,,False,,"22, 23",0.94,1,EA,RAIN DRIP,142AA - AS REQUIRED,ZER,AA,,Zero International,Anodized aluminum,False,23,"[80.1, 244.6, 531.9, 255.7]",
003,,False,,"22, 23",0.94,,,SEALS,BY DOOR / FRAME MANUFACTURER,,,,,,False,23,"[141.9, 258.0, 359.7, 280.7]",
003,,False,,"22, 23",0.94,1,EA,DOOR SWEEP,39A,ZER,A,,Zero International,Anodized aluminum,False,23,"[80.1, 283.1, 531.9, 294.2]",
003,,False,,"22, 23",0.94,1,EA,THRESHOLD,655A-E-V3-226,ZER,A,,Zero International,Anodized aluminum,False,23,"[80.1, 296.6, 531.9, 307.7]",
003,,False,,"22, 23",0.94,1,EA,WIRE HARNESS - IN DOOR,CON - LENGTH AS REQUIRED - FROM LOCK TO EPT,SCH,,,Schlage,,True,23,"[80.1, 310.0, 533.0, 332.6]",
003,,False,,"22, 23",0.94,1,EA,WIRE HARNESS CONNECTOR - IN FRAME,CON - 6W - FROM CON TO POWER SUPPLY,SCH,,,Schlage,,True,23,"[80.1, 335.1, 533.0, 369.1]",
003,,False,,"22, 23",0.94,1,EA,POWER SUPPLY - AS REQUIRED,"BY DIVISION 28 [BULLETIN 023, 251218]",B/O,,,By Others,,True,23,"[80.1, 371.6, 529.7, 394.2]",
003,,False,,"22, 23",0.94,1,EA,DOOR POSITION SWITCH - AS REQUIRED,BY DIVISION 28,B/O,,,By Others,,True,23,"[80.1, 396.5, 529.1, 419.1]",
004,,False,,"23, 24",0.94,3,EA,HEAVYWEIGHT HINGE,5BB1HW 4.5 X 4.5 NRP,IVE,630,,Ives,Satin stainless steel,False,23,"[80.1, 666.1, 528.0, 677.2]",
004,,False,,"23, 24",0.94,1,EA,POWER TRANSFER,EPT10 CON,VON,689,,Von Duprin,Aluminum painted,True,23,"[80.1, 679.5, 533.6, 690.6]",
004,,False,,"23, 24",0.94,1,EA,ELEC PANIC HARDWARE,"LD-WPRX-OUT-98-EO-EMB ""PUSH""-WH-CON-SNB",VON,630,,Von Duprin,Satin stainless steel,True,24,"[80.1, 69.5, 533.6, 92.1]",
004,,False,,"23, 24",0.94,1,EA,SURFACE CLOSER,4040XP REG TBSRT/ 4040XP EDA TBSRT - AS REQUIRED,LCN,689,,LCN,Aluminum painted,False,24,"[80.1, 94.6, 531.9, 117.2]",
004,,False,,"23, 24",0.94,1,EA,WALL STOP,WS401/402CCV,IVE,626,,Ives,Satin chrome,False,24,"[80.1, 119.5, 528.0, 130.6]",
004,,False,,"23, 24",0.94,1,EA,RAIN DRIP,142AA - AS REQUIRED,ZER,AA,,Zero International,Anodized aluminum,False,24,"[80.1, 133.1, 531.9, 144.2]",
004,,False,,"23, 24",0.94,1,,SEALS,BY DOOR / FRAME MANUFACTURER,,,,,,False,24,"[80.1, 146.5, 359.7, 169.2]",
004,,False,,"23, 24",0.94,1,EA,DOOR SWEEP,39A,ZER,A,,Zero International,Anodized aluminum,False,24,"[80.1, 171.5, 531.9, 182.6]",
004,,False,,"23, 24",0.94,1,EA,THRESHOLD,656A-E-V3-W/HOLES-226,ZER,A,,Zero International,Anodized aluminum,False,24,"[80.1, 185.0, 531.9, 196.2]",
004,,False,,"23, 24",0.94,1,EA,WIRE HARNESS - IN DOOR,CON - LENGTH AS REQUIRED - FROM LOCK TO EPT,SCH,,,Schlage,,True,24,"[80.1, 198.5, 533.0, 221.1]",
004,,False,,"23, 24",0.94,1,EA,WIRE HARNESS CONNECTOR - IN FRAME,CON - 6W - FROM CON TO POWER SUPPLY,SCH,,,Schlage,,True,24,"[80.1, 223.6, 533.0, 257.6]",
004,,False,,"23, 24",0.94,1,EA,MULTITECH CREDENTIAL READER,"PROVIDED BY DIV 28 - MTB15 OR MTB11 AS REQUIRED [BULLETIN 023, 251218]",SCE,BLK,,Schlage Electronics,Black,True,24,"[80.1, 260.1, 532.5, 294.2]",
004,,False,,"23, 24",0.94,1,EA,DOOR POSITION SWITCH - AS REQUIRED,BY DIVISION 28,B/O,,,By Others,,True,24,"[80.1, 296.6, 529.1, 319.2]",
004,,False,,"23, 24",0.94,1,EA,CREDENTIAL POWER SUPPLY,"BY DIVISION 28 [BULLETIN 023, 251218]",B/O,,,By Others,,True,24,"[80.1, 321.5, 529.7, 344.1]",
006,,False,,"24, 25",0.93,1,EA,PIVOT SET,7226 SET,IVE,626,,Ives,Satin chrome,False,24,"[80.1, 568.0, 528.0, 579.1]",
006,,False,,"24, 25",0.93,2,EA,INTERMEDIATE PIVOT,7226 INT,IVE,626,,Ives,Satin chrome,False,24,"[80.1, 581.6, 528.0, 592.7]",
006,,False,,"24, 25",0.93,1,EA,POWER TRANSFER,EPT10 CON,VON,689,,Von Duprin,Aluminum painted,True,24,"[80.1, 595.0, 533.6, 606.2]",
006,,False,,"24, 25",0.93,1,EA,ELEC PANIC HARDWARE,LXRX-LC-QEL-98-NL-CON-SNB 24 VDC,VON,630,,Von Duprin,Satin stainless steel,True,24,"[80.1, 608.6, 533.6, 631.2]",
006,,False,,"24, 25",0.93,1,EA,RIM CYLINDER,IE72-PATD - AS REQUIRED - PROVIDE BRASS CONSTRUCTION CORE,BES,626,,Best,Satin chrome,False,24,"[80.1, 633.6, 532.0, 667.7]",
006,,False,,"24, 25",0.93,1,EA,PERMANENT CORE - COMBINATED,1C72,BES,626,,Best,Satin chrome,False,24,"[80.1, 670.0, 532.0, 692.7]",
006,,False,,"24, 25",0.93,1,EA,SURFACE CLOSER,4040XP SCUSH SRI TBSRT,LCN,689,,LCN,Aluminum painted,False,24,"[80.1, 695.1, 531.9, 706.2]",
006,,False,,"24, 25",0.93,1,EA,PA MOUNTING PLATE - AS REQUIRED,4040XP-18PA SRT,LCN,689,,LCN,Aluminum painted,False,25,"[80.1, 69.5, 531.9, 92.1]",
006,,False,,"24, 25",0.93,1,EA,CUSH SHOE SUPPORT - AS REQUIRED,4040XP-30 SRT,LCN,689,,LCN,Aluminum painted,False,25,"[80.1, 94.6, 531.9, 117.2]",
006,,False,,"24, 25",0.93,1,EA,STEEL COVER SCREWS,4040XP-31,LCN,689,,LCN,Aluminum painted,False,25,"[80.1, 119.5, 531.9, 130.6]",
006,,False,,"24, 25",0.93,1,EA,BLADE STOP SPACER - AS REQUIRED,4040XP-61 SRT,LCN,689,,LCN,Aluminum painted,False,25,"[80.1, 133.1, 531.9, 155.6]",
006,,False,,"24, 25",0.93,,,SEALS,BY DOOR / FRAME MANUFACTURER,,,,,,False,25,"[141.9, 158.0, 359.7, 180.7]",
006,,False,,"24, 25",0.93,1,EA,DOOR SWEEP,39A,ZER,A,,Zero International,Anodized aluminum,False,25,"[80.1, 183.0, 531.9, 194.1]",
006,,False,,"24, 25",0.93,1,EA,THRESHOLD,656A-E-V3-W/HOLES-226,ZER,A,,Zero International,Anodized aluminum,False,25,"[80.1, 196.6, 531.9, 207.7]",
006,,False,,"24, 25",0.93,1,EA,WIRE HARNESS - IN DOOR,CON - LENGTH AS REQUIRED - FROM LOCK TO EPT,SCH,,,Schlage,,True,25,"[80.1, 210.0, 533.0, 232.6]",
006,,False,,"24, 25",0.93,1,EA,WIRE HARNESS CONNECTOR - IN FRAME,CON - 6W - FROM CON TO POWER SUPPLY,SCH,,,Schlage,,True,25,"[80.1, 235.1, 533.0, 269.1]",
006,,False,,"24, 25",0.93,1,EA,MULTITECH CREDENTIAL READER,PROVIDED BY DIV 28 - MTB15 OR MTB11 AS REQUIRED,SCE,BLK,,Schlage Electronics,Black,True,25,"[80.1, 296.6, 532.5, 319.2]",
006,,False,,"24, 25",0.93,1,EA,DOOR POSITION SWITCH - AS REQUIRED,BY DIVISION 28,B/O,,,By Others,,True,25,"[80.1, 321.5, 529.1, 344.1]",
006,,False,,"24, 25",0.93,1,EA,POWER SUPPLY,"PS904 900-4RL-FA 900-BBK 120/240 VAC [BULLETIN 023, 251218]",VON,,,Von Duprin,,True,25,"[80.1, 346.6, 533.6, 380.6]",
008,,False,,"25, 26",0.94,3,EA,HEAVYWEIGHT HINGE,5BB1HW 4.5 X 4.5 NRP,IVE,630,,Ives,Satin stainless steel,False,25,"[80.1, 543.1, 528.0, 554.2]",
008,,False,,"25, 26",0.94,1,EA,POWER TRANSFER,EPT10 CON,VON,689,,Von Duprin,Aluminum painted,True,25,"[80.1, 556.5, 533.6, 567.6]",
008,,False,,"25, 26",0.94,1,EA,INTEGRATED LOCK,AD-300-CY-70-MT-RHO-B 12/24 VDC,SCE,626,,Schlage Electronics,Satin chrome,True,25,"[80.1, 570.1, 532.5, 592.7]",
008,,False,,"25, 26",0.94,1,EA,SFIC CONST. CORE - CONSTRUCTION PHASE,80-035 GRN,SCH,,,Schlage,,False,25,"[80.1, 595.0, 533.0, 617.7]",
008,,False,,"25, 26",0.94,1,EA,PERMANENT CORE - COMBINATED,1C72,BES,626,,Best,Satin chrome,False,25,"[80.1, 620.1, 532.0, 642.6]",
008,,False,,"25, 26",0.94,1,EA,SURFACE CLOSER,4040XP SCUSH SRI TBSRT,LCN,689,,LCN,Aluminum painted,False,25,"[80.1, 645.1, 531.9, 656.2]",
008,,False,,"25, 26",0.94,1,EA,ARMOR PLATE - AS REQUIRED,"8400/8402 34"" HIGH LDW B-CS",IVE,630,,Ives,Satin stainless steel,False,25,"[80.1, 658.5, 528.0, 681.2]",
008,,False,,"25, 26",0.94,1,EA,RAIN DRIP,142AA - AS REQUIRED,ZER,AA,,Zero International,Anodized aluminum,False,25,"[80.1, 683.6, 531.9, 694.7]",
008,,False,,"25, 26",0.94,1,EA,GASKETING SET,188SBK PSA,ZER,BK,,Zero International,Black,False,25,"[80.1, 697.0, 531.9, 708.1]",
008,,False,,"25, 26",0.94,1,EA,DOOR SWEEP,39A,ZER,A,,Zero International,Anodized aluminum,False,26,"[80.1, 69.5, 531.9, 80.6]",
008,,False,,"25, 26",0.94,1,EA,THRESHOLD,655A-E-V3-226,ZER,A,,Zero International,Anodized aluminum,False,26,"[80.1, 83.0, 531.9, 94.2]",
008,,False,,"25, 26",0.94,1,EA,POWER SUPPLY - AS REQUIRED,BY DIVISION 28,B/O,,,By Others,,True,26,"[80.1, 96.5, 529.1, 119.1]",
008,,False,,"25, 26",0.94,1,EA,DOOR POSITION SWITCH - AS REQUIRED,BY DIVISION 28,B/O,,,By Others,,True,26,"[80.1, 121.6, 529.1, 144.2]",
008,,False,,"25, 26",0.94,,,DIAGRAMS,PROVIDE FACTORY POINT TO POINT WIRING DIAGRAMS,,,,,,False,26,"[141.9, 219.5, 414.3, 242.1]",
009,,False,,"26, 27",0.93,3,EA,HEAVYWEIGHT HINGE,5BB1HW 4.5 X 4.5 NRP,IVE,630,,Ives,Satin stainless steel,False,26,"[80.1, 393.0, 528.0, 404.1]",
009,,False,,"26, 27",0.93,1,EA,POWER TRANSFER,EPT10 CON,VON,689,,Von Duprin,Aluminum painted,True,26,"[80.1, 406.6, 533.6, 417.7]",
009,,False,,"26, 27",0.93,1,EA,INTEGRATED LOCK,AD-300-CY-70-MT-RHO-B 12/24 VDC,SCE,626,,Schlage Electronics,Satin chrome,True,26,"[80.1, 420.1, 532.5, 442.7]",
009,,False,,"26, 27",0.93,1,EA,SFIC CONST. CORE - CONSTRUCTION PHASE,80-035 GRN,SCH,,,Schlage,,False,26,"[80.1, 445.0, 533.0, 467.6]",
009,,False,,"26, 27",0.93,1,EA,PERMANENT CORE - COMBINATED,1C72,BES,626,,Best,Satin chrome,False,26,"[80.1, 470.1, 532.0, 492.7]",
009,,False,,"26, 27",0.93,1,EA,SURFACE CLOSER,4040XP REG TBSRT/ 4040XP EDA TBSRT - AS REQUIRED,LCN,689,,LCN,Aluminum painted,False,26,"[80.1, 495.1, 531.9, 517.7]",
009,,False,,"26, 27",0.93,1,EA,ARMOR PLATE - AS REQUIRED,"8400/8402 34"" HIGH LDW B-CS",IVE,630,,Ives,Satin stainless steel,False,26,"[80.1, 520.0, 528.0, 542.6]",
009,,False,,"26, 27",0.93,1,SET,GASKETING,429AA-S,ZER,AA,,Zero International,Anodized aluminum,False,26,"[80.1, 558.5, 531.9, 569.6]",
009,,False,,"26, 27",0.93,1,EA,DOOR SWEEP,39A,ZER,A,,Zero International,Anodized aluminum,False,26,"[80.1, 572.1, 531.9, 583.2]",
009,,False,,"26, 27",0.93,1,EA,THRESHOLD,655A-E-V3-226,ZER,A,,Zero International,Anodized aluminum,False,26,"[80.1, 585.5, 531.9, 596.6]",
009,,False,,"26, 27",0.93,1,EA,WIRE HARNESS - IN DOOR,CON - LENGTH AS REQUIRED - FROM LOCK TO EPT,SCH,,,Schlage,,True,26,"[80.1, 599.1, 533.0, 621.6]",
009,,False,,"26, 27",0.93,1,EA,WIRE HARNESS CONNECTOR - IN FRAME,CON - 6W - FROM CON TO POWER SUPPLY,SCH,,,Schlage,,True,26,"[80.1, 624.1, 533.0, 658.2]",
009,,False,,"26, 27",0.93,1,EA,POWER SUPPLY - AS REQUIRED,BY DIVISION 28,B/O,,,By Others,,True,26,"[80.1, 660.6, 529.1, 683.2]",
009,,False,,"26, 27",0.93,1,EA,DOOR POSITION SWITCH - AS REQUIRED,BY DIVISION 28,B/O,,,By Others,,True,26,"[80.1, 685.5, 529.1, 708.1]",
009,,False,,"26, 27",0.93,,,DIAGRAMS,PROVIDE FACTORY POINT TO POINT WIRING DIAGRAMS,,,,,,False,27,"[141.9, 142.6, 414.3, 165.2]",
010,,False,,27,0.95,3,EA,HEAVYWEIGHT HINGE,5BB1HW 4.5 X 4.5 NRP,IVE,630,,Ives,Satin stainless steel,False,27,"[80.1, 350.6, 528.0, 361.7]",
010,,False,,27,0.95,1,EA,POWER TRANSFER,EPT10 CON,VON,689,,Von Duprin,Aluminum painted,True,27,"[80.1, 364.0, 533.6, 375.1]",
010,,False,,27,0.95,1,EA,"FAIL SECURE CYLINDRICAL LOCK, RX",9K37DEU 15D RQE - PROVIDE BRASS CONSTRUCTION CORE,BES,626,,Best,Satin chrome,True,27,"[80.1, 377.6, 532.0, 411.7]",
010,,False,,27,0.95,1,EA,PERMANENT CORE - COMBINATED,1C72,BES,626,,Best,Satin chrome,False,27,"[80.1, 414.0, 532.0, 436.7]",
010,,False,,27,0.95,1,EA,SURFACE CLOSER,4040XP SCUSH SRI TBSRT,LCN,689,,LCN,Aluminum painted,False,27,"[80.1, 439.0, 531.9, 450.1]",
010,,False,,27,0.95,1,EA,KICK PLATE,"8400 10"" HIGH LDW B-CS",IVE,630,,Ives,Satin stainless steel,False,27,"[80.1, 452.6, 528.0, 463.7]",
010,,False,,27,0.95,1,EA,RAIN DRIP,142AA - AS REQUIRED,ZER,AA,,Zero International,Anodized aluminum,False,27,"[80.1, 466.0, 531.9, 477.1]",
010,,False,,27,0.95,1,SET,GASKETING,429AA-S,ZER,AA,,Zero International,Anodized aluminum,False,27,"[80.1, 479.6, 531.9, 490.7]",
010,,False,,27,0.95,1,EA,DOOR SWEEP,39A,ZER,A,,Zero International,Anodized aluminum,False,27,"[80.1, 493.0, 531.9, 504.1]",
010,,False,,27,0.95,1,EA,THRESHOLD,655A-E-V3-226,ZER,A,,Zero International,Anodized aluminum,False,27,"[80.1, 506.6, 531.9, 517.7]",
010,,False,,27,0.95,1,EA,WIRE HARNESS CONNECTOR - IN FRAME,CON - 6W - FROM CON TO POWER SUPPLY,SCH,,,Schlage,,True,27,"[80.1, 520.0, 533.0, 554.2]",
010,,False,,27,0.95,1,EA,MULTITECH CREDENTIAL READER,PROVIDED BY DIV 28 - MTB15 OR MTB11 AS REQUIRED,SCE,BLK,,Schlage Electronics,Black,True,27,"[80.1, 556.5, 532.5, 579.1]",
010,,False,,27,0.95,1,EA,DOOR POSITION SWITCH - AS REQUIRED,BY DIVISION 28,B/O,,,By Others,,True,27,"[80.1, 581.6, 529.1, 604.2]",
012,,False,,"27, 28",0.95,3,EA,HEAVYWEIGHT HINGE,5BB1HW 4.5 X 4.5 NRP,IVE,630,,Ives,Satin stainless steel,False,28,"[80.1, 81.0, 528.0, 92.1]",
012,,False,,"27, 28",0.95,1,EA,POWER TRANSFER,EPT10 CON,VON,689,,Von Duprin,Aluminum painted,True,28,"[80.1, 94.6, 533.6, 105.7]",
012,,False,,"27, 28",0.95,1,EA,ELEC PANIC HARDWARE,RX-LC-98-EO-ALK-EMERG EXIT RSS-CON-SNB 9-VOLT BATTERY WITH HARDWIRED OPTION,VON,630,,Von Duprin,Satin stainless steel,True,28,"[80.1, 108.0, 533.6, 153.7]",
012,,False,,"27, 28",0.95,1,EA,MORTISE CYLINDER,1E74-PATD X CAM - AS REQUIRED - PROVIDE BRASS CONSTRUCTION CORE,BES,626,,Best,Satin chrome,False,28,"[80.1, 156.0, 532.0, 201.7]",
012,,False,,"27, 28",0.95,1,EA,PERMANENT CORE - COMBINATED,1C72,BES,626,,Best,Satin chrome,False,28,"[80.1, 204.0, 532.0, 226.6]",
012,,False,,"27, 28",0.95,1,EA,SURFACE CLOSER,4040XP SCUSH SRI TBSRT,LCN,689,,LCN,Aluminum painted,False,28,"[80.1, 229.1, 531.9, 240.2]",
012,,False,,"27, 28",0.95,1,EA,RAIN DRIP,142AA - AS REQUIRED,ZER,AA,,Zero International,Anodized aluminum,False,28,"[80.1, 242.5, 531.9, 253.6]",
012,,False,,"27, 28",0.95,1,SET,GASKETING,429AA-S,ZER,AA,,Zero International,Anodized aluminum,False,28,"[80.1, 256.1, 531.9, 267.2]",
012,,False,,"27, 28",0.95,1,EA,DOOR SWEEP,39A,ZER,A,,Zero International,Anodized aluminum,False,28,"[80.1, 269.6, 531.9, 280.7]",
012,,False,,"27, 28",0.95,1,EA,THRESHOLD,656A-E-V3-W/HOLES-226,ZER,A,,Zero International,Anodized aluminum,False,28,"[80.1, 283.1, 531.9, 294.2]",
012,,False,,"27, 28",0.95,1,EA,WIRE HARNESS - IN DOOR,CON - LENGTH AS REQUIRED - FROM LOCK TO EPT,SCH,,,Schlage,,True,28,"[80.1, 296.6, 533.0, 319.2]",
012,,False,,"27, 28",0.95,1,EA,WIRE HARNESS CONNECTOR - IN FRAME,CON - 6W - FROM CON TO POWER SUPPLY,SCH,,,Schlage,,True,28,"[80.1, 321.5, 533.0, 355.7]",
012,,False,,"27, 28",0.95,1,EA,DOOR POSITION SWITCH - AS REQUIRED,BY DIVISION 28,B/O,,,By Others,,True,28,"[80.1, 358.0, 529.1, 380.6]",
013,,False,,"28, 29",0.95,3,EA,HEAVYWEIGHT HINGE,5BB1HW 4.5 X 4.5 NRP,IVE,630,,Ives,Satin stainless steel,False,28,"[80.1, 593.1, 528.0, 604.2]",
013,,False,,"28, 29",0.95,1,EA,POWER TRANSFER,EPT10 CON,VON,689,,Von Duprin,Aluminum painted,True,28,"[80.1, 606.6, 533.6, 617.7]",
013,,False,,"28, 29",0.95,1,EA,ELEC PANIC HARDWARE,LD-LXRX-LC-98-EO-CON-SNB,VON,630,,Von Duprin,Satin stainless steel,True,28,"[80.1, 620.1, 533.6, 631.2]",
013,,False,,"28, 29",0.95,1,EA,SURFACE CLOSER,4040XP SHCUSH ST-2468 TBSRT,LCN,689,,LCN,Aluminum painted,False,28,"[80.1, 633.6, 531.9, 656.2]",
013,,False,,"28, 29",0.95,1,EA,KICK PLATE,"8400 10"" HIGH LDW B-CS",IVE,630,,Ives,Satin stainless steel,False,28,"[80.1, 658.5, 528.0, 669.6]",
013,,False,,"28, 29",0.95,1,EA,RAIN DRIP,142AA - AS REQUIRED,ZER,AA,,Zero International,Anodized aluminum,False,28,"[80.1, 672.1, 531.9, 683.2]",
013,,False,,"28, 29",0.95,1,SET,GASKETING,429AA-S,ZER,AA,,Zero International,Anodized aluminum,False,28,"[80.1, 685.5, 531.9, 696.6]",
013,,False,,"28, 29",0.95,1,EA,DOOR SWEEP,39A,ZER,A,,Zero International,Anodized aluminum,False,28,"[80.1, 699.1, 531.9, 710.2]",
013,,False,,"28, 29",0.95,1,EA,THRESHOLD,655A-EL-V3-226,ZER,A,,Zero International,Anodized aluminum,False,29,"[80.1, 69.5, 531.9, 80.6]",
013,,False,,"28, 29",0.95,1,EA,WIRE HARNESS - IN DOOR,CON - LENGTH AS REQUIRED - FROM LOCK TO EPT,SCH,,,Schlage,,True,29,"[80.1, 83.0, 533.0, 105.7]",
013,,False,,"28, 29",0.95,1,EA,WIRE HARNESS CONNECTOR - IN FRAME,CON - 6W - FROM CON TO POWER SUPPLY,SCH,,,Schlage,,True,29,"[80.1, 108.0, 533.0, 142.2]",
013,,False,,"28, 29",0.95,1,EA,DOOR POSITION SWITCH - AS REQUIRED,BY DIVISION 28,B/O,,,By Others,,True,29,"[80.1, 144.5, 529.1, 167.1]",
014,,False,,"29, 30",0.95,3,EA,HEAVYWEIGHT HINGE,5BB1HW 4.5 X 4.5 NRP,IVE,630,,Ives,Satin stainless steel,False,29,"[80.1, 391.0, 528.0, 402.1]",
014,,False,,"29, 30",0.95,1,EA,POWER TRANSFER,EPT10 CON,VON,689,,Von Duprin,Aluminum painted,True,29,"[80.1, 404.6, 533.6, 415.7]",
014,,False,,"29, 30",0.95,1,EA,ELEC PANIC HARDWARE,LXRX-LC-QEL-98-EO W/CYL HOLE-CON-SNB 24 VDC,VON,630,,Von Duprin,Satin stainless steel,True,29,"[80.1, 418.0, 533.6, 440.6]",
014,,False,,"29, 30",0.95,1,EA,RIM CYLINDER,IE72-PATD - AS REQUIRED - PROVIDE BRASS CONSTRUCTION CORE,BES,626,,Best,Satin chrome,False,29,"[80.1, 443.1, 532.0, 477.1]",
014,,False,,"29, 30",0.95,1,EA,PERMANENT CORE - COMBINATED,1C72,BES,626,,Best,Satin chrome,False,29,"[80.1, 479.6, 532.0, 502.2]",
014,,False,,"29, 30",0.95,1,EA,DOOR PULL,VR910 NL,IVE,630,,Ives,Satin stainless steel,False,29,"[80.1, 504.5, 528.0, 515.6]",
014,,False,,"29, 30",0.95,1,EA,SURFACE CLOSER,4040XP SCUSH SRI TBSRT,LCN,689,,LCN,Aluminum painted,False,29,"[80.1, 518.1, 531.9, 529.2]",
014,,False,,"29, 30",0.95,1,EA,KICK PLATE,"8400 10"" HIGH LDW B-CS",IVE,630,,Ives,Satin stainless steel,False,29,"[80.1, 531.5, 528.0, 542.6]",
014,,False,,"29, 30",0.95,1,EA,RAIN DRIP,142AA - AS REQUIRED,ZER,AA,,Zero International,Anodized aluminum,False,29,"[80.1, 545.1, 531.9, 556.2]",
014,,False,,"29, 30",0.95,1,SET,GASKETING,429AA-S,ZER,AA,,Zero International,Anodized aluminum,False,29,"[80.1, 558.5, 531.9, 569.6]",
014,,False,,"29, 30",0.95,1,EA,DOOR SWEEP,39A,ZER,A,,Zero International,Anodized aluminum,False,29,"[80.1, 572.1, 531.9, 583.2]",
014,,False,,"29, 30",0.95,1,EA,THRESHOLD,656A-E-V3-W/HOLES-226,ZER,A,,Zero International,Anodized aluminum,False,29,"[80.1, 585.5, 531.9, 596.6]",
014,,False,,"29, 30",0.95,1,EA,WIRE HARNESS - IN DOOR,CON - LENGTH AS REQUIRED - FROM LOCK TO EPT,SCH,,,Schlage,,True,29,"[80.1, 599.1, 533.0, 621.6]",
014,,False,,"29, 30",0.95,1,EA,WIRE HARNESS CONNECTOR - IN FRAME,CON - 6W - FROM CON TO POWER SUPPLY,SCH,,,Schlage,,True,29,"[80.1, 624.1, 533.0, 658.2]",
014,,False,,"29, 30",0.95,1,EA,MULTITECH CREDENTIAL READER,PROVIDED BY DIV 28 - MTB15 OR MTB11 AS REQUIRED,SCE,BLK,,Schlage Electronics,Black,True,29,"[80.1, 685.5, 532.5, 708.1]",
014,,False,,"29, 30",0.95,1,EA,DOOR POSITION SWITCH - AS REQUIRED,BY DIVISION 28,B/O,,,By Others,,True,30,"[80.1, 69.5, 529.1, 92.1]",
014,,False,,"29, 30",0.95,1,EA,POWER SUPPLY,"PS904 900-4RL-FA 900-BBK 120/240 VAC [BULLETIN 023, 251218]",VON,,,Von Duprin,,True,30,"[80.1, 94.6, 533.6, 128.6]",
015,,False,,30,0.95,3,EA,HEAVYWEIGHT HINGE,5BB1HW 4.5 X 4.5 NRP,IVE,630,,Ives,Satin stainless steel,False,30,"[80.1, 268.1, 528.0, 279.2]",
015,,False,,30,0.95,1,EA,POWER TRANSFER,EPT10 CON,VON,689,,Von Duprin,Aluminum painted,True,30,"[80.1, 281.6, 533.6, 292.7]",
015,,False,,30,0.95,1,EA,ELEC PANIC HARDWARE,LD-WPRX-OUT-98-L-M996- 06SS-FSE-WH-CON-SNB,VON,630,,Von Duprin,Satin stainless steel,True,30,"[80.1, 295.1, 533.6, 317.6]",
015,,False,,30,0.95,1,EA,RIM CYLINDER,IE72-PATD - AS REQUIRED - PROVIDE BRASS CONSTRUCTION CORE,BES,626,,Best,Satin chrome,False,30,"[80.1, 320.1, 532.0, 354.1]",
015,,False,,30,0.95,1,EA,OH STOP,100S,GLY,630,,Glynn-Johnson,Satin stainless steel,False,30,"[80.1, 356.6, 531.3, 367.7]",
015,,False,,30,0.95,1,EA,SURFACE CLOSER,4040XP REG TBSRT/ 4040XP EDA TBSRT - AS REQUIRED,LCN,689,,LCN,Aluminum painted,False,30,"[80.1, 370.0, 531.9, 392.6]",
015,,False,,30,0.95,1,EA,RAIN DRIP,142AA - AS REQUIRED,ZER,AA,,Zero International,Anodized aluminum,False,30,"[80.1, 395.1, 531.9, 406.2]",
015,,False,,30,0.95,1,EA,GASKETING SET,188SBK PSA,ZER,BK,,Zero International,Black,False,30,"[80.1, 408.5, 531.9, 419.6]",
015,,False,,30,0.95,1,SET,GASKETING,429AA-S,ZER,AA,,Zero International,Anodized aluminum,False,30,"[80.1, 422.1, 531.9, 433.2]",
015,,False,,30,0.95,1,EA,DOOR SWEEP,39A,ZER,A,,Zero International,Anodized aluminum,False,30,"[80.1, 435.5, 531.9, 446.6]",
015,,False,,30,0.95,1,EA,THRESHOLD,656A-E-V3-W/HOLES-226,ZER,A,,Zero International,Anodized aluminum,False,30,"[80.1, 449.1, 531.9, 460.2]",
015,,False,,30,0.95,1,EA,WIRE HARNESS - IN DOOR,CON - LENGTH AS REQUIRED - FROM LOCK TO EPT,SCH,,,Schlage,,True,30,"[80.1, 462.5, 533.0, 485.2]",
015,,False,,30,0.95,1,EA,WIRE HARNESS CONNECTOR - IN FRAME,CON - 6W - FROM CON TO POWER SUPPLY,SCH,,,Schlage,,True,30,"[80.1, 487.6, 533.0, 521.6]",
015,,False,,30,0.95,1,EA,POWER SUPPLY - AS REQUIRED,BY DIVISION 28,B/O,,,By Others,,True,30,"[80.1, 524.1, 529.1, 546.7]",
015,,False,,30,0.95,1,EA,MULTITECH CREDENTIAL READER,PROVIDED BY DIV 28 - MTB15 OR MTB11 AS REQUIRED,SCE,BLK,,Schlage Electronics,Black,True,30,"[80.1, 549.1, 532.5, 571.7]",
015,,False,,30,0.95,1,EA,DOOR POSITION SWITCH - AS REQUIRED,BY DIVISION 28,B/O,,,By Others,,True,30,"[80.1, 574.0, 529.1, 596.6]",
016,,False,,31,0.94,6,EA,HEAVYWEIGHT HINGE,5BB1HW 4.5 X 4.5 NRP,IVE,630,,Ives,Satin stainless steel,False,31,"[80.1, 141.0, 528.0, 152.1]",
016,,False,,31,0.94,1,EA,POWER TRANSFER,EPT10 CON,VON,689,,Von Duprin,Aluminum painted,True,31,"[80.1, 154.6, 533.6, 165.7]",
016,,False,,31,0.94,1,EA,CONST LATCHING BOLT,FB51T/FB61T - AS REQUIRED,IVE,630,,Ives,Satin stainless steel,False,31,"[80.1, 168.0, 528.0, 179.1]",
016,,False,,31,0.94,1,EA,INTEGRATED LOCK,AD-300-CY-70-MT-RHO-B 12/24 VDC,SCE,626,,Schlage Electronics,Satin chrome,True,31,"[80.1, 181.6, 532.5, 204.2]",
016,,False,,31,0.94,1,EA,SFIC CONST. CORE - CONSTRUCTION PHASE,80-035 GRN,SCH,,,Schlage,,False,31,"[80.1, 206.5, 533.0, 229.2]",
016,,False,,31,0.94,1,EA,PERMANENT CORE - COMBINATED,1C72,BES,626,,Best,Satin chrome,False,31,"[80.1, 231.5, 532.0, 254.1]",
016,,False,,31,0.94,1,EA,COORDINATOR,COR X FL X MB - AS REQUIRED,IVE,713,,Ives,Dark bronze anodized,False,31,"[80.1, 256.6, 528.0, 279.2]",
016,,False,,31,0.94,2,EA,OH STOP & HOLDER,100H,GLY,630,,Glynn-Johnson,Satin stainless steel,False,31,"[80.1, 281.6, 531.3, 292.7]",
016,,False,,31,0.94,2,EA,SURFACE CLOSER,4041 DEL H SRI ST-2468 TBSRT - HEX KEYED,LCN,689,,LCN,Aluminum painted,False,31,"[80.1, 295.1, 531.9, 329.1]",
016,,False,,31,0.94,2,EA,ARMOR PLATE - AS REQUIRED,"8400/8402 34"" HIGH LDW B-CS",IVE,630,,Ives,Satin stainless steel,False,31,"[80.1, 331.6, 528.0, 354.1]",
016,,False,,31,0.94,1,SET,GASKETING,429AA-S,ZER,AA,,Zero International,Anodized aluminum,False,31,"[80.1, 356.6, 531.9, 367.7]",
016,,False,,31,0.94,2,EA,DOOR SWEEP,39A,ZER,A,,Zero International,Anodized aluminum,False,31,"[80.1, 370.0, 531.9, 381.1]",
016,,False,,31,0.94,1,EA,ASTRAGAL - LENGTH AS REQUIRED,41AA,ZER,AA,,Zero International,Anodized aluminum,False,31,"[80.1, 383.6, 531.9, 406.2]",
016,,False,,31,0.94,1,EA,THRESHOLD,655A-E-V3-226,ZER,A,,Zero International,Anodized aluminum,False,31,"[80.1, 408.5, 531.9, 419.6]",
016,,False,,31,0.94,1,EA,WIRE HARNESS - IN DOOR,CON - LENGTH AS REQUIRED - FROM LOCK TO EPT,SCH,,,Schlage,,True,31,"[80.1, 422.1, 533.0, 444.7]",
016,,False,,31,0.94,2,EA,DOOR POSITION SWITCH - AS REQUIRED,BY DIVISION 28,B/O,,,By Others,,True,31,"[80.1, 483.5, 529.1, 506.2]",
017,,False,,"31, 32, 33",0.94,6,EA,HEAVYWEIGHT HINGE,5BB1HW 4.5 X 4.5 NRP,IVE,630,,Ives,Satin stainless steel,False,32,"[80.1, 58.1, 528.0, 69.2]",
017,,False,,"31, 32, 33",0.94,2,EA,POWER TRANSFER,EPT10 CON,VON,689,,Von Duprin,Aluminum painted,True,32,"[80.1, 71.5, 533.6, 82.6]",
017,,False,,"31, 32, 33",0.94,2,EA,ELEC FIRE EXIT HARDWARE,LXRX-LC-QEL-9849-L-BE-F- 06SS-CON 24 VDC,VON,630,,Von Duprin,Satin stainless steel,True,32,"[80.1, 110.0, 533.6, 132.7]",
017,,False,,"31, 32, 33",0.94,1,EA,AUTOMATIC OPERATOR,BY RELATED SECTION 08 71 13,B/O,,,By Others,,True,32,"[80.1, 208.1, 529.1, 230.6]",
017,,False,,"31, 32, 33",0.94,3,EA,WAVE ACTUATOR,BY RELATED SECTION 08 71 13,B/O,,[BUL,By Others,,True,32,"[80.1, 233.0, 529.1, 255.7]",
017,,False,,"31, 32, 33",0.94,2,EA,ARMOR PLATE - AS REQUIRED,"8400/8402 34"" HIGH LDW B-CS",IVE,630,,Ives,Satin stainless steel,False,32,"[80.1, 315.5, 528.0, 338.1]",
017,,False,,"31, 32, 33",0.94,1,SET,GASKETING,429AA-S,ZER,AA,,Zero International,Anodized aluminum,False,32,"[80.1, 340.6, 531.9, 351.7]",
017,,False,,"31, 32, 33",0.94,2,SET,ASTRAGAL SET,8193AA-S,ZER,AA,,Zero International,Anodized aluminum,False,32,"[80.1, 354.0, 531.9, 365.1]",
017,,False,,"31, 32, 33",0.94,2,EA,DOOR SWEEP,39A,ZER,A,,Zero International,Anodized aluminum,False,32,"[80.1, 367.6, 531.9, 378.7]",
017,,False,,"31, 32, 33",0.94,1,EA,THRESHOLD,657A-E-V3-NH-226,ZER,A,,Zero International,Anodized aluminum,False,32,"[80.1, 381.0, 531.9, 392.1]",
017,,False,,"31, 32, 33",0.94,2,EA,WIRE HARNESS - IN DOOR,CON - LENGTH AS REQUIRED - FROM LOCK TO EPT,SCH,,,Schlage,,True,32,"[80.1, 394.6, 533.0, 417.1]",
017,,False,,"31, 32, 33",0.94,2,EA,WIRE HARNESS CONNECTOR - IN FRAME,CON - 6W - FROM CON TO POWER SUPPLY,SCH,,,Schlage,,True,32,"[80.1, 419.6, 533.0, 453.7]",
017,,False,,"31, 32, 33",0.94,1,EA,MULTITECH CREDENTIAL READER,PROVIDED BY DIV 28 - MTB15 OR MTB11 AS REQUIRED,SCE,BLK,,Schlage Electronics,Black,True,32,"[80.1, 481.0, 532.5, 503.6]",
017,,False,,"31, 32, 33",0.94,2,EA,DOOR POSITION SWITCH - AS REQUIRED,BY DIVISION 28,B/O,,,By Others,,True,32,"[80.1, 506.1, 529.1, 528.7]",
017,,False,,"31, 32, 33",0.94,1,EA,POWER SUPPLY,"PS904 900-4RL-FA 900-BBK 120/240 VAC [BULLETIN 023, 251218]",VON,,,Von Duprin,,True,32,"[80.1, 531.1, 533.6, 565.2]",
017,,False,,"31, 32, 33",0.94,,,DIAGRAMS,PROVIDE FACTORY POINT TO POINT WIRING DIAGRAMS,,,,,,False,32,"[141.9, 640.5, 414.3, 663.2]",
018,,False,,33,0.96,3,EA,HEAVYWEIGHT HINGE,5BB1HW 4.5 X 4.5 - NRP AT OUTSWINGING LOCKING DOORS,IVE,652,,Ives,Satin chrome plated steel,False,33,"[80.1, 164.0, 528.0, 198.2]",
018,,False,,33,0.96,1,EA,PANIC HARDWARE,LD-98-L-BE-06SS-SNB,VON,630,,Von Duprin,Satin stainless steel,False,33,"[80.1, 200.5, 533.6, 211.6]",
018,,False,,33,0.96,1,EA,SURFACE CLOSER,4040XP REG TBSRT/ 4040XP EDA TBSRT - AS REQUIRED,LCN,689,,LCN,Aluminum painted,False,33,"[80.1, 214.1, 531.9, 236.6]",
018,,False,,33,0.96,1,EA,KICK PLATE,"8400 10"" HIGH LDW B-CS",IVE,630,,Ives,Satin stainless steel,False,33,"[80.1, 239.0, 528.0, 250.2]",
018,,False,,33,0.96,1,EA,WALL STOP,WS401/402CCV,IVE,626,,Ives,Satin chrome,False,33,"[80.1, 252.5, 528.0, 263.6]",
018,,False,,33,0.96,1,EA,GASKETING SET,188SBK PSA,ZER,BK,,Zero International,Black,False,33,"[80.1, 266.1, 531.9, 277.2]",
019,,False,,"33, 34",0.96,3,EA,HEAVYWEIGHT HINGE,5BB1HW 4.5 X 4.5 - NRP AT OUTSWINGING LOCKING DOORS,IVE,652,,Ives,Satin chrome plated steel,False,33,"[80.1, 478.0, 528.0, 512.2]",
019,,False,,"33, 34",0.96,1,EA,FIRE EXIT HARDWARE,98-L-BE-F-06SS-SNB,VON,630,,Von Duprin,Satin stainless steel,False,33,"[80.1, 514.6, 533.6, 525.7]",
019,,False,,"33, 34",0.96,1,EA,SURFACE CLOSER,4040XP REG TBSRT/ 4040XP EDA TBSRT - AS REQUIRED,LCN,689,,LCN,Aluminum painted,False,33,"[80.1, 528.1, 531.9, 550.7]",
019,,False,,"33, 34",0.96,1,EA,KICK PLATE,"8400 10"" HIGH LDW B-CS",IVE,630,,Ives,Satin stainless steel,False,33,"[80.1, 553.0, 528.0, 564.1]",
019,,False,,"33, 34",0.96,1,EA,WALL STOP,WS401/402CCV,IVE,626,,Ives,Satin chrome,False,33,"[80.1, 566.6, 528.0, 577.7]",
019,,False,,"33, 34",0.96,1,EA,GASKETING SET,188SBK PSA,ZER,BK,,Zero International,Black,False,33,"[80.1, 580.0, 531.9, 591.1]",
019,,False,,"33, 34",0.96,1,EA,DOOR SWEEP,39A,ZER,A,,Zero International,Anodized aluminum,False,33,"[80.1, 593.6, 531.9, 604.7]",
019,,False,,"33, 34",0.96,1,EA,THRESHOLD,655A-EL-V3-226,ZER,A,,Zero International,Anodized aluminum,False,33,"[80.1, 607.0, 531.9, 618.2]",
021,,False,,"34, 35",0.94,3,EA,HEAVYWEIGHT HINGE,5BB1HW 4.5 X 4.5 - NRP AT OUTSWINGING LOCKING DOORS,IVE,652,,Ives,Satin chrome plated steel,False,34,"[80.1, 472.0, 528.0, 506.2]",
021,,False,,"34, 35",0.94,1,EA,POWER TRANSFER,EPT10 CON,VON,689,,Von Duprin,Aluminum painted,True,34,"[80.1, 508.6, 533.6, 519.7]",
021,,False,,"34, 35",0.94,1,EA,ELEC FIRE EXIT HARDWARE,LXRX-LC-98-L-F-M996-06SS- FS-CON-SNB,VON,630,,Von Duprin,Satin stainless steel,True,34,"[80.1, 522.1, 533.6, 544.7]",
021,,False,,"34, 35",0.94,1,EA,RIM CYLINDER,IE72-PATD - AS REQUIRED - PROVIDE BRASS CONSTRUCTION CORE,BES,626,,Best,Satin chrome,False,34,"[80.1, 547.0, 532.0, 581.2]",
021,,False,,"34, 35",0.94,1,EA,PERMANENT CORE - COMBINATED,1C72,BES,626,,Best,Satin chrome,False,34,"[80.1, 583.5, 532.0, 606.2]",
021,,False,,"34, 35",0.94,1,EA,SURFACE CLOSER,4040XP REG TBSRT/ 4040XP EDA TBSRT - AS REQUIRED,LCN,689,,LCN,Aluminum painted,False,34,"[80.1, 608.6, 531.9, 631.2]",
021,,False,,"34, 35",0.94,1,EA,KICK PLATE,"8400 10"" HIGH LDW B-CS",IVE,630,,Ives,Satin stainless steel,False,34,"[80.1, 633.6, 528.0, 644.7]",
021,,False,,"34, 35",0.94,1,EA,WALL STOP,WS401/402CCV,IVE,626,,Ives,Satin chrome,False,34,"[80.1, 647.1, 528.0, 658.2]",
021,,False,,"34, 35",0.94,1,EA,GASKETING SET,188SBK PSA,ZER,BK,,Zero International,Black,False,34,"[80.1, 660.6, 531.9, 671.7]",
021,,False,,"34, 35",0.94,1,EA,DOOR SWEEP,39A,ZER,A,,Zero International,Anodized aluminum,False,34,"[80.1, 674.1, 531.9, 685.2]",
021,,False,,"34, 35",0.94,1,EA,THRESHOLD,655A-EL-V3-226,ZER,A,,Zero International,Anodized aluminum,False,34,"[80.1, 687.6, 531.9, 698.7]",
021,,False,,"34, 35",0.94,1,EA,WIRE HARNESS - IN DOOR,CON - LENGTH AS REQUIRED - FROM LOCK TO EPT,SCH,,,Schlage,,True,35,"[80.1, 58.1, 533.0, 80.6]",
021,,False,,"34, 35",0.94,1,EA,WIRE HARNESS CONNECTOR - IN FRAME,CON - 6W - FROM CON TO POWER SUPPLY,SCH,,,Schlage,,True,35,"[80.1, 83.0, 533.0, 117.2]",
021,,False,,"34, 35",0.94,1,EA,POWER SUPPLY - AS REQUIRED,BY DIVISION 28,B/O,,,By Others,,True,35,"[80.1, 119.5, 529.1, 142.2]",
021,,False,,"34, 35",0.94,1,EA,MULTITECH CREDENTIAL READER,PROVIDED BY DIV 28 - MTB15 OR MTB11 AS REQUIRED,SCE,BLK,,Schlage Electronics,Black,True,35,"[80.1, 144.5, 532.5, 167.1]",
021,,False,,"34, 35",0.94,1,EA,DOOR POSITION SWITCH - AS REQUIRED,BY DIVISION 28,B/O,,,By Others,,True,35,"[80.1, 169.6, 529.1, 192.2]",
022,,False,,"35, 36",0.94,6,EA,HEAVYWEIGHT HINGE,5BB1HW 4.5 X 4.5 NRP,IVE,630,,Ives,Satin stainless steel,False,35,"[80.1, 404.6, 528.0, 415.7]",
022,,False,,"35, 36",0.94,2,EA,POWER TRANSFER,EPT10 CON,VON,689,,Von Duprin,Aluminum painted,True,35,"[80.1, 418.0, 533.6, 429.1]",
022,,False,,"35, 36",0.94,1,EA,ELEC PANIC HARDWARE,RX-LC-QEL-9849-EO-CON-SNB 24 VDC,VON,626,,Von Duprin,Satin chrome,True,35,"[80.1, 431.6, 533.6, 454.2]",
022,,False,,"35, 36",0.94,1,EA,ELEC PANIC HARDWARE,RX-LC-QEL-9849-TP-CON-SNB 24 VDC,VON,626,,Von Duprin,Satin chrome,True,35,"[80.1, 456.5, 533.6, 479.2]",
022,,False,,"35, 36",0.94,2,EA,LONG DOOR PULL,"9264F 72"" O",IVE,630-316,,Ives,,False,35,"[80.1, 481.6, 528.0, 504.1]",
022,,False,,"35, 36",0.94,2,EA,OH STOP,100SE,GLY,630,,Glynn-Johnson,Satin stainless steel,False,35,"[80.1, 506.6, 531.3, 517.7]",
022,,False,,"35, 36",0.94,2,EA,AUTOMATIC OPERATOR,BY RELATED SECTION 08 71 13,B/O,,,By Others,,True,35,"[80.1, 520.0, 529.1, 542.6]",
022,,False,,"35, 36",0.94,2,EA,WAVE ACTUATOR,BY RELATED SECTION 08 71 13,B/O,,,By Others,,True,35,"[80.1, 545.1, 529.1, 567.6]",
022,,False,,"35, 36",0.94,1,EA,WAVE ACTUATOR,BY RELATED SECTION 08 71 13,B/O,,,By Others,,True,35,"[80.1, 570.1, 529.1, 592.7]",
022,,False,,"35, 36",0.94,2,EA,ARMOR PLATE - AS REQUIRED,"8400/8402 34"" HIGH LDW B-CS",IVE,630,,Ives,Satin stainless steel,False,35,"[80.1, 595.0, 528.0, 617.7]",
022,,False,,"35, 36",0.94,1,EA,RAIN DRIP,142AA - AS REQUIRED,ZER,AA,,Zero International,Anodized aluminum,False,35,"[80.1, 620.1, 531.9, 631.2]",
022,,False,,"35, 36",0.94,1,EA,GASKETING SET,188SBK PSA,ZER,BK,,Zero International,Black,False,35,"[80.1, 633.6, 531.9, 644.7]",
022,,False,,"35, 36",0.94,2,SET,ASTRAGAL SET,8193AA-S,ZER,AA,,Zero International,Anodized aluminum,False,35,"[80.1, 647.1, 531.9, 658.2]",
022,,False,,"35, 36",0.94,2,EA,DOOR SWEEP,39A,ZER,A,,Zero International,Anodized aluminum,False,35,"[80.1, 660.6, 531.9, 671.7]",
022,,False,,"35, 36",0.94,1,EA,THRESHOLD,657A-E-V3-NH-226,ZER,A,,Zero International,Anodized aluminum,False,35,"[80.1, 674.1, 531.9, 685.2]",
022,,False,,"35, 36",0.94,2,EA,WIRE HARNESS - IN DOOR,CON - LENGTH AS REQUIRED - FROM LOCK TO EPT,SCH,,,Schlage,,True,35,"[80.1, 687.6, 533.0, 710.2]",
022,,False,,"35, 36",0.94,2,EA,WIRE HARNESS CONNECTOR - IN FRAME,CON - 6W - FROM CON TO POWER SUPPLY,SCH,,,Schlage,,True,36,"[80.1, 58.1, 533.0, 92.1]",
022,,False,,"35, 36",0.94,2,EA,DOOR POSITION SWITCH - AS REQUIRED,BY DIVISION 28,B/O,,,By Others,,True,36,"[80.1, 119.5, 529.1, 142.2]",
022,,False,,"35, 36",0.94,1,EA,POWER SUPPLY,"PS904 900-4RL-FA 900-BBK 120/240 VAC [BULLETIN 023, 251218]",VON,,,Von Duprin,,True,36,"[80.1, 144.5, 533.6, 178.6]",
023,,False,,"36, 37",0.92,3,EA,HEAVYWEIGHT HINGE,5BB1HW 4.5 X 4.5 - NRP AT OUTSWINGING LOCKING DOORS,IVE,652,,Ives,Satin chrome plated steel,False,36,"[80.1, 402.5, 528.0, 436.7]",
023,,False,,"36, 37",0.92,1,EA,POWER TRANSFER,EPT10 CON,VON,689,,Von Duprin,Aluminum painted,True,36,"[80.1, 439.0, 533.6, 450.1]",
023,,False,,"36, 37",0.92,1,EA,INTEGRATED LOCK,AD-300-CY-70-MT-RHO-B 12/24 VDC,SCE,626,,Schlage Electronics,Satin chrome,True,36,"[80.1, 452.6, 532.5, 475.2]",
023,,False,,"36, 37",0.92,1,EA,SFIC CONST. CORE - CONSTRUCTION PHASE,80-035 GRN,SCH,,,Schlage,,False,36,"[80.1, 477.5, 533.0, 500.2]",
023,,False,,"36, 37",0.92,1,EA,PERMANENT CORE - COMBINATED,1C72,BES,626,,Best,Satin chrome,False,36,"[80.1, 502.6, 532.0, 525.1]",
023,,False,,"36, 37",0.92,1,EA,SURFACE CLOSER,4040XP REG TBSRT/ 4040XP EDA TBSRT - AS REQUIRED,LCN,689,,LCN,Aluminum painted,False,36,"[80.1, 527.6, 531.9, 550.2]",
023,,False,,"36, 37",0.92,1,EA,ARMOR PLATE - AS REQUIRED,"8400/8402 34"" HIGH LDW B-CS",IVE,630,,Ives,Satin stainless steel,False,36,"[80.1, 552.5, 528.0, 575.2]",
023,,False,,"36, 37",0.92,1,EA,WALL STOP,WS401/402CCV,IVE,626,,Ives,Satin chrome,False,36,"[80.1, 577.5, 528.0, 588.6]",
023,,False,,"36, 37",0.92,1,EA,GASKETING SET,188SBK PSA,ZER,BK,,Zero International,Black,False,36,"[80.1, 591.1, 531.9, 602.2]",
023,,False,,"36, 37",0.92,1,EA,WIRE HARNESS - IN DOOR,CON - LENGTH AS REQUIRED - FROM LOCK TO EPT,SCH,,,Schlage,,True,36,"[80.1, 604.5, 533.0, 627.2]",
023,,False,,"36, 37",0.92,1,EA,WIRE HARNESS CONNECTOR - IN FRAME,CON - 6W - FROM CON TO POWER SUPPLY,SCH,,,Schlage,,True,36,"[80.1, 629.6, 533.0, 663.6]",
023,,False,,"36, 37",0.92,,EA,POWER SUPPLY - AS REQUIRED,BY DIVISION 28,B/O,,,By Others,,True,36,"[112.0, 666.1, 529.1, 688.7]",
023,,False,,"36, 37",0.92,,EA,DOOR POSITION SWITCH - AS REQUIRED,BY DIVISION 28,B/O,,,By Others,,True,36,"[112.0, 691.0, 529.1, 713.7]",
023,,False,,"36, 37",0.92,,,DIAGRAMS,PROVIDE FACTORY POINT TO POINT WIRING DIAGRAMS,,,,,,False,37,"[141.9, 190.6, 414.3, 213.2]",
025,,False,,37,0.95,3,EA,HEAVYWEIGHT HINGE,5BB1HW 4.5 X 4.5 - NRP AT OUTSWINGING LOCKING DOORS,IVE,652,,Ives,Satin chrome plated steel,False,37,"[80.1, 364.0, 528.0, 398.1]",
025,,False,,37,0.95,1,EA,STOREROOM LOCK,9K37D 15D,BES,626,,Best,Satin chrome,False,37,"[80.1, 400.6, 532.0, 411.7]",
025,,False,,37,0.95,1,EA,PERMANENT CORE - COMBINATED,1C72,BES,626,,Best,Satin chrome,False,37,"[80.1, 414.0, 532.0, 436.7]",
025,,False,,37,0.95,1,EA,SURFACE CLOSER,4040XP REG TBSRT/ 4040XP EDA TBSRT - AS REQUIRED,LCN,689,,LCN,Aluminum painted,False,37,"[80.1, 439.0, 531.9, 461.6]",
025,,False,,37,0.95,1,EA,KICK PLATE,"8400 10"" HIGH LDW B-CS",IVE,630,,Ives,Satin stainless steel,False,37,"[80.1, 464.1, 528.0, 475.2]",
025,,False,,37,0.95,1,EA,WALL STOP,WS401/402CCV,IVE,626,,Ives,Satin chrome,False,37,"[80.1, 477.5, 528.0, 488.6]",
025,,False,,37,0.95,1,EA,GASKETING SET,188SBK PSA,ZER,BK,,Zero International,Black,False,37,"[80.1, 491.1, 531.9, 502.2]",
026,,False,,"37, 38",0.91,,,GLASS/ALUM SLIDING DOOR,BY RELATED SECTION 08 42 29,B/O,,,By Others,,True,38,"[141.9, 58.1, 529.1, 80.6]",
026,,False,,"37, 38",0.91,1,EA,MORTISE CYLINDER,1E74-PATD X CAM - AS REQUIRED - PROVIDE BRASS CONSTRUCTION CORE,BES,626,,Best,Satin chrome,False,38,"[80.1, 83.0, 532.0, 128.6]",
026,,False,,"37, 38",0.91,1,EA,PERMANENT CORE - COMBINATED,1C72,BES,626,,Best,Satin chrome,False,38,"[80.1, 131.0, 532.0, 153.7]",
027,,False,,38,0.84,,,,ALL HARDWARE BY DOOR MANUFACTURER,,,,,,False,38,"[270.5, 345.0, 397.3, 367.7]",
028,,False,,"38, 39",0.93,2,EA,PIVOT SET,7226 SET,IVE,626,,Ives,Satin chrome,False,38,"[80.1, 495.5, 528.0, 506.6]",
028,,False,,"38, 39",0.93,2,EA,INTERMEDIATE PIVOT,7226 INT,IVE,626,,Ives,Satin chrome,False,38,"[80.1, 509.1, 528.0, 520.2]",
028,,False,,"38, 39",0.93,2,EA,POWER TRANSFER,EPT10 CON,VON,689,,Von Duprin,Aluminum painted,True,38,"[80.1, 522.5, 533.6, 533.6]",
028,,False,,"38, 39",0.93,1,EA,ELEC PANIC HARDWARE,LXRX-LC-QEL-9849-EO W/CYL HOLE-CON-SNB 24 VDC,VON,630,,Von Duprin,Satin stainless steel,True,38,"[80.1, 536.1, 533.6, 558.7]",
028,,False,,"38, 39",0.93,1,EA,ELEC PANIC HARDWARE,LXRX-LC-QEL-9849-EO-CON- SNB 24 VDC,VON,630,,Von Duprin,Satin stainless steel,True,38,"[80.1, 561.1, 533.6, 583.7]",
028,,False,,"38, 39",0.93,1,EA,RIM CYLINDER,IE72-PATD - AS REQUIRED - PROVIDE BRASS CONSTRUCTION CORE,BES,626,,Best,Satin chrome,False,38,"[80.1, 586.0, 532.0, 620.2]",
028,,False,,"38, 39",0.93,2,EA,SURFACE CLOSER,4040XP SCUSH SRI TBSRT,LCN,689,,LCN,Aluminum painted,False,38,"[80.1, 622.5, 531.9, 633.6]",
028,,False,,"38, 39",0.93,2,EA,PA MOUNTING PLATE - AS REQUIRED,4040XP-18PA SRT,LCN,689,,LCN,Aluminum painted,False,38,"[80.1, 636.1, 531.9, 658.7]",
028,,False,,"38, 39",0.93,2,EA,CUSH SHOE SUPPORT - AS REQUIRED,4040XP-30 SRT,LCN,689,,LCN,Aluminum painted,False,38,"[80.1, 661.0, 531.9, 683.7]",
028,,False,,"38, 39",0.93,2,EA,STEEL COVER SCREWS,4040XP-31,LCN,689,,LCN,Aluminum painted,False,38,"[80.1, 686.1, 531.9, 697.2]",
028,,False,,"38, 39",0.93,2,EA,BLADE STOP SPACER - AS REQUIRED,4040XP-61 SRT,LCN,689,,LCN,Aluminum painted,False,39,"[80.1, 69.5, 531.9, 92.1]",
028,,False,,"38, 39",0.93,,,SEALS,BY DOOR / FRAME MANUFACTURER,,,,,,False,39,"[141.9, 94.6, 359.7, 117.2]",
028,,False,,"38, 39",0.93,2,EA,DOOR SWEEP,39A,ZER,A,,Zero International,Anodized aluminum,False,39,"[80.1, 119.5, 531.9, 130.6]",
028,,False,,"38, 39",0.93,1,EA,THRESHOLD,656A-E-V3-W/HOLES-226,ZER,A,,Zero International,Anodized aluminum,False,39,"[80.1, 133.1, 531.9, 144.2]",
028,,False,,"38, 39",0.93,2,EA,WIRE HARNESS - IN DOOR,CON - LENGTH AS REQUIRED - FROM LOCK TO EPT,SCH,,,Schlage,,True,39,"[80.1, 146.5, 533.0, 169.2]",
028,,False,,"38, 39",0.93,2,EA,WIRE HARNESS CONNECTOR - IN FRAME,CON - 6W - FROM CON TO POWER SUPPLY,SCH,,,Schlage,,True,39,"[80.1, 171.5, 533.0, 205.6]",
028,,False,,"38, 39",0.93,1,EA,MULTITECH CREDENTIAL READER,PROVIDED BY DIV 28 - MTB15 OR MTB11 AS REQUIRED,SCE,BLK,,Schlage Electronics,Black,True,39,"[80.1, 233.0, 532.5, 255.7]",
028,,False,,"38, 39",0.93,1,EA,DOOR POSITION SWITCH - AS REQUIRED,BY DIVISION 28,B/O,,,By Others,,True,39,"[80.1, 258.0, 529.1, 280.7]",
028,,False,,"38, 39",0.93,1,EA,POWER SUPPLY,"PS904 900-4RL-FA 900-BBK 120/240 VAC [BULLETIN 023, 251218]",VON,,,Von Duprin,,True,39,"[80.1, 283.1, 533.6, 317.1]",
029,,False,,"39, 40",0.95,3,EA,HEAVYWEIGHT HINGE,5BB1HW 4.5 X 4.5 NRP,IVE,630,,Ives,Satin stainless steel,False,39,"[80.1, 468.1, 528.0, 479.2]",
029,,False,,"39, 40",0.95,1,EA,POWER TRANSFER,EPT10 CON,VON,689,,Von Duprin,Aluminum painted,True,39,"[80.1, 481.6, 533.6, 492.7]",
029,,False,,"39, 40",0.95,1,EA,ELEC PANIC HARDWARE,LXRX-LC-QEL-98-NL-CON-SNB 24 VDC,VON,630,,Von Duprin,Satin stainless steel,True,39,"[80.1, 495.1, 533.6, 517.7]",
029,,False,,"39, 40",0.95,1,EA,RIM CYLINDER,IE72-PATD - AS REQUIRED - PROVIDE BRASS CONSTRUCTION CORE,BES,626,,Best,Satin chrome,False,39,"[80.1, 520.0, 532.0, 554.2]",
029,,False,,"39, 40",0.95,1,EA,DOOR PULL,VR910 NL,IVE,630,,Ives,Satin stainless steel,False,39,"[80.1, 556.5, 528.0, 567.6]",
029,,False,,"39, 40",0.95,1,EA,SURFACE CLOSER,4040XP SCUSH SRI TBSRT,LCN,689,,LCN,Aluminum painted,False,39,"[80.1, 570.1, 531.9, 581.2]",
029,,False,,"39, 40",0.95,1,EA,KICK PLATE,"8400 10"" HIGH LDW B-CS",IVE,630,,Ives,Satin stainless steel,False,39,"[80.1, 583.5, 528.0, 594.6]",
029,,False,,"39, 40",0.95,1,EA,RAIN DRIP,142AA - AS REQUIRED,ZER,AA,,Zero International,Anodized aluminum,False,39,"[80.1, 597.1, 531.9, 608.2]",
029,,False,,"39, 40",0.95,1,SET,GASKETING,429AA-S,ZER,AA,,Zero International,Anodized aluminum,False,39,"[80.1, 610.5, 531.9, 621.6]",
029,,False,,"39, 40",0.95,1,EA,DOOR SWEEP,39A,ZER,A,,Zero International,Anodized aluminum,False,39,"[80.1, 624.1, 531.9, 635.2]",
029,,False,,"39, 40",0.95,1,EA,THRESHOLD,656A-E-V3-W/HOLES-226,ZER,A,,Zero International,Anodized aluminum,False,39,"[80.1, 637.5, 531.9, 648.6]",
029,,False,,"39, 40",0.95,1,EA,WIRE HARNESS - IN DOOR,CON - LENGTH AS REQUIRED - FROM LOCK TO EPT,SCH,,,Schlage,,True,39,"[80.1, 651.1, 533.0, 673.7]",
029,,False,,"39, 40",0.95,1,EA,WIRE HARNESS CONNECTOR - IN FRAME,CON - 6W - FROM CON TO POWER SUPPLY,SCH,,,Schlage,,True,39,"[80.1, 676.0, 533.0, 710.2]",
029,,False,,"39, 40",0.95,1,EA,MULTITECH CREDENTIAL READER,PROVIDED BY DIV 28 - MTB15 OR MTB11 AS REQUIRED,SCE,BLK,,Schlage Electronics,Black,True,40,"[80.1, 83.0, 532.5, 105.7]",
029,,False,,"39, 40",0.95,1,EA,DOOR POSITION SWITCH - AS REQUIRED,BY DIVISION 28,B/O,,,By Others,,True,40,"[80.1, 108.0, 529.1, 130.6]",
029,,False,,"39, 40",0.95,1,EA,POWER SUPPLY,"PS904 900-4RL-FA 900-BBK 120/240 VAC [BULLETIN 023, 251218]",VON,,,Von Duprin,,True,40,"[80.1, 133.1, 533.6, 167.1]",
029,,False,,"39, 40",0.95,1,EA,INTERCOM / VIDEO PHONE - AS REQUIRED,BY DIVISION 28 - AS REQUIRED,B/O,,,By Others,,True,40,"[80.1, 169.6, 529.1, 192.2]",
030,,False,,"40, 41",0.95,3,EA,HEAVYWEIGHT HINGE,5BB1HW 4.5 X 4.5 NRP,IVE,630,,Ives,Satin stainless steel,False,40,"[80.1, 343.0, 528.0, 354.1]",
030,,False,,"40, 41",0.95,1,EA,POWER TRANSFER,EPT10 CON,VON,689,,Von Duprin,Aluminum painted,True,40,"[80.1, 356.6, 533.6, 367.7]",
030,,False,,"40, 41",0.95,1,EA,ELEC PANIC HARDWARE,LXRX-LC-QEL-98-NL-CON-SNB 24 VDC,VON,630,,Von Duprin,Satin stainless steel,True,40,"[80.1, 370.0, 533.6, 392.6]",
030,,False,,"40, 41",0.95,1,EA,RIM CYLINDER,IE72-PATD - AS REQUIRED - PROVIDE BRASS CONSTRUCTION CORE,BES,626,,Best,Satin chrome,False,40,"[80.1, 395.1, 532.0, 429.1]",
030,,False,,"40, 41",0.95,1,EA,OH STOP,100S,GLY,630,,Glynn-Johnson,Satin stainless steel,False,40,"[80.1, 431.6, 531.3, 442.7]",
030,,False,,"40, 41",0.95,1,EA,FIRE/LIFE CLOSER,4040SE X MTG & VOLTAGE AS REQ,LCN,689,,LCN,Aluminum painted,True,40,"[80.1, 445.0, 531.9, 467.6]",
030,,False,,"40, 41",0.95,1,EA,KICK PLATE,"8400 10"" HIGH LDW B-CS",IVE,630,,Ives,Satin stainless steel,False,40,"[80.1, 470.1, 528.0, 481.2]",
030,,False,,"40, 41",0.95,1,EA,RAIN DRIP,142AA - AS REQUIRED,ZER,AA,,Zero International,Anodized aluminum,False,40,"[80.1, 483.5, 531.9, 494.6]",
030,,False,,"40, 41",0.95,1,SET,GASKETING,429AA-S,ZER,AA,,Zero International,Anodized aluminum,False,40,"[80.1, 497.1, 531.9, 508.2]",
030,,False,,"40, 41",0.95,1,EA,DOOR SWEEP,39A,ZER,A,,Zero International,Anodized aluminum,False,40,"[80.1, 510.5, 531.9, 521.6]",
030,,False,,"40, 41",0.95,1,EA,THRESHOLD,656A-E-V3-W/HOLES-226,ZER,A,,Zero International,Anodized aluminum,False,40,"[80.1, 524.1, 531.9, 535.2]",
030,,False,,"40, 41",0.95,1,EA,WIRE HARNESS - IN DOOR,CON - LENGTH AS REQUIRED - FROM LOCK TO EPT,SCH,,,Schlage,,True,40,"[80.1, 537.5, 533.0, 560.2]",
030,,False,,"40, 41",0.95,1,EA,WIRE HARNESS CONNECTOR - IN FRAME,CON - 6W - FROM CON TO POWER SUPPLY,SCH,,,Schlage,,True,40,"[80.1, 562.5, 533.0, 596.6]",
030,,False,,"40, 41",0.95,1,EA,MULTITECH CREDENTIAL READER,PROVIDED BY DIV 28 - MTB15 OR MTB11 AS REQUIRED,SCE,BLK,,Schlage Electronics,Black,True,40,"[80.1, 624.1, 532.5, 646.7]",
030,,False,,"40, 41",0.95,1,EA,DOOR POSITION SWITCH - AS REQUIRED,BY DIVISION 28,B/O,,,By Others,,True,40,"[80.1, 649.0, 529.1, 671.7]",
030,,False,,"40, 41",0.95,1,EA,POWER SUPPLY,"PS904 900-4RL-FA 900-BBK 120/240 VAC [BULLETIN 023, 251218]",VON,,,Von Duprin,,True,40,"[80.1, 674.1, 533.6, 708.1]",
032,,False,,"41, 42",0.94,3,EA,HEAVYWEIGHT HINGE,5BB1HW 4.5 X 4.5 - NRP AT OUTSWINGING LOCKING DOORS,IVE,652,,Ives,Satin chrome plated steel,False,41,"[80.1, 221.5, 528.0, 255.7]",
032,,False,,"41, 42",0.94,1,EA,POWER TRANSFER,EPT10 CON,VON,689,,Von Duprin,Aluminum painted,True,41,"[80.1, 258.0, 533.6, 269.1]",
032,,False,,"41, 42",0.94,1,EA,ELEC FIRE EXIT HARDWARE,LXRX-LC-98-L-F-M996-06SS- FS-CON-SNB,VON,630,,Von Duprin,Satin stainless steel,True,41,"[80.1, 271.6, 533.6, 294.2]",
032,,False,,"41, 42",0.94,1,EA,RIM CYLINDER,IE72-PATD - AS REQUIRED - PROVIDE BRASS CONSTRUCTION CORE,BES,626,,Best,Satin chrome,False,41,"[80.1, 296.6, 532.0, 330.7]",
032,,False,,"41, 42",0.94,1,EA,PERMANENT CORE - COMBINATED,1C72,BES,626,,Best,Satin chrome,False,41,"[80.1, 333.0, 532.0, 355.7]",
032,,False,,"41, 42",0.94,1,EA,SURFACE CLOSER,4040XP REG TBSRT/ 4040XP EDA TBSRT - AS REQUIRED,LCN,689,,LCN,Aluminum painted,False,41,"[80.1, 358.0, 531.9, 380.6]",
032,,False,,"41, 42",0.94,1,EA,KICK PLATE,"8400 10"" HIGH LDW B-CS",IVE,630,,Ives,Satin stainless steel,False,41,"[80.1, 383.1, 528.0, 394.2]",
032,,False,,"41, 42",0.94,1,EA,WALL STOP,"WS401/402CCV [BULLETIN 023, 251218]",IVE,626,,Ives,Satin chrome,False,41,"[80.1, 396.5, 528.0, 419.1]",
032,,False,,"41, 42",0.94,1,EA,GASKETING SET,188SBK PSA,ZER,BK,,Zero International,Black,False,41,"[80.1, 421.6, 531.9, 432.7]",
032,,False,,"41, 42",0.94,1,EA,DOOR SWEEP,39A,ZER,A,,Zero International,Anodized aluminum,False,41,"[80.1, 435.1, 531.9, 446.2]",
032,,False,,"41, 42",0.94,1,EA,THRESHOLD,655A-EL-V3-226,ZER,A,,Zero International,Anodized aluminum,False,41,"[80.1, 448.6, 531.9, 459.7]",
032,,False,,"41, 42",0.94,1,EA,WIRE HARNESS - IN DOOR,CON - LENGTH AS REQUIRED - FROM LOCK TO EPT,SCH,,,Schlage,,True,41,"[80.1, 462.1, 533.0, 484.7]",
032,,False,,"41, 42",0.94,1,EA,WIRE HARNESS CONNECTOR - IN FRAME,CON - 6W - FROM CON TO POWER SUPPLY,SCH,,,Schlage,,True,41,"[80.1, 487.0, 533.0, 521.2]",
032,,False,,"41, 42",0.94,1,EA,POWER SUPPLY - AS REQUIRED,BY DIVISION 28,B/O,,,By Others,,True,41,"[80.1, 523.6, 529.1, 546.1]",
032,,False,,"41, 42",0.94,1,EA,MULTITECH CREDENTIAL READER,PROVIDED BY DIV 28 - MTB15 OR MTB11 AS REQUIRED,SCE,BLK,,Schlage Electronics,Black,True,41,"[80.1, 548.6, 532.5, 571.2]",
032,,False,,"41, 42",0.94,1,EA,DOOR POSITION SWITCH - AS REQUIRED,BY DIVISION 28,B/O,,,By Others,,True,41,"[80.1, 573.5, 529.1, 596.2]",
033,,False,,42,0.97,3,EA,HEAVYWEIGHT HINGE,5BB1HW 4.5 X 4.5 NRP,IVE,630,,Ives,Satin stainless steel,False,42,"[80.1, 269.6, 528.0, 280.7]",
033,,False,,42,0.97,1,EA,PASSAGE SET,9K30N 15D,BES,626,,Best,Satin chrome,False,42,"[80.1, 283.1, 532.0, 294.2]",
033,,False,,42,0.97,1,EA,PERMANENT CORE - COMBINATED,1C72,BES,626,,Best,Satin chrome,False,42,"[80.1, 296.6, 532.0, 319.2]",
033,,False,,42,0.97,1,EA,SURFACE CLOSER,4040XP SCUSH SRI TBSRT,LCN,689,,LCN,Aluminum painted,False,42,"[80.1, 321.5, 531.9, 332.6]",
033,,False,,42,0.97,1,EA,KICK PLATE,"8400 10"" HIGH LDW B-CS",IVE,630,,Ives,Satin stainless steel,False,42,"[80.1, 335.1, 528.0, 346.2]",
033,,False,,42,0.97,1,EA,RAIN DRIP,142AA - AS REQUIRED,ZER,AA,,Zero International,Anodized aluminum,False,42,"[80.1, 348.5, 531.9, 359.6]",
033,,False,,42,0.97,1,SET,GASKETING,429AA-S,ZER,AA,,Zero International,Anodized aluminum,False,42,"[80.1, 362.1, 531.9, 373.2]",
033,,False,,42,0.97,1,EA,DOOR SWEEP,39A,ZER,A,,Zero International,Anodized aluminum,False,42,"[80.1, 375.5, 531.9, 386.6]",
033,,False,,42,0.97,1,EA,THRESHOLD,656A-E-V3-W/HOLES-226,ZER,A,,Zero International,Anodized aluminum,False,42,"[80.1, 389.1, 531.9, 400.2]",
034,,False,,"42, 43",0.97,3,EA,HEAVYWEIGHT HINGE,5BB1HW 4.5 X 4.5,IVE,630,,Ives,Satin stainless steel,False,42,"[80.1, 576.1, 528.0, 587.2]",
034,,False,,"42, 43",0.97,1,EA,PASSAGE SET,9K30N 15D,BES,626,,Best,Satin chrome,False,42,"[80.1, 589.5, 532.0, 600.6]",
034,,False,,"42, 43",0.97,1,EA,SURFACE CLOSER,4040XP REG TBSRT/ 4040XP EDA TBSRT - AS REQUIRED,LCN,689,,LCN,Aluminum painted,False,42,"[80.1, 603.1, 531.9, 625.7]",
034,,False,,"42, 43",0.97,1,EA,KICK PLATE,"8400 10"" HIGH LDW B-CS",IVE,630,,Ives,Satin stainless steel,False,42,"[80.1, 628.0, 528.0, 639.2]",
034,,False,,"42, 43",0.97,1,EA,WALL STOP,WS401/402CCV,IVE,626,,Ives,Satin chrome,False,42,"[80.1, 641.6, 528.0, 652.7]",
034,,False,,"42, 43",0.97,1,EA,GASKETING SET,188SBK PSA,ZER,BK,,Zero International,Black,False,42,"[80.1, 655.0, 531.9, 666.2]",
035,,False,,"43, 44",0.93,6,EA,HEAVYWEIGHT HINGE,5BB1HW 4.5 X 4.5 - NRP AT OUTSWINGING LOCKING DOORS,IVE,652,,Ives,Satin chrome plated steel,False,43,"[80.1, 231.5, 528.0, 265.7]",
035,,False,,"43, 44",0.93,2,EA,POWER TRANSFER,EPT10 CON,VON,689,,Von Duprin,Aluminum painted,True,43,"[80.1, 268.1, 533.6, 279.2]",
035,,False,,"43, 44",0.93,1,EA,ELEC FIRE EXIT HARDWARE,RX-QEL-9847-L-DT-F-LBR- 06SS-CON 24 VDC,VON,630,,Von Duprin,Satin stainless steel,True,43,"[80.1, 281.6, 533.6, 304.2]",
035,,False,,"43, 44",0.93,1,EA,ELEC FIRE EXIT HARDWARE,RX-QEL-9847-L-NL-F-06SS 24 VDC,VON,630,,Von Duprin,Satin stainless steel,True,43,"[80.1, 306.5, 533.6, 329.1]",
035,,False,,"43, 44",0.93,1,EA,RIM CYLINDER,1E SERIES - PROVIDE BRASS CONSTRUCTION CORE,BES,626,,Best,Satin chrome,False,43,"[80.1, 331.6, 532.0, 365.6]",
035,,False,,"43, 44",0.93,1,EA,PERMANENT CORE - COMBINATED,1C72,BES,626,,Best,Satin chrome,False,43,"[80.1, 381.5, 532.0, 404.1]",
035,,False,,"43, 44",0.93,2,EA,SURFACE CLOSER,4040XP REG TBSRT/ 4040XP EDA TBSRT - AS REQUIRED,LCN,689,,LCN,Aluminum painted,False,43,"[80.1, 406.6, 531.9, 429.1]",
035,,False,,"43, 44",0.93,2,EA,KICK PLATE,"8400 10"" HIGH LDW B-CS",IVE,630,,Ives,Satin stainless steel,False,43,"[80.1, 431.6, 528.0, 442.7]",
035,,False,,"43, 44",0.93,2,EA,WALL STOP,WS401/402CCV,IVE,626,,Ives,Satin chrome,False,43,"[80.1, 445.0, 528.0, 456.1]",
035,,False,,"43, 44",0.93,2,EA,WIRE HARNESS (IN DOOR),ALLEGION CONNECT TYPE & LENGTH AS REQ,SCH,,,Schlage,,True,43,"[80.1, 508.6, 533.0, 531.1]",
035,,False,,"43, 44",0.93,2,EA,WIRE HARNESS CONNECTOR - IN FRAME,CON - 6W - FROM CON TO POWER SUPPLY,SCH,,,Schlage,,True,43,"[80.1, 533.6, 533.0, 567.6]",
035,,False,,"43, 44",0.93,1,EA,MULTITECH CREDENTIAL READER,PROVIDED BY DIV 28 - MTB15 OR MTB11 AS REQUIRED,SCE,BLK,,Schlage Electronics,Black,True,43,"[80.1, 595.0, 532.5, 617.7]",
035,,False,,"43, 44",0.93,2,EA,DOOR POSITION SWITCH - AS REQUIRED,"BY DIVISION 28 [BULLETIN 023, 251218]",B/O,,,By Others,,True,43,"[80.1, 620.1, 529.1, 642.6]",
035,,False,,"43, 44",0.93,1,EA,CREDENTIAL POWER SUPPLY,BY DIVISION 28,B/O,,,By Others,,True,43,"[80.1, 645.1, 529.7, 667.7]",
035,,False,,"43, 44",0.93,1,EA,POWER SUPPLY,"PS904 900-4RL-FA 900-BBK 120/240 VAC [BULLETIN 023, 251218]",VON,,,Von Duprin,,True,43,"[80.1, 670.0, 533.6, 704.2]",
035,,False,,"43, 44",0.93,1,,DIAGRAMS,"PROVIDE FACTORY POINT TO POINT WIRING DIAGRAMS [BULLETIN 023, 251218]",,,,,,False,44,"[80.1, 202.1, 415.0, 236.1]",
036,,False,,"44, 45",0.93,6,EA,HEAVYWEIGHT HINGE,5BB1HW 4.5 X 4.5 - NRP AT OUTSWINGING LOCKING DOORS,IVE,652,,Ives,Satin chrome plated steel,False,44,"[80.1, 375.5, 528.0, 409.7]",
036,,False,,"44, 45",0.93,2,EA,POWER TRANSFER,EPT10 CON,VON,689,,Von Duprin,Aluminum painted,True,44,"[80.1, 412.0, 533.6, 423.1]",
036,,False,,"44, 45",0.93,1,EA,ELEC FIRE EXIT HARDWARE,RX-LC-QEL-9849-EO-F-CON- SNB 24 VDC,VON,630,,Von Duprin,Satin stainless steel,True,44,"[80.1, 425.6, 533.6, 448.2]",
036,,False,,"44, 45",0.93,1,EA,ELEC FIRE EXIT HARDWARE,RX-LC-QEL-9849-L-NL-F-06- CON-SNB 24 VDC,VON,630,,Von Duprin,Satin stainless steel,True,44,"[80.1, 450.5, 533.6, 473.2]",
036,,False,,"44, 45",0.93,1,EA,RIM CYLINDER,IE72-PATD - AS REQUIRED - PROVIDE BRASS CONSTRUCTION CORE,BES,626,,Best,Satin chrome,False,44,"[80.1, 475.6, 532.0, 509.6]",
036,,False,,"44, 45",0.93,1,EA,PERMANENT CORE - COMBINATED,1C72,BES,626,,Best,Satin chrome,False,44,"[80.1, 512.1, 532.0, 534.7]",
036,,False,,"44, 45",0.93,1,EA,HIGH ENERGY AUTOMATIC OPERATOR,BY RELATED SECTION 08 71 13,B/O,,,By Others,,True,44,"[80.1, 537.1, 529.1, 559.7]",
036,,False,,"44, 45",0.93,1,EA,MATS/RAILS - AS REQUIRED,FURNISHED BY SECTION 08 71 13,B/O,,,By Others,,True,44,"[80.1, 562.0, 529.1, 584.6]",
036,,False,,"44, 45",0.93,2,EA,MOTION SENSOR,"FURNISHED BY SECTION 08 71 13 [BULLETIN 023, 251218]",B/O,,,By Others,,True,44,"[80.1, 587.1, 529.7, 609.6]",
036,,False,,"44, 45",0.93,2,EA,WALL STOP,WS401/402CCV,IVE,626,,Ives,Satin chrome,False,44,"[80.1, 612.1, 528.0, 623.2]",
036,,False,,"44, 45",0.93,1,EA,GASKETING SET,188SBK PSA,ZER,BK,,Zero International,Black,False,44,"[80.1, 625.5, 531.9, 636.6]",
036,,False,,"44, 45",0.93,2,SET,ASTRAGAL SET,8193AA-S,ZER,AA,,Zero International,Anodized aluminum,False,44,"[80.1, 639.1, 531.9, 650.2]",
036,,False,,"44, 45",0.93,2,EA,WIRE HARNESS - IN DOOR,CON - LENGTH AS REQUIRED - FROM LOCK TO EPT,SCH,,,Schlage,,True,44,"[80.1, 652.5, 533.0, 675.2]",
036,,False,,"44, 45",0.93,2,EA,WIRE HARNESS CONNECTOR - IN FRAME,CON - 6W - FROM CON TO POWER SUPPLY,SCH,,,Schlage,,True,44,"[80.1, 677.6, 533.0, 711.6]",
036,,False,,"44, 45",0.93,1,EA,MULTITECH CREDENTIAL READER,PROVIDED BY DIV 28 - MTB15 OR MTB11 AS REQUIRED,SCE,BLK,,Schlage Electronics,Black,True,45,"[80.1, 69.5, 532.5, 92.1]",
036,,False,,"44, 45",0.93,2,EA,DOOR POSITION SWITCH - AS REQUIRED,BY DIVISION 28,B/O,,,By Others,,True,45,"[80.1, 94.6, 529.1, 117.2]",
036,,False,,"44, 45",0.93,1,EA,POWER SUPPLY,"PS904 900-4RL-FA 900-BBK 120/240 VAC [BULLETIN 023, 251218]",VON,,,Von Duprin,,True,45,"[80.1, 119.5, 533.6, 153.7]",
037,,False,,"45, 46",0.94,2,EA,PIVOT SET,7226F SET,IVE,630,,Ives,Satin stainless steel,False,45,"[80.1, 352.6, 528.0, 363.7]",
037,,False,,"45, 46",0.94,2,EA,INTERMEDIATE PIVOT,7226F INT,IVE,630,,Ives,Satin stainless steel,False,45,"[80.1, 366.0, 528.0, 377.1]",
037,,False,,"45, 46",0.94,2,EA,POWER TRANSFER,EPT10 CON,VON,689,,Von Duprin,Aluminum painted,True,45,"[80.1, 379.6, 533.6, 390.7]",
037,,False,,"45, 46",0.94,1,EA,ELEC FIRE EXIT HARDWARE,RX-LC-QEL-9849-EO-F-CON- SNB 24 VDC,VON,630,,Von Duprin,Satin stainless steel,True,45,"[80.1, 393.0, 533.6, 415.7]",
037,,False,,"45, 46",0.94,1,EA,ELEC FIRE EXIT HARDWARE,RX-LC-QEL-9849-L-NL-F-06- CON-SNB 24 VDC,VON,630,,Von Duprin,Satin stainless steel,True,45,"[80.1, 418.0, 533.6, 440.6]",
037,,False,,"45, 46",0.94,1,EA,RIM CYLINDER,IE72-PATD - AS REQUIRED - PROVIDE BRASS CONSTRUCTION CORE,BES,626,,Best,Satin chrome,False,45,"[80.1, 443.1, 532.0, 477.1]",
037,,False,,"45, 46",0.94,1,EA,PERMANENT CORE - COMBINATED,1C72,BES,626,,Best,Satin chrome,False,45,"[80.1, 479.6, 532.0, 502.2]",
037,,False,,"45, 46",0.94,1,EA,AUTOMATIC OPERATOR,BY RELATED SECTION 08 71 13,B/O,,,By Others,,True,45,"[80.1, 504.5, 529.1, 527.2]",
037,,False,,"45, 46",0.94,1,,WAVE ACTUATOR,BY RELATED SECTION 08 71 13,,,,,,True,45,"[80.1, 529.6, 406.7, 552.1]",
037,,False,,"45, 46",0.94,1,EA,GASKETING SET,188SBK PSA,ZER,BK,,Zero International,Black,False,45,"[80.1, 554.6, 531.9, 565.7]",
037,,False,,"45, 46",0.94,2,SET,ASTRAGAL SET,8193AA-S,ZER,AA,,Zero International,Anodized aluminum,False,45,"[80.1, 568.0, 531.9, 579.1]",
037,,False,,"45, 46",0.94,2,EA,WIRE HARNESS - IN DOOR,CON - LENGTH AS REQUIRED - FROM LOCK TO EPT,SCH,,,Schlage,,True,45,"[80.1, 581.6, 533.0, 604.2]",
037,,False,,"45, 46",0.94,2,EA,WIRE HARNESS CONNECTOR - IN FRAME,CON - 6W - FROM CON TO POWER SUPPLY,SCH,,,Schlage,,True,45,"[80.1, 606.6, 533.0, 640.7]",
037,,False,,"45, 46",0.94,1,EA,MULTITECH CREDENTIAL READER,PROVIDED BY DIV 28 - MTB15 OR MTB11 AS REQUIRED,SCE,BLK,,Schlage Electronics,Black,True,45,"[80.1, 643.0, 532.5, 665.7]",
037,,False,,"45, 46",0.94,2,EA,DOOR POSITION SWITCH - AS REQUIRED,BY DIVISION 28,B/O,,,By Others,,True,45,"[80.1, 668.1, 529.1, 690.6]",
037,,False,,"45, 46",0.94,1,EA,POWER SUPPLY,PS904 900-4RL-FA 900-BBK 120/240 VAC,VON,,,Von Duprin,,True,46,"[80.1, 69.5, 533.6, 92.1]",
038,,False,,"46, 47",0.93,6,EA,HEAVYWEIGHT HINGE,5BB1HW 4.5 X 4.5 - NRP AT OUTSWINGING LOCKING DOORS,IVE,652,,Ives,Satin chrome plated steel,False,46,"[80.1, 375.5, 528.0, 409.7]",
038,,False,,"46, 47",0.93,2,EA,POWER TRANSFER,EPT10 CON,VON,689,,Von Duprin,Aluminum painted,True,46,"[80.1, 412.0, 533.6, 423.1]",
038,,False,,"46, 47",0.93,1,EA,AUTO FLUSH BOLT,FB41T/FB31T - AS REQUIRED,IVE,630,,Ives,Satin stainless steel,False,46,"[80.1, 425.6, 528.0, 436.7]",
038,,False,,"46, 47",0.93,1,EA,"FAIL SECURE CYLINDRICAL LOCK, RX",9K37DEU 15D RQE - PROVIDE BRASS CONSTRUCTION CORE,BES,626,,Best,Satin chrome,True,46,"[80.1, 439.0, 532.0, 473.2]",
038,,False,,"46, 47",0.93,1,EA,PERMANENT CORE - COMBINATED,1C72,BES,626,,Best,Satin chrome,False,46,"[80.1, 475.6, 532.0, 498.1]",
038,,False,,"46, 47",0.93,1,EA,ELECTRIC STRIKE - FAIL SECURE VOLTAGE AS REQUIRED - PAIR DOORS,"6223 FSE CON 12/16/24/28 VAC/VDC [BULLETIN 023, 251218]",VON,630,,Von Duprin,Satin stainless steel,True,46,"[80.1, 500.6, 533.6, 546.1]",
038,,False,,"46, 47",0.93,1,EA,AUTOMATIC OPERATOR,BY RELATED SECTION 08 71 13,B/O,,,By Others,,True,46,"[80.1, 573.5, 529.1, 596.2]",
038,,False,,"46, 47",0.93,1,EA,WAVE ACTUATOR,BY RELATED SECTION 08 71 - PUSH PLATE ACTUATOR AT 01-7103A,B/O,,,By Others,,True,46,"[80.1, 598.5, 529.1, 644.2]",
038,,False,,"46, 47",0.93,2,EA,KICK PLATE,"8400 10"" HIGH LDW B-CS",IVE,630,,Ives,Satin stainless steel,False,46,"[80.1, 646.5, 528.0, 657.6]",
038,,False,,"46, 47",0.93,1,EA,WIRE HARNESS - IN DOOR,CON - LENGTH AS REQUIRED - FROM ELECTRIC STRIKE TO EPT,SCH,,,Schlage,,True,46,"[80.1, 660.1, 533.0, 694.2]",
038,,False,,"46, 47",0.93,1,EA,WIRE HARNESS - IN DOOR,CON - LENGTH AS REQUIRED - FROM LOCK TO EPT,SCH,,,Schlage,,True,47,"[80.1, 69.5, 533.0, 92.1]",
038,,False,,"46, 47",0.93,2,EA,WIRE HARNESS CONNECTOR - IN FRAME,CON - 6W - FROM CON TO POWER SUPPLY,SCH,,,Schlage,,True,47,"[80.1, 94.6, 533.0, 128.6]",
038,,False,,"46, 47",0.93,1,EA,MULTITECH CREDENTIAL READER,PROVIDED BY DIV 28 - MTB15 OR MTB11 AS REQUIRED,SCE,BLK,,Schlage Electronics,Black,True,47,"[80.1, 131.0, 532.5, 153.7]",
038,,False,,"46, 47",0.93,2,EA,DOOR POSITION SWITCH - AS REQUIRED,BY DIVISION 28,B/O,,,By Others,,True,47,"[80.1, 156.0, 529.1, 178.6]",
038,,False,,"46, 47",0.93,1,EA,CREDENTIAL POWER SUPPLY,BY DIVISION 28,B/O,,,By Others,,True,47,"[80.1, 181.1, 529.1, 203.6]",
038,,False,,"46, 47",0.93,,,DIAGRAMS,PROVIDE FACTORY POINT TO POINT WIRING DIAGRAMS,,,,,,False,47,"[141.9, 327.0, 414.3, 349.7]",
039,,False,,"47, 48",0.93,2,EA,PIVOT SET,7230F SET,IVE,630,,Ives,Satin stainless steel,False,47,"[80.1, 546.5, 528.0, 557.6]",
039,,False,,"47, 48",0.93,2,EA,INTERMEDIATE PIVOT,7230F INT,IVE,630,,Ives,Satin stainless steel,False,47,"[80.1, 560.1, 528.0, 571.2]",
039,,False,,"47, 48",0.93,2,EA,POWER TRANSFER,EPT10 CON,VON,689,,Von Duprin,Aluminum painted,True,47,"[80.1, 573.5, 533.6, 584.6]",
039,,False,,"47, 48",0.93,1,EA,CONST LATCHING BOLT,FB51T/FB61T - AS REQUIRED,IVE,630,,Ives,Satin stainless steel,False,47,"[80.1, 598.5, 528.0, 609.6]",
039,,False,,"47, 48",0.93,1,EA,"FAIL SECURE CYLINDRICAL LOCK, RX",9K37DEU 15D LL RQE,BES,626,,Best,Satin chrome,True,47,"[80.1, 612.1, 532.0, 634.7]",
039,,False,,"47, 48",0.93,1,EA,PERMANENT CORE - COMBINATED,1C72,BES,626,,Best,Satin chrome,False,47,"[80.1, 637.0, 532.0, 659.7]",
039,,False,,"47, 48",0.93,1,EA,ELECTRIC STRIKE - FAIL SECURE VOLTAGE AS REQUIRED - PAIR DOORS,"6223 FSE CON 12/16/24/28 VAC/VDC [BULLETIN 023, 251218]",VON,630,,Von Duprin,Satin stainless steel,True,47,"[80.1, 662.1, 533.6, 707.7]",
039,,False,,"47, 48",0.93,1,EA,COORDINATOR,COR X FL X MB - AS REQUIRED,IVE,713,,Ives,Dark bronze anodized,False,48,"[80.1, 69.5, 528.0, 92.1]",
039,,False,,"47, 48",0.93,1,,AUTOMATIC OPERATOR,BY RELATED SECTION 08 71 13,,,,,,True,48,"[80.1, 94.6, 406.7, 117.2]",
039,,False,,"47, 48",0.93,1,,WAVE ACTUATOR,BY RELATED SECTION 08 71 13,,,,,,True,48,"[80.1, 119.5, 406.7, 142.2]",
039,,False,,"47, 48",0.93,2,EA,WALL STOP,WS406/407CCV,IVE,630,,Ives,Satin stainless steel,False,48,"[80.1, 144.5, 528.0, 155.6]",
039,,False,,"47, 48",0.93,1,EA,GASKETING SET,188SBK PSA,ZER,BK,,Zero International,Black,False,48,"[80.1, 158.0, 531.9, 169.2]",
039,,False,,"47, 48",0.93,1,EA,ASTRAGAL,Overlapping Lead Lined Astragal by Lead Lined Door Mfgr.,B/O,,,By Others,,False,48,"[80.1, 171.5, 529.1, 194.1]",
039,,False,,"47, 48",0.93,2,EA,WIRE HARNESS - IN DOOR,CON - LENGTH AS REQUIRED - FROM LOCK TO EPT,SCH,,,Schlage,,True,48,"[80.1, 196.6, 533.0, 219.2]",
039,,False,,"47, 48",0.93,2,EA,WIRE HARNESS CONNECTOR - IN FRAME,CON - 6W - FROM CON TO POWER SUPPLY,SCH,,,Schlage,,True,48,"[80.1, 221.5, 533.0, 255.7]",
039,,False,,"47, 48",0.93,1,EA,POWER SUPPLY - AS REQUIRED,BY DIVISION 28,B/O,,,By Others,,True,48,"[80.1, 258.0, 529.1, 280.7]",
039,,False,,"47, 48",0.93,1,EA,MULTITECH CREDENTIAL READER,PROVIDED BY DIV 28 - MTB15 OR MTB11 AS REQUIRED,SCE,BLK,,Schlage Electronics,Black,True,48,"[80.1, 283.1, 532.5, 305.6]",
039,,False,,"47, 48",0.93,,,DIAGRAMS,PROVIDE FACTORY POINT TO POINT WIRING DIAGRAMS,,,,,,False,48,"[141.9, 367.6, 414.3, 390.1]",
040,,False,,"48, 49",0.93,2,EA,PIVOT SET,7230F SET,IVE,630,,Ives,Satin stainless steel,False,48,"[80.1, 671.6, 528.0, 682.7]",
040,,False,,"48, 49",0.93,2,EA,INTERMEDIATE PIVOT,7230F INT,IVE,630,,Ives,Satin stainless steel,False,48,"[80.1, 685.0, 528.0, 696.1]",
040,,False,,"48, 49",0.93,1,EA,POWER TRANSFER,EPT10 CON,VON,689,,Von Duprin,Aluminum painted,True,48,"[80.1, 698.6, 533.6, 709.7]",
040,,False,,"48, 49",0.93,1,EA,CONST LATCHING BOLT,FB51T/FB61T - AS REQUIRED,IVE,630,,Ives,Satin stainless steel,False,49,"[80.1, 69.5, 528.0, 80.6]",
040,,False,,"48, 49",0.93,1,EA,"FAIL SECURE CYLINDRICAL LOCK, RX",9K37DEU 15D LL RQE,BES,626,,Best,Satin chrome,True,49,"[80.1, 83.0, 532.0, 105.7]",
040,,False,,"48, 49",0.93,1,EA,PERMANENT CORE - COMBINATED,1C72,BES,626,,Best,Satin chrome,False,49,"[80.1, 108.0, 532.0, 130.6]",
040,,False,,"48, 49",0.93,1,EA,COORDINATOR,COR X FL X MB - AS REQUIRED,IVE,713,,Ives,Dark bronze anodized,False,49,"[80.1, 133.1, 528.0, 155.6]",
040,,False,,"48, 49",0.93,1,,AUTOMATIC OPERATOR,BY RELATED SECTION 08 71 13,,,,,,True,49,"[80.1, 158.0, 406.7, 180.7]",
040,,False,,"48, 49",0.93,1,,WAVE ACTUATOR,BY RELATED SECTION 08 71 13,,,,,,True,49,"[80.1, 183.0, 406.7, 205.6]",
040,,False,,"48, 49",0.93,2,EA,WALL STOP,WS406/407CCV,IVE,630,,Ives,Satin stainless steel,False,49,"[80.1, 208.1, 528.0, 219.2]",
040,,False,,"48, 49",0.93,1,EA,GASKETING SET,188SBK PSA,ZER,BK,,Zero International,Black,False,49,"[80.1, 221.5, 531.9, 232.6]",
040,,False,,"48, 49",0.93,1,EA,ASTRAGAL,Overlapping Lead Lined Astragal by Lead Lined Door Mfgr.,B/O,,,By Others,,False,49,"[80.1, 235.1, 529.1, 257.6]",
040,,False,,"48, 49",0.93,1,EA,WIRE HARNESS - IN DOOR,CON - LENGTH AS REQUIRED - FROM LOCK TO EPT,SCH,,,Schlage,,True,49,"[80.1, 260.1, 533.0, 282.7]",
040,,False,,"48, 49",0.93,1,EA,WIRE HARNESS CONNECTOR - IN FRAME,CON - 6W - FROM CON TO POWER SUPPLY,SCH,,,Schlage,,True,49,"[80.1, 285.0, 533.0, 319.2]",
040,,False,,"48, 49",0.93,1,EA,POWER SUPPLY - AS REQUIRED,BY DIVISION 28,B/O,,,By Others,,True,49,"[80.1, 321.5, 529.1, 344.1]",
040,,False,,"48, 49",0.93,1,EA,MULTITECH CREDENTIAL READER,PROVIDED BY DIV 28 - MTB15 OR MTB11 AS REQUIRED,SCE,BLK,,Schlage Electronics,Black,True,49,"[80.1, 346.6, 532.5, 369.1]",
040,,False,,"48, 49",0.93,,,DIAGRAMS,PROVIDE FACTORY POINT TO POINT WIRING DIAGRAMS,,,,,,False,49,"[141.9, 419.6, 414.3, 442.2]",
041,,False,,"49, 50",0.93,6,EA,HEAVYWEIGHT HINGE,5BB1HW 4.5 X 4.5 - NRP AT OUTSWINGING LOCKING DOORS,IVE,652,,Ives,Satin chrome plated steel,False,50,"[80.1, 69.5, 528.0, 103.6]",
041,,False,,"49, 50",0.93,1,EA,POWER TRANSFER,EPT10 CON,VON,689,,Von Duprin,Aluminum painted,True,50,"[80.1, 106.1, 533.6, 117.2]",
041,,False,,"49, 50",0.93,1,EA,CONST LATCHING BOLT,FB51T/FB61T - AS REQUIRED,IVE,630,,Ives,Satin stainless steel,False,50,"[80.1, 119.5, 528.0, 130.6]",
041,,False,,"49, 50",0.93,1,EA,INTEGRATED LOCK,AD-300-CY-70-MT-RHO-B 12/24 VDC - LEAD LINE LOCK - AS REQUIRED,SCE,626,,Schlage Electronics,Satin chrome,True,50,"[80.1, 133.1, 532.5, 178.6]",
041,,False,,"49, 50",0.93,1,EA,SFIC CONST. CORE - CONSTRUCTION PHASE,80-035 GRN,SCH,,,Schlage,,False,50,"[80.1, 181.1, 533.0, 203.6]",
041,,False,,"49, 50",0.93,1,EA,PERMANENT CORE - COMBINATED,1C72,BES,626,,Best,Satin chrome,False,50,"[80.1, 206.0, 532.0, 228.7]",
041,,False,,"49, 50",0.93,1,EA,COORDINATOR,COR X FL X MB - AS REQUIRED,IVE,713,,Ives,Dark bronze anodized,False,50,"[80.1, 231.0, 528.0, 253.6]",
041,,False,,"49, 50",0.93,2,EA,SURFACE CLOSER,4040XP REG TBSRT/ 4040XP EDA TBSRT - AS REQUIRED,LCN,689,,LCN,Aluminum painted,False,50,"[80.1, 256.1, 531.9, 278.6]",
041,,False,,"49, 50",0.93,2,EA,KICK PLATE,"8400 10"" HIGH LDW B-CS",IVE,630,,Ives,Satin stainless steel,False,50,"[80.1, 281.1, 528.0, 292.2]",
041,,False,,"49, 50",0.93,2,EA,WALL STOP,WS406/407CCV,IVE,630,,Ives,Satin stainless steel,False,50,"[80.1, 294.5, 528.0, 305.6]",
041,,False,,"49, 50",0.93,1,EA,GASKETING SET,188SBK PSA,ZER,BK,,Zero International,Black,False,50,"[80.1, 308.1, 531.9, 319.2]",
041,,False,,"49, 50",0.93,1,EA,WIRE HARNESS - IN DOOR,CON - LENGTH AS REQUIRED - FROM LOCK TO EPT,SCH,,,Schlage,,True,50,"[80.1, 321.5, 533.0, 344.1]",
041,,False,,"49, 50",0.93,1,EA,WIRE HARNESS CONNECTOR - IN FRAME,CON - 6W - FROM CON TO POWER SUPPLY,SCH,,,Schlage,,True,50,"[80.1, 346.6, 533.0, 380.6]",
041,,False,,"49, 50",0.93,1,EA,POWER SUPPLY - AS REQUIRED,BY DIVISION 28,B/O,,,By Others,,True,50,"[80.1, 383.1, 529.1, 405.7]",
041,,False,,"49, 50",0.93,,,DIAGRAMS,PROVIDE FACTORY POINT TO POINT WIRING DIAGRAMS,,,,,,False,50,"[141.9, 481.0, 414.3, 503.6]",
042,,False,,"50, 51",0.93,6,EA,HEAVYWEIGHT HINGE,5BB1HW 4.5 X 4.5 - NRP AT OUTSWINGING LOCKING DOORS,IVE,652,,Ives,Satin chrome plated steel,False,51,"[80.1, 69.5, 528.0, 103.6]",
042,,False,,"50, 51",0.93,1,EA,POWER TRANSFER,EPT10 CON,VON,689,,Von Duprin,Aluminum painted,True,51,"[80.1, 106.1, 533.6, 117.2]",
042,,False,,"50, 51",0.93,1,EA,CONST LATCHING BOLT,FB51T/FB61T - AS REQUIRED,IVE,630,,Ives,Satin stainless steel,False,51,"[80.1, 119.5, 528.0, 130.6]",
042,,False,,"50, 51",0.93,1,EA,INTEGRATED LOCK,AD-300-CY-70-MT-RHO-B 12/24 VDC - LEAD LINE LOCK - AS REQUIRED,SCE,626,,Schlage Electronics,Satin chrome,True,51,"[80.1, 133.1, 532.5, 178.6]",
042,,False,,"50, 51",0.93,1,EA,SFIC CONST. CORE - CONSTRUCTION PHASE,80-035 GRN,SCH,,,Schlage,,False,51,"[80.1, 181.1, 533.0, 203.6]",
042,,False,,"50, 51",0.93,1,EA,PERMANENT CORE - COMBINATED,1C72,BES,626,,Best,Satin chrome,False,51,"[80.1, 206.0, 532.0, 228.7]",
042,,False,,"50, 51",0.93,1,EA,COORDINATOR,COR X FL X MB - AS REQUIRED,IVE,713,,Ives,Dark bronze anodized,False,51,"[80.1, 231.0, 528.0, 253.6]",
042,,False,,"50, 51",0.93,2,EA,DELAYED SURFACE CLOSER,4041 DEL REG TBSRT/ 4041 DEL EDA TBSRT - AS REQUIRED,LCN,689,,LCN,Aluminum painted,False,51,"[80.1, 256.1, 531.9, 290.1]",
042,,False,,"50, 51",0.93,2,EA,KICK PLATE,"8400 10"" HIGH LDW B-CS",IVE,630,,Ives,Satin stainless steel,False,51,"[80.1, 292.6, 528.0, 303.7]",
042,,False,,"50, 51",0.93,2,EA,WALL STOP,WS406/407CCV,IVE,630,,Ives,Satin stainless steel,False,51,"[80.1, 306.0, 528.0, 317.1]",
042,,False,,"50, 51",0.93,2,EA,SILENCER,"SR64 [BULLETIN 023, 251218]",IVE,GRY,,Ives,Gray,False,51,"[80.1, 344.6, 528.0, 355.7]",
042,,False,,"50, 51",0.93,1,EA,WIRE HARNESS - IN DOOR,CON - LENGTH AS REQUIRED - FROM LOCK TO EPT,SCH,,,Schlage,,True,51,"[80.1, 358.0, 533.0, 380.6]",
042,,False,,"50, 51",0.93,1,EA,WIRE HARNESS CONNECTOR - IN FRAME,CON - 6W - FROM CON TO POWER SUPPLY,SCH,,,Schlage,,True,51,"[80.1, 383.1, 533.0, 417.1]",
042,,False,,"50, 51",0.93,1,EA,POWER SUPPLY - AS REQUIRED,BY DIVISION 28,B/O,,,By Others,,True,51,"[80.1, 419.6, 529.1, 442.2]",
042,,False,,"50, 51",0.93,,,DIAGRAMS,PROVIDE FACTORY POINT TO POINT WIRING DIAGRAMS,,,,,,False,51,"[141.9, 577.0, 414.3, 599.6]",
043,,False,,"51, 52",0.93,6,EA,HEAVYWEIGHT HINGE,5BB1HW 4.5 X 4.5 - NRP AT OUTSWINGING LOCKING DOORS,IVE,652,,Ives,Satin chrome plated steel,False,52,"[80.1, 123.5, 528.0, 157.6]",
043,,False,,"51, 52",0.93,1,EA,POWER TRANSFER,EPT10 CON,VON,689,,Von Duprin,Aluminum painted,True,52,"[80.1, 160.1, 533.6, 171.2]",
043,,False,,"51, 52",0.93,1,EA,CONST LATCHING BOLT,FB51T/FB61T - AS REQUIRED,IVE,630,,Ives,Satin stainless steel,False,52,"[80.1, 173.5, 528.0, 184.6]",
043,,False,,"51, 52",0.93,1,EA,INTEGRATED LOCK,AD-300-CY-70-MT-RHO-B 12/24 VDC - LEAD LINE LOCK - AS REQUIRED,SCE,626,,Schlage Electronics,Satin chrome,True,52,"[80.1, 187.1, 532.5, 232.6]",
043,,False,,"51, 52",0.93,1,EA,SFIC CONST. CORE - CONSTRUCTION PHASE,80-035 GRN,SCH,,,Schlage,,False,52,"[80.1, 235.1, 533.0, 257.6]",
043,,False,,"51, 52",0.93,1,EA,PERMANENT CORE - COMBINATED,1C72,BES,626,,Best,Satin chrome,False,52,"[80.1, 260.1, 532.0, 282.7]",
043,,False,,"51, 52",0.93,1,EA,COORDINATOR,COR X FL X MB - AS REQUIRED,IVE,713,,Ives,Dark bronze anodized,False,52,"[80.1, 285.0, 528.0, 307.7]",
043,,False,,"51, 52",0.93,2,EA,DELAYED SURFACE CLOSER,4041 DEL REG TBSRT/ 4041 DEL EDA TBSRT - AS REQUIRED,LCN,689,,LCN,Aluminum painted,False,52,"[80.1, 310.0, 531.9, 344.1]",
043,,False,,"51, 52",0.93,4,EA,ARMOR PLATE - AS REQUIRED,"8400/8402 34"" HIGH LDW B-CS",IVE,630,,Ives,Satin stainless steel,False,52,"[80.1, 346.6, 528.0, 369.1]",
043,,False,,"51, 52",0.93,4,EA,EDGEGUARD,7310/7310B W/CUT OUTS AS REQUIRED,IVE,630,,Ives,Satin stainless steel,False,52,"[80.1, 371.6, 528.0, 394.2]",
043,,False,,"51, 52",0.93,2,EA,WALL STOP,WS406/407CCV,IVE,630,,Ives,Satin stainless steel,False,52,"[80.1, 396.5, 528.0, 407.6]",
043,,False,,"51, 52",0.93,1,EA,GASKETING SET,188SBK PSA,ZER,BK,,Zero International,Black,False,52,"[80.1, 410.1, 531.9, 421.2]",
043,,False,,"51, 52",0.93,1,EA,WIRE HARNESS - IN DOOR,CON - LENGTH AS REQUIRED - FROM LOCK TO EPT,SCH,,,Schlage,,True,52,"[80.1, 423.5, 533.0, 446.2]",
043,,False,,"51, 52",0.93,1,EA,WIRE HARNESS CONNECTOR - IN FRAME,CON - 6W - FROM CON TO POWER SUPPLY,SCH,,,Schlage,,True,52,"[80.1, 448.6, 533.0, 482.6]",
043,,False,,"51, 52",0.93,1,EA,POWER SUPPLY - AS REQUIRED DIAGRAMS,BY DIVISION 28 PROVIDE FACTORY POINT TO POINT WIRING DIAGRAMS,B/O,,,By Others,,True,52,"[80.1, 485.1, 529.1, 532.7]",
046,,False,,"52, 53",0.94,6,EA,HEAVYWEIGHT HINGE,5BB1HW 4.5 X 4.5 - NRP AT OUTSWINGING LOCKING DOORS,IVE,652,,Ives,Satin chrome plated steel,False,53,"[80.1, 69.5, 528.0, 103.6]",
046,,False,,"52, 53",0.94,1,EA,POWER TRANSFER,EPT10 CON,VON,689,,Von Duprin,Aluminum painted,True,53,"[80.1, 106.1, 533.6, 117.2]",
046,,False,,"52, 53",0.94,1,EA,CONST LATCHING BOLT,FB51T/FB61T - AS REQUIRED,IVE,630,,Ives,Satin stainless steel,False,53,"[80.1, 119.5, 528.0, 130.6]",
046,,False,,"52, 53",0.94,1,EA,INTEGRATED LOCK,AD-300-CY-70-MT-RHO-B 12/24 VDC - LEAD LINE LOCK - AS REQUIRED,SCE,626,,Schlage Electronics,Satin chrome,True,53,"[80.1, 133.1, 532.5, 178.6]",
046,,False,,"52, 53",0.94,1,EA,SFIC CONST. CORE - CONSTRUCTION PHASE,80-035 GRN,SCH,,,Schlage,,False,53,"[80.1, 181.1, 533.0, 203.6]",
046,,False,,"52, 53",0.94,1,EA,PERMANENT CORE - COMBINATED,1C72,BES,626,,Best,Satin chrome,False,53,"[80.1, 206.0, 532.0, 228.7]",
046,,False,,"52, 53",0.94,1,EA,COORDINATOR,COR X FL X MB - AS REQUIRED,IVE,713,,Ives,Dark bronze anodized,False,53,"[80.1, 231.0, 528.0, 253.6]",
046,,False,,"52, 53",0.94,2,EA,SURFACE CLOSER,4040XP SHCUSH TBSRT,LCN,689,,LCN,Aluminum painted,False,53,"[80.1, 256.1, 531.9, 267.2]",
046,,False,,"52, 53",0.94,2,EA,KICK PLATE,"8400 10"" HIGH LDW B-CS",IVE,630,,Ives,Satin stainless steel,False,53,"[80.1, 269.6, 528.0, 280.7]",
046,,False,,"52, 53",0.94,1,EA,GASKETING SET,188SBK PSA,ZER,BK,,Zero International,Black,False,53,"[80.1, 283.1, 531.9, 294.2]",
046,,False,,"52, 53",0.94,1,SET,ASTRAGAL SET,8193AA-S,ZER,AA,,Zero International,Anodized aluminum,False,53,"[80.1, 296.6, 531.9, 307.7]",
046,,False,,"52, 53",0.94,2,EA,DOOR BOTTOM,369AA-Z49,ZER,AA,,Zero International,Anodized aluminum,False,53,"[80.1, 310.0, 531.9, 321.1]",
046,,False,,"52, 53",0.94,1,EA,WIRE HARNESS - IN DOOR,CON - LENGTH AS REQUIRED - FROM LOCK TO EPT,SCH,,,Schlage,,True,53,"[80.1, 323.6, 533.0, 346.2]",
046,,False,,"52, 53",0.94,1,EA,WIRE HARNESS CONNECTOR - IN FRAME,CON - 6W - FROM CON TO POWER SUPPLY,SCH,,,Schlage,,True,53,"[80.1, 348.5, 533.0, 382.7]",
046,,False,,"52, 53",0.94,1,EA,POWER SUPPLY - AS REQUIRED,BY DIVISION 28,B/O,,,By Others,,True,53,"[80.1, 385.0, 529.1, 407.6]",
046,,False,,"52, 53",0.94,,,DIAGRAMS,PROVIDE FACTORY POINT TO POINT WIRING DIAGRAMS,,,,,,False,53,"[141.9, 483.1, 414.3, 505.7]",
047,,False,,"53, 54",0.93,6,EA,HEAVYWEIGHT HINGE,5BB1HW 4.5 X 4.5 - NRP AT OUTSWINGING LOCKING DOORS,IVE,652,,Ives,Satin chrome plated steel,False,53,"[80.1, 679.5, 528.0, 713.7]",
047,,False,,"53, 54",0.93,1,EA,POWER TRANSFER,EPT10 CON,VON,689,,Von Duprin,Aluminum painted,True,54,"[80.1, 69.5, 533.6, 80.6]",
047,,False,,"53, 54",0.93,1,EA,CONST LATCHING BOLT,FB51T/FB61T - AS REQUIRED,IVE,630,,Ives,Satin stainless steel,False,54,"[80.1, 83.0, 528.0, 94.2]",
047,,False,,"53, 54",0.93,1,EA,INTEGRATED LOCK,AD-300-CY-70-MT-RHO-B 12/24 VDC - LEAD LINE LOCK - AS REQUIRED,SCE,626,,Schlage Electronics,Satin chrome,True,54,"[80.1, 96.5, 532.5, 142.2]",
047,,False,,"53, 54",0.93,1,EA,SFIC CONST. CORE - CONSTRUCTION PHASE,80-035 GRN,SCH,,,Schlage,,False,54,"[80.1, 144.5, 533.0, 167.1]",
047,,False,,"53, 54",0.93,1,EA,PERMANENT CORE - COMBINATED,1C72,BES,626,,Best,Satin chrome,False,54,"[80.1, 169.6, 532.0, 192.2]",
047,,False,,"53, 54",0.93,1,EA,COORDINATOR,COR X FL X MB - AS REQUIRED,IVE,713,,Ives,Dark bronze anodized,False,54,"[80.1, 194.5, 528.0, 217.2]",
047,,False,,"53, 54",0.93,2,EA,OH STOP,90S X J BKT - AS REQUIRED - STOP TO BE MOUNTED ON ROOM SIDE,GLY,630,,Glynn-Johnson,Satin stainless steel,False,54,"[80.1, 219.5, 531.3, 253.6]",
047,,False,,"53, 54",0.93,2,EA,SURFACE CLOSER,4040XP REG TBSRT/ 4040XP EDA TBSRT - AS REQUIRED,LCN,689,,LCN,Aluminum painted,False,54,"[80.1, 256.1, 531.9, 278.6]",
047,,False,,"53, 54",0.93,2,EA,KICK PLATE,"8400 10"" HIGH LDW B-CS",IVE,630,,Ives,Satin stainless steel,False,54,"[80.1, 281.1, 528.0, 292.2]",
047,,False,,"53, 54",0.93,1,EA,GASKETING SET,188SBK PSA,ZER,BK,,Zero International,Black,False,54,"[80.1, 294.5, 531.9, 305.6]",
047,,False,,"53, 54",0.93,1,EA,WIRE HARNESS - IN DOOR,CON - LENGTH AS REQUIRED - FROM LOCK TO EPT,SCH,,,Schlage,,True,54,"[80.1, 308.1, 533.0, 330.7]",
047,,False,,"53, 54",0.93,1,EA,WIRE HARNESS CONNECTOR - IN FRAME,CON - 6W - FROM CON TO POWER SUPPLY,SCH,,,Schlage,,True,54,"[80.1, 333.0, 533.0, 367.2]",
047,,False,,"53, 54",0.93,1,EA,POWER SUPPLY - AS REQUIRED,BY DIVISION 28,B/O,,,By Others,,True,54,"[80.1, 369.5, 529.1, 392.1]",
047,,False,,"53, 54",0.93,,,DIAGRAMS,PROVIDE FACTORY POINT TO POINT WIRING DIAGRAMS,,,,,,False,54,"[141.9, 467.6, 414.3, 490.2]",
048,,False,,"54, 55",0.93,6,EA,HEAVYWEIGHT HINGE,5BB1HW 4.5 X 4.5 - NRP AT OUTSWINGING LOCKING DOORS,IVE,652,,Ives,Satin chrome plated steel,False,54,"[80.1, 664.0, 528.0, 698.2]",
048,,False,,"54, 55",0.93,1,EA,POWER TRANSFER,EPT10 CON,VON,689,,Von Duprin,Aluminum painted,True,54,"[80.1, 700.5, 533.6, 711.6]",
048,,False,,"54, 55",0.93,1,EA,CONST LATCHING BOLT,FB51T/FB61T - AS REQUIRED,IVE,630,,Ives,Satin stainless steel,False,55,"[80.1, 69.5, 528.0, 80.6]",
048,,False,,"54, 55",0.93,1,EA,INTEGRATED LOCK,AD-300-CY-70-MT-RHO-B 12/24 VDC - LEAD LINE LOCK - AS REQUIRED,SCE,626,,Schlage Electronics,Satin chrome,True,55,"[80.1, 83.0, 532.5, 128.6]",
048,,False,,"54, 55",0.93,1,EA,SFIC CONST. CORE - CONSTRUCTION PHASE,80-035 GRN,SCH,,,Schlage,,False,55,"[80.1, 131.0, 533.0, 153.7]",
048,,False,,"54, 55",0.93,1,EA,PERMANENT CORE - COMBINATED,1C72,BES,626,,Best,Satin chrome,False,55,"[80.1, 156.0, 532.0, 178.6]",
048,,False,,"54, 55",0.93,1,EA,COORDINATOR,COR X FL X MB - AS REQUIRED,IVE,713,,Ives,Dark bronze anodized,False,55,"[80.1, 181.1, 528.0, 203.6]",
048,,False,,"54, 55",0.93,2,EA,OH STOP,90S X J BKT - AS REQUIRED - STOP TO BE MOUNTED ON ROOM SIDE,GLY,630,,Glynn-Johnson,Satin stainless steel,False,55,"[80.1, 206.0, 531.3, 240.2]",
048,,False,,"54, 55",0.93,2,EA,DELAYED SURFACE CLOSER,4041 DEL REG TBSRT/ 4041 DEL EDA TBSRT - AS REQUIRED,LCN,689,,LCN,Aluminum painted,False,55,"[80.1, 242.5, 531.9, 276.7]",
048,,False,,"54, 55",0.93,2,EA,KICK PLATE,"8400 10"" HIGH LDW B-CS",IVE,630,,Ives,Satin stainless steel,False,55,"[80.1, 279.0, 528.0, 290.1]",
048,,False,,"54, 55",0.93,2,EA,SILENCER,"SR64 [BULLETIN 023, 251218]",IVE,GRY,,Ives,Gray,False,55,"[80.1, 317.6, 528.0, 328.7]",
048,,False,,"54, 55",0.93,1,EA,WIRE HARNESS - IN DOOR,CON - LENGTH AS REQUIRED - FROM LOCK TO EPT,SCH,,,Schlage,,True,55,"[80.1, 331.0, 533.0, 353.6]",
048,,False,,"54, 55",0.93,1,EA,WIRE HARNESS CONNECTOR - IN FRAME,CON - 6W - FROM CON TO POWER SUPPLY,SCH,,,Schlage,,True,55,"[80.1, 356.1, 533.0, 390.1]",
048,,False,,"54, 55",0.93,1,EA,POWER SUPPLY - AS REQUIRED,BY DIVISION 28,B/O,,,By Others,,True,55,"[80.1, 392.6, 529.1, 415.2]",
048,,False,,"54, 55",0.93,,,DIAGRAMS,PROVIDE FACTORY POINT TO POINT WIRING DIAGRAMS,,,,,,False,55,"[141.9, 550.0, 414.3, 572.6]",
049,,False,,"55, 56",0.93,6,EA,HEAVYWEIGHT HINGE,5BB1HW 4.5 X 4.5 - NRP AT OUTSWINGING LOCKING DOORS,IVE,652,,Ives,Satin chrome plated steel,False,56,"[80.1, 81.0, 528.0, 115.2]",
049,,False,,"55, 56",0.93,1,EA,POWER TRANSFER,EPT10 CON,VON,689,,Von Duprin,Aluminum painted,True,56,"[80.1, 117.5, 533.6, 128.6]",
049,,False,,"55, 56",0.93,1,EA,CONST LATCHING BOLT,FB51T/FB61T - AS REQUIRED,IVE,630,,Ives,Satin stainless steel,False,56,"[80.1, 131.0, 528.0, 142.2]",
049,,False,,"55, 56",0.93,1,EA,INTEGRATED LOCK,AD-300-CY-70-MT-RHO-B 12/24 VDC - LEAD LINE LOCK - AS REQUIRED,SCE,626,,Schlage Electronics,Satin chrome,True,56,"[80.1, 144.5, 532.5, 190.2]",
049,,False,,"55, 56",0.93,1,EA,SFIC CONST. CORE - CONSTRUCTION PHASE,80-035 GRN,SCH,,,Schlage,,False,56,"[80.1, 192.5, 533.0, 215.1]",
049,,False,,"55, 56",0.93,1,EA,PERMANENT CORE - COMBINATED,1C72,BES,626,,Best,Satin chrome,False,56,"[80.1, 217.6, 532.0, 240.2]",
049,,False,,"55, 56",0.93,1,EA,COORDINATOR,COR X FL X MB - AS REQUIRED,IVE,713,,Ives,Dark bronze anodized,False,56,"[80.1, 242.5, 528.0, 265.2]",
049,,False,,"55, 56",0.93,1,EA,OH STOP,90S X J BKT - AS REQUIRED - STOP TO BE MOUNTED ON ROOM SIDE,GLY,630,,Glynn-Johnson,Satin stainless steel,False,56,"[80.1, 267.5, 531.3, 301.7]",
049,,False,,"55, 56",0.93,2,EA,DELAYED SURFACE CLOSER,4041 DEL REG TBSRT/ 4041 DEL EDA TBSRT - AS REQUIRED,LCN,689,,LCN,Aluminum painted,False,56,"[80.1, 304.0, 531.9, 338.1]",
049,,False,,"55, 56",0.93,2,EA,KICK PLATE,"8400 10"" HIGH LDW B-CS",IVE,630,,Ives,Satin stainless steel,False,56,"[80.1, 340.6, 528.0, 351.7]",
049,,False,,"55, 56",0.93,1,EA,WALL STOP,WS406/407CCV,IVE,630,,Ives,Satin stainless steel,False,56,"[80.1, 354.0, 528.0, 365.1]",
049,,False,,"55, 56",0.93,1,EA,WIRE HARNESS - IN DOOR,CON - LENGTH AS REQUIRED - FROM LOCK TO EPT,SCH,,,Schlage,,True,56,"[80.1, 367.6, 533.0, 390.1]",
049,,False,,"55, 56",0.93,1,EA,WIRE HARNESS CONNECTOR - IN FRAME,CON - 6W - FROM CON TO POWER SUPPLY,SCH,,,Schlage,,True,56,"[80.1, 392.6, 533.0, 426.7]",
049,,False,,"55, 56",0.93,1,EA,POWER SUPPLY - AS REQUIRED,BY DIVISION 28,B/O,,,By Others,,True,56,"[80.1, 429.1, 529.1, 451.7]",
049,,False,,"55, 56",0.93,,,DIAGRAMS,PROVIDE FACTORY POINT TO POINT WIRING DIAGRAMS,,,,,,False,56,"[141.9, 575.1, 414.3, 597.6]",
050,,False,,"56, 57",0.93,6,EA,HEAVYWEIGHT HINGE,5BB1HW 4.5 X 4.5 - NRP AT OUTSWINGING LOCKING DOORS,IVE,652,,Ives,Satin chrome plated steel,False,57,"[80.1, 112.1, 528.0, 146.1]",
050,,False,,"56, 57",0.93,1,EA,POWER TRANSFER,EPT10 CON,VON,689,,Von Duprin,Aluminum painted,True,57,"[80.1, 148.6, 533.6, 159.7]",
050,,False,,"56, 57",0.93,1,EA,CONST LATCHING BOLT,FB51T/FB61T - AS REQUIRED,IVE,630,,Ives,Satin stainless steel,False,57,"[80.1, 162.0, 528.0, 173.1]",
050,,False,,"56, 57",0.93,1,EA,INTEGRATED LOCK,AD-300-CY-70-MT-RHO-B 12/24 VDC - LEAD LINE LOCK - AS REQUIRED,SCE,626,,Schlage Electronics,Satin chrome,True,57,"[80.1, 175.6, 532.5, 221.1]",
050,,False,,"56, 57",0.93,1,EA,SFIC CONST. CORE - CONSTRUCTION PHASE,80-035 GRN,SCH,,,Schlage,,False,57,"[80.1, 223.6, 533.0, 246.2]",
050,,False,,"56, 57",0.93,1,EA,PERMANENT CORE - COMBINATED,1C72,BES,626,,Best,Satin chrome,False,57,"[80.1, 248.6, 532.0, 271.2]",
050,,False,,"56, 57",0.93,1,EA,COORDINATOR,COR X FL X MB - AS REQUIRED,IVE,713,,Ives,Dark bronze anodized,False,57,"[80.1, 273.5, 528.0, 296.1]",
050,,False,,"56, 57",0.93,2,EA,FIRE/LIFE HOLDER,4040SEH SEH TBWMS120V AC/DC,LCN,689,,LCN,Aluminum painted,True,57,"[80.1, 298.6, 531.9, 321.1]",
050,,False,,"56, 57",0.93,2,EA,SURFACE CLOSER,4040XP CUSH,LCN,689,,LCN,Aluminum painted,False,57,"[80.1, 323.6, 531.9, 334.7]",
050,,False,,"56, 57",0.93,2,EA,KICK PLATE,"8400 10"" HIGH LDW B-CS",IVE,630,,Ives,Satin stainless steel,False,57,"[80.1, 337.0, 528.0, 348.1]",
050,,False,,"56, 57",0.93,1,EA,WIRE HARNESS - IN DOOR,CON - LENGTH AS REQUIRED - FROM LOCK TO EPT,SCH,,,Schlage,,True,57,"[80.1, 350.6, 533.0, 373.2]",
050,,False,,"56, 57",0.93,1,EA,WIRE HARNESS CONNECTOR - IN FRAME,CON - 6W - FROM CON TO POWER SUPPLY,SCH,,,Schlage,,True,57,"[80.1, 375.5, 533.0, 409.7]",
050,,False,,"56, 57",0.93,1,EA,POWER SUPPLY - AS REQUIRED,BY DIVISION 28,B/O,,,By Others,,True,57,"[80.1, 412.0, 529.1, 434.6]",
050,,False,,"56, 57",0.93,,,DIAGRAMS,PROVIDE FACTORY POINT TO POINT WIRING DIAGRAMS,,,,,,False,57,"[141.9, 558.1, 414.3, 580.7]",
051,,False,,"57, 58",0.92,6,EA,HEAVYWEIGHT HINGE,5BB1HW 4.5 X 4.5 - NRP AT OUTSWINGING LOCKING DOORS,IVE,652,,Ives,Satin chrome plated steel,False,58,"[80.1, 81.0, 528.0, 115.2]",
051,,False,,"57, 58",0.92,2,EA,POWER TRANSFER,EPT10 CON,VON,689,,Von Duprin,Aluminum painted,True,58,"[80.1, 117.5, 533.6, 128.6]",
051,,False,,"57, 58",0.92,1,EA,ELEC FIRE EXIT HARDWARE,RX-LC-QEL-9827-EO-F- LBR/LBRAFL-499F-CON-SNB 24 VDC,VON,630,,Von Duprin,Satin stainless steel,True,58,"[80.1, 131.0, 533.6, 165.2]",
051,,False,,"57, 58",0.92,1,EA,ELEC FIRE EXIT HARDWARE,RX-LC-QEL-9827-L-F-LBRAFL- M996-06-499F-FSE-CON-SNB 24 VDC,VON,630,,Von Duprin,Satin stainless steel,True,58,"[80.1, 190.6, 533.6, 224.6]",
051,,False,,"57, 58",0.92,1,EA,RIM CYLINDER,IE72-PATD - AS REQUIRED - PROVIDE BRASS CONSTRUCTION CORE,BES,626,,Best,Satin chrome,False,58,"[80.1, 227.0, 532.0, 261.2]",
051,,False,,"57, 58",0.92,1,EA,PERMANENT CORE - COMBINATED,1C72,BES,626,,Best,Satin chrome,False,58,"[80.1, 263.6, 532.0, 286.2]",
051,,False,,"57, 58",0.92,1,EA,AUTOMATIC OPERATOR,BY RELATED SECTION 08 71 13,B/O,,,By Others,,True,58,"[80.1, 288.5, 529.1, 311.1]",
051,,False,,"57, 58",0.92,1,EA,WAVE ACTUATOR,"BY RELATED SECTION 08 71 13 [BULLETIN 023, 251218]",B/O,,,By Others,,True,58,"[80.1, 313.6, 529.7, 336.1]",
051,,False,,"57, 58",0.92,2,EA,WIRE HARNESS - IN DOOR,CON - LENGTH AS REQUIRED - FROM LOCK TO EPT,SCH,,,Schlage,,True,58,"[80.1, 363.5, 533.0, 386.1]",
051,,False,,"57, 58",0.92,2,EA,WIRE HARNESS CONNECTOR - IN FRAME,CON - 6W - FROM CON TO POWER SUPPLY,SCH,,,Schlage,,True,58,"[80.1, 388.6, 533.0, 422.6]",
051,,False,,"57, 58",0.92,1,EA,MULTITECH CREDENTIAL READER,PROVIDED BY DIV 28 - MTB15 OR MTB11 AS REQUIRED,SCE,BLK,,Schlage Electronics,Black,True,58,"[80.1, 425.1, 532.5, 447.7]",
051,,False,,"57, 58",0.92,2,EA,DOOR POSITION SWITCH - AS REQUIRED,BY DIVISION 28,B/O,,,By Others,,True,58,"[80.1, 450.1, 529.1, 472.7]",
051,,False,,"57, 58",0.92,1,EA,POWER SUPPLY,"PS904 900-4RL-FA 900-BBK 120/240 VAC [BULLETIN 023, 251218]",VON,,,Von Duprin,,True,58,"[80.1, 475.0, 533.6, 509.2]",
052,,False,,"58, 59",0.93,6,EA,HEAVYWEIGHT HINGE,5BB1HW 4.5 X 4.5 - NRP AT OUTSWINGING LOCKING DOORS,IVE,652,,Ives,Satin chrome plated steel,False,59,"[80.1, 135.0, 528.0, 169.2]",
052,,False,,"58, 59",0.93,2,EA,POWER TRANSFER,EPT10 CON,VON,689,,Von Duprin,Aluminum painted,True,59,"[80.1, 171.5, 533.6, 182.6]",
052,,False,,"58, 59",0.93,2,EA,ELEC FIRE EXIT HARDWARE,RX-LC-9827-EO-F-LBRAFL- 499F-SNB,VON,626,,Von Duprin,Satin chrome,True,59,"[80.1, 185.0, 533.6, 207.7]",
052,,False,,"58, 59",0.93,1,EA,ELEC EXIT DEVICE TRIM,AD-300-993R-70-MT-RHO-B- LRX 12/24 VDC,SCE,626,,Schlage Electronics,Satin chrome,True,59,"[80.1, 210.0, 532.5, 232.6]",
052,,False,,"58, 59",0.93,2,EA,SURFACE CLOSER,4040XP REG TBSRT/ 4040XP EDA TBSRT - AS REQUIRED,LCN,689,,LCN,Aluminum painted,False,59,"[80.1, 235.1, 531.9, 257.6]",
052,,False,,"58, 59",0.93,2,EA,WALL STOP,WS401/402CCV,IVE,626,,Ives,Satin chrome,False,59,"[80.1, 260.1, 528.0, 271.2]",
052,,False,,"58, 59",0.93,2,EA,WIRE HARNESS - IN DOOR,CON - LENGTH AS REQUIRED - FROM LOCK TO EPT,SCH,,,Schlage,,True,59,"[80.1, 273.5, 533.0, 296.1]",
052,,False,,"58, 59",0.93,2,EA,WIRE HARNESS CONNECTOR - IN FRAME,CON - 6W - FROM CON TO POWER SUPPLY,SCH,,,Schlage,,True,59,"[80.1, 298.6, 533.0, 332.6]",
053,,False,,"59, 60",0.93,6,EA,HEAVYWEIGHT HINGE,5BB1HW 4.5 X 4.5 - NRP AT OUTSWINGING LOCKING DOORS,IVE,652,,Ives,Satin chrome plated steel,False,59,"[80.1, 593.1, 528.0, 627.2]",
053,,False,,"59, 60",0.93,2,EA,POWER TRANSFER,EPT10 CON,VON,689,,Von Duprin,Aluminum painted,True,59,"[80.1, 629.6, 533.6, 640.7]",
053,,False,,"59, 60",0.93,2,EA,ELEC FIRE EXIT HARDWARE,RX-LC-9827-EO-F-LBRAFL- 499F-SNB,VON,626,,Von Duprin,Satin chrome,True,59,"[80.1, 643.0, 533.6, 665.7]",
053,,False,,"59, 60",0.93,1,EA,ELEC EXIT DEVICE TRIM,AD-300-993S-70-MT-RHO-B- RHR 12/24 VDC,SCE,626,,Schlage Electronics,Satin chrome,True,59,"[80.1, 668.1, 532.5, 690.6]",
053,,False,,"59, 60",0.93,2,EA,DELAYED SURFACE CLOSER,4041 DEL REG TBSRT/ 4041 DEL EDA TBSRT - AS REQUIRED,LCN,689,,LCN,Aluminum painted,False,60,"[80.1, 69.5, 531.9, 103.6]",
053,,False,,"59, 60",0.93,2,EA,WALL STOP,WS401/402CCV,IVE,626,,Ives,Satin chrome,False,60,"[80.1, 106.1, 528.0, 117.2]",
053,,False,,"59, 60",0.93,2,EA,WIRE HARNESS - IN DOOR,CON - LENGTH AS REQUIRED - FROM LOCK TO EPT,SCH,,,Schlage,,True,60,"[80.1, 119.5, 533.0, 142.2]",
053,,False,,"59, 60",0.93,2,EA,WIRE HARNESS CONNECTOR - IN FRAME,CON - 6W - FROM CON TO POWER SUPPLY,SCH,,,Schlage,,True,60,"[80.1, 144.5, 533.0, 178.6]",
054,,False,,"60, 61",0.93,6,EA,HEAVYWEIGHT HINGE,5BB1HW 4.5 X 4.5 - NRP AT OUTSWINGING LOCKING DOORS,IVE,652,,Ives,Satin chrome plated steel,False,60,"[80.1, 427.6, 528.0, 461.6]",
054,,False,,"60, 61",0.93,2,EA,POWER TRANSFER,EPT10 CON,VON,689,,Von Duprin,Aluminum painted,True,60,"[80.1, 464.1, 533.6, 475.2]",
054,,False,,"60, 61",0.93,1,EA,AUTO FLUSH BOLT,FB41T/FB31T - AS REQUIRED,IVE,630,,Ives,Satin stainless steel,False,60,"[80.1, 477.5, 528.0, 488.6]",
054,,False,,"60, 61",0.93,1,EA,"FAIL SECURE CYLINDRICAL LOCK, RX",9K37DEU 15D RQE - PROVIDE BRASS CONSTRUCTION CORE,BES,626,,Best,Satin chrome,True,60,"[80.1, 491.1, 532.0, 525.1]",
054,,False,,"60, 61",0.93,1,EA,PERMANENT CORE - COMBINATED,1C72,BES,626,,Best,Satin chrome,False,60,"[80.1, 527.6, 532.0, 550.2]",
054,,False,,"60, 61",0.93,1,EA,ELECTRIC STRIKE,6400 FSE 12/24 VAC/VDC,VON,630,,Von Duprin,Satin stainless steel,True,60,"[80.1, 552.5, 533.6, 563.6]",
054,,False,,"60, 61",0.93,1,EA,COORDINATOR,COR X FL X MB - AS REQUIRED,IVE,713,,Ives,Dark bronze anodized,False,60,"[80.1, 566.1, 528.0, 588.6]",
054,,False,,"60, 61",0.93,1,EA,HIGH ENERGY AUTOMATIC OPERATOR,BY RELATED SECTION 08 71 13,B/O,,,By Others,,True,60,"[80.1, 591.1, 529.1, 613.7]",
054,,False,,"60, 61",0.93,2,EA,MATS/RAILS - AS REQUIRED,FURNISHED BY SECTION 08 71 13,B/O,,,By Others,,True,60,"[80.1, 616.0, 529.1, 638.7]",
054,,False,,"60, 61",0.93,2,EA,MOTION SENSOR,"FURNISHED BY SECTION 08 71 13 [BULLETIN 023, 251218]",B/O,,,By Others,,True,60,"[80.1, 641.1, 529.7, 663.6]",
054,,False,,"60, 61",0.93,2,EA,WALL STOP,WS401/402CCV,IVE,626,,Ives,Satin chrome,False,60,"[80.1, 666.1, 528.0, 677.2]",
054,,False,,"60, 61",0.93,1,EA,GASKETING SET,188SBK PSA,ZER,BK,,Zero International,Black,False,60,"[80.1, 679.5, 531.9, 690.6]",
054,,False,,"60, 61",0.93,1,EA,ASTRAGAL - LENGTH AS REQUIRED,41AA,ZER,AA,,Zero International,Anodized aluminum,False,61,"[80.1, 69.5, 531.9, 92.1]",
054,,False,,"60, 61",0.93,1,EA,WIRE HARNESS - IN DOOR,CON - LENGTH AS REQUIRED - FROM ELECTRIC STRIKE TO EPT,SCH,,,Schlage,,True,61,"[80.1, 94.6, 533.0, 128.6]",
054,,False,,"60, 61",0.93,1,EA,WIRE HARNESS - IN DOOR,CON - LENGTH AS REQUIRED - FROM LOCK TO EPT,SCH,,,Schlage,,True,61,"[80.1, 131.0, 533.0, 153.7]",
054,,False,,"60, 61",0.93,2,EA,WIRE HARNESS CONNECTOR - IN FRAME,CON - 6W - FROM CON TO POWER SUPPLY,SCH,,,Schlage,,True,61,"[80.1, 156.0, 533.0, 190.2]",
054,,False,,"60, 61",0.93,1,EA,MULTITECH CREDENTIAL READER,PROVIDED BY DIV 28 - MTB15 OR MTB11 AS REQUIRED,SCE,BLK,,Schlage Electronics,Black,True,61,"[80.1, 192.5, 532.5, 215.1]",
054,,False,,"60, 61",0.93,2,EA,DOOR POSITION SWITCH - AS REQUIRED,BY DIVISION 28,B/O,,,By Others,,True,61,"[80.1, 217.6, 529.1, 240.2]",
054,,False,,"60, 61",0.93,1,EA,CREDENTIAL POWER SUPPLY,BY DIVISION 28,B/O,,,By Others,,True,61,"[80.1, 242.5, 529.1, 265.2]",
054,,False,,"60, 61",0.93,,,DIAGRAMS,PROVIDE FACTORY POINT TO POINT WIRING DIAGRAMS,,,,,,False,61,"[141.9, 340.6, 414.3, 363.1]",
055,,False,,"61, 62, 63",0.93,6,EA,HEAVYWEIGHT HINGE,5BB1HW 4.5 X 4.5 - NRP AT OUTSWINGING LOCKING DOORS,IVE,652,,Ives,Satin chrome plated steel,False,62,"[80.1, 69.5, 528.0, 103.6]",
055,,False,,"61, 62, 63",0.93,2,EA,POWER TRANSFER,EPT10 CON,VON,689,,Von Duprin,Aluminum painted,True,62,"[80.1, 106.1, 533.6, 117.2]",
055,,False,,"61, 62, 63",0.93,1,EA,AUTO FLUSH BOLT,FB41T/FB31T - AS REQUIRED,IVE,630,,Ives,Satin stainless steel,False,62,"[80.1, 119.5, 528.0, 130.6]",
055,,False,,"61, 62, 63",0.93,1,EA,"FAIL SECURE CYLINDRICAL LOCK, RX",9K37DEU 15D RQE - PROVIDE BRASS CONSTRUCTION CORE,BES,626,,Best,Satin chrome,True,62,"[80.1, 133.1, 532.0, 167.1]",
055,,False,,"61, 62, 63",0.93,1,EA,PERMANENT CORE - COMBINATED,1C72,BES,626,,Best,Satin chrome,False,62,"[80.1, 169.6, 532.0, 192.2]",
055,,False,,"61, 62, 63",0.93,1,EA,ELECTRIC STRIKE - FAIL SECURE VOLTAGE AS REQUIRED - PAIR DOORS,6223 FSE CON 12/16/24/28 VAC/VDC,VON,630,,Von Duprin,Satin stainless steel,True,62,"[80.1, 194.5, 533.6, 240.2]",
055,,False,,"61, 62, 63",0.93,1,EA,COORDINATOR,COR X FL X MB - AS REQUIRED,IVE,713,,Ives,Dark bronze anodized,False,62,"[80.1, 242.5, 528.0, 265.2]",
055,,False,,"61, 62, 63",0.93,1,EA,AUTOMATIC OPERATOR,BY RELATED SECTION 08 71 13,B/O,,,By Others,,True,62,"[80.1, 267.5, 529.1, 290.1]",
055,,False,,"61, 62, 63",0.93,3,EA,WAVE ACTUATOR,BY RELATED SECTION 08 71,B/O,,,By Others,,True,62,"[80.1, 292.6, 529.1, 303.7]",
055,,False,,"61, 62, 63",0.93,2,EA,WALL STOP,WS401/402CCV,IVE,626,,Ives,Satin chrome,False,62,"[80.1, 317.6, 528.0, 328.7]",
055,,False,,"61, 62, 63",0.93,1,EA,ASTRAGAL - LENGTH AS REQUIRED,41AA,ZER,AA,,Zero International,Anodized aluminum,False,62,"[80.1, 356.1, 531.9, 378.7]",
055,,False,,"61, 62, 63",0.93,2,EA,SILENCER,"SR64 [BULLETIN 023, 251218]",IVE,GRY,,Ives,Gray,False,62,"[80.1, 381.0, 528.0, 392.1]",
055,,False,,"61, 62, 63",0.93,1,EA,WIRE HARNESS - IN DOOR,CON - LENGTH AS REQUIRED - FROM ELECTRIC STRIKE TO EPT,SCH,,,Schlage,,True,62,"[80.1, 394.6, 533.0, 428.6]",
055,,False,,"61, 62, 63",0.93,1,EA,WIRE HARNESS - IN DOOR,CON - LENGTH AS REQUIRED - FROM LOCK TO EPT,SCH,,,Schlage,,True,62,"[80.1, 431.1, 533.0, 453.7]",
055,,False,,"61, 62, 63",0.93,2,EA,WIRE HARNESS CONNECTOR - IN FRAME,CON - 6W - FROM CON TO POWER SUPPLY,SCH,,,Schlage,,True,62,"[80.1, 456.1, 533.0, 490.2]",
055,,False,,"61, 62, 63",0.93,1,EA,MULTITECH CREDENTIAL READER,PROVIDED BY DIV 28 - MTB15 OR MTB11 AS REQUIRED,SCE,BLK,,Schlage Electronics,Black,True,62,"[80.1, 492.5, 532.5, 515.2]",
055,,False,,"61, 62, 63",0.93,2,EA,DOOR POSITION SWITCH - AS REQUIRED,BY DIVISION 28,B/O,,,By Others,,True,62,"[80.1, 517.6, 529.1, 540.1]",
055,,False,,"61, 62, 63",0.93,1,EA,CREDENTIAL POWER SUPPLY,BY DIVISION 28,B/O,,,By Others,,True,62,"[80.1, 542.6, 529.1, 565.2]",
055,,False,,"61, 62, 63",0.93,,,DIAGRAMS,PROVIDE FACTORY POINT TO POINT WIRING DIAGRAMS,,,,,,False,63,"[141.9, 69.5, 414.3, 92.1]",
056,,False,,"63, 64",0.93,6,EA,HEAVYWEIGHT HINGE,5BB1HW 4.5 X 4.5 - NRP AT OUTSWINGING LOCKING DOORS,IVE,652,,Ives,Satin chrome plated steel,False,63,"[80.1, 404.1, 528.0, 438.1]",
056,,False,,"63, 64",0.93,2,EA,POWER TRANSFER,EPT10 CON,VON,689,,Von Duprin,Aluminum painted,True,63,"[80.1, 440.6, 533.6, 451.7]",
056,,False,,"63, 64",0.93,1,EA,AUTO FLUSH BOLT,FB41T/FB31T - AS REQUIRED,IVE,630,,Ives,Satin stainless steel,False,63,"[80.1, 454.0, 528.0, 465.1]",
056,,False,,"63, 64",0.93,1,EA,"FAIL SECURE CYLINDRICAL LOCK, RX",9K37DEU 15D RQE - PROVIDE BRASS CONSTRUCTION CORE,BES,626,,Best,Satin chrome,True,63,"[80.1, 467.6, 532.0, 501.7]",
056,,False,,"63, 64",0.93,1,EA,PERMANENT CORE - COMBINATED,1C72,BES,626,,Best,Satin chrome,False,63,"[80.1, 504.1, 532.0, 526.7]",
056,,False,,"63, 64",0.93,1,EA,ELECTRIC STRIKE - FAIL SECURE VOLTAGE AS REQUIRED - PAIR DOORS,6223 FSE CON 12/16/24/28 VAC/VDC,VON,630,,Von Duprin,Satin stainless steel,True,63,"[80.1, 529.0, 533.6, 574.7]",
056,,False,,"63, 64",0.93,1,EA,COORDINATOR,COR X FL X MB - AS REQUIRED,IVE,713,,Ives,Dark bronze anodized,False,63,"[80.1, 577.0, 528.0, 599.6]",
056,,False,,"63, 64",0.93,1,,AUTOMATIC OPERATOR,"BY RELATED SECTION 08 71 13 [BULLETIN 023, 251218]",,,,,,True,63,"[80.1, 602.1, 408.4, 624.6]",
056,,False,,"63, 64",0.93,2,,WAVE ACTUATOR,"BY RELATED SECTION 08 71 13 [BULLETIN 023, 251218]",,,,,,True,63,"[80.1, 652.0, 408.4, 674.7]",
056,,False,,"63, 64",0.93,2,EA,WALL STOP,WS401/402CCV,IVE,626,,Ives,Satin chrome,False,63,"[80.1, 702.1, 528.0, 713.2]",
056,,False,,"63, 64",0.93,1,EA,GASKETING SET,188SBK PSA,ZER,BK,,Zero International,Black,False,64,"[80.1, 69.5, 531.9, 80.6]",
056,,False,,"63, 64",0.93,1,EA,ASTRAGAL - LENGTH AS REQUIRED,41AA,ZER,AA,,Zero International,Anodized aluminum,False,64,"[80.1, 83.0, 531.9, 105.7]",
056,,False,,"63, 64",0.93,1,EA,WIRE HARNESS - IN DOOR,CON - LENGTH AS REQUIRED - FROM ELECTRIC STRIKE TO EPT,SCH,,,Schlage,,True,64,"[80.1, 108.0, 533.0, 142.2]",
056,,False,,"63, 64",0.93,1,EA,WIRE HARNESS - IN DOOR,CON - LENGTH AS REQUIRED - FROM LOCK TO EPT,SCH,,,Schlage,,True,64,"[80.1, 144.5, 533.0, 167.1]",
056,,False,,"63, 64",0.93,2,EA,WIRE HARNESS CONNECTOR - IN FRAME,CON - 6W - FROM CON TO POWER SUPPLY,SCH,,,Schlage,,True,64,"[80.1, 169.6, 533.0, 203.6]",
056,,False,,"63, 64",0.93,1,EA,MULTITECH CREDENTIAL READER,PROVIDED BY DIV 28 - MTB15 OR MTB11 AS REQUIRED,SCE,BLK,,Schlage Electronics,Black,True,64,"[80.1, 206.0, 532.5, 228.7]",
056,,False,,"63, 64",0.93,2,EA,DOOR POSITION SWITCH - AS REQUIRED,BY DIVISION 28,B/O,,,By Others,,True,64,"[80.1, 231.0, 529.1, 253.6]",
056,,False,,"63, 64",0.93,1,EA,CREDENTIAL POWER SUPPLY,BY DIVISION 28,B/O,,,By Others,,True,64,"[80.1, 256.1, 529.1, 278.6]",
056,,False,,"63, 64",0.93,,,DIAGRAMS,PROVIDE FACTORY POINT TO POINT WIRING DIAGRAMS,,,,,,False,64,"[141.9, 413.6, 414.3, 436.2]",
057,,False,,"64, 65",0.93,6,EA,HEAVYWEIGHT HINGE,5BB1HW 4.5 X 4.5 - NRP AT OUTSWINGING LOCKING DOORS,IVE,652,,Ives,Satin chrome plated steel,False,65,"[80.1, 81.0, 528.0, 115.2]",
057,,False,,"64, 65",0.93,1,EA,POWER TRANSFER,EPT10 CON,VON,689,,Von Duprin,Aluminum painted,True,65,"[80.1, 117.5, 533.6, 128.6]",
057,,False,,"64, 65",0.93,1,EA,CONST LATCHING BOLT,FB51T/FB61T - AS REQUIRED,IVE,630,,Ives,Satin stainless steel,False,65,"[80.1, 131.0, 528.0, 142.2]",
057,,False,,"64, 65",0.93,1,EA,"FAIL SECURE CYLINDRICAL LOCK, RX",9K37DEU 15D RQE - PROVIDE BRASS CONSTRUCTION CORE,BES,626,,Best,Satin chrome,True,65,"[80.1, 144.5, 532.0, 178.6]",
057,,False,,"64, 65",0.93,1,EA,PERMANENT CORE - COMBINATED,1C72,BES,626,,Best,Satin chrome,False,65,"[80.1, 181.1, 532.0, 203.6]",
057,,False,,"64, 65",0.93,1,EA,COORDINATOR,COR X FL X MB - AS REQUIRED,IVE,713,,Ives,Dark bronze anodized,False,65,"[80.1, 206.0, 528.0, 228.7]",
057,,False,,"64, 65",0.93,2,EA,SURFACE CLOSER,4040XP REG TBSRT/ 4040XP EDA TBSRT - AS REQUIRED,LCN,689,,LCN,Aluminum painted,False,65,"[80.1, 231.0, 531.9, 253.6]",
057,,False,,"64, 65",0.93,2,EA,KICK PLATE,"8400 10"" HIGH LDW B-CS",IVE,630,,Ives,Satin stainless steel,False,65,"[80.1, 256.1, 528.0, 267.2]",
057,,False,,"64, 65",0.93,2,EA,WALL STOP,WS406/407CCV,IVE,630,,Ives,Satin stainless steel,False,65,"[80.1, 269.6, 528.0, 280.7]",
057,,False,,"64, 65",0.93,1,EA,WIRE HARNESS - IN DOOR,CON - LENGTH AS REQUIRED - FROM LOCK TO EPT,SCH,,,Schlage,,True,65,"[80.1, 283.1, 533.0, 305.6]",
057,,False,,"64, 65",0.93,1,EA,WIRE HARNESS CONNECTOR - IN FRAME,CON - 6W - FROM CON TO POWER SUPPLY,SCH,,,Schlage,,True,65,"[80.1, 308.1, 533.0, 342.1]",
057,,False,,"64, 65",0.93,1,EA,POWER SUPPLY - AS REQUIRED,BY DIVISION 28,B/O,,,By Others,,True,65,"[80.1, 344.6, 529.1, 367.2]",
057,,False,,"64, 65",0.93,1,EA,MULTITECH CREDENTIAL READER,PROVIDED BY DIV 28 - MTB15 OR MTB11 AS REQUIRED,SCE,BLK,,Schlage Electronics,Black,True,65,"[80.1, 369.5, 532.5, 392.1]",
057,,False,,"64, 65",0.93,,,DIAGRAMS,PROVIDE FACTORY POINT TO POINT WIRING DIAGRAMS,,,,,,False,65,"[141.9, 515.6, 414.3, 538.2]",
061,,False,,"65, 66",0.93,6,EA,HEAVYWEIGHT HINGE,5BB1HW 4.5 X 4.5 - NRP AT OUTSWINGING LOCKING DOORS,IVE,652,,Ives,Satin chrome plated steel,False,66,"[80.1, 69.5, 528.0, 103.6]",
061,,False,,"65, 66",0.93,1,EA,POWER TRANSFER,EPT10 CON,VON,689,,Von Duprin,Aluminum painted,True,66,"[80.1, 106.1, 533.6, 117.2]",
061,,False,,"65, 66",0.93,1,EA,CONST LATCHING BOLT,FB51T/FB61T - AS REQUIRED,IVE,630,,Ives,Satin stainless steel,False,66,"[80.1, 119.5, 528.0, 130.6]",
061,,False,,"65, 66",0.93,1,EA,DOUBLE CYLINDER FAIL SECURE LOCK,45HW7WEU15S,BES,626,,Best,Satin chrome,True,66,"[80.1, 133.1, 532.0, 155.6]",
061,,False,,"65, 66",0.93,2,EA,PERMANENT CORE - COMBINATED,1C72,BES,626,,Best,Satin chrome,False,66,"[80.1, 158.0, 532.0, 180.7]",
061,,False,,"65, 66",0.93,1,EA,COORDINATOR,COR X FL X MB - AS REQUIRED,IVE,713,,Ives,Dark bronze anodized,False,66,"[80.1, 183.0, 528.0, 205.6]",
061,,False,,"65, 66",0.93,2,EA,SURFACE CLOSER,4040XP REG TBSRT/ 4040XP EDA TBSRT - AS REQUIRED,LCN,689,,LCN,Aluminum painted,False,66,"[80.1, 208.1, 531.9, 230.6]",
061,,False,,"65, 66",0.93,2,EA,KICK PLATE,"8400 10"" HIGH LDW B-CS",IVE,630,,Ives,Satin stainless steel,False,66,"[80.1, 233.0, 528.0, 244.2]",
061,,False,,"65, 66",0.93,2,EA,WALL STOP,WS406/407CCV,IVE,630,,Ives,Satin stainless steel,False,66,"[80.1, 246.5, 528.0, 257.6]",
061,,False,,"65, 66",0.93,1,EA,WIRE HARNESS - IN DOOR,CON - LENGTH AS REQUIRED - FROM LOCK TO EPT,SCH,,,Schlage,,True,66,"[80.1, 260.1, 533.0, 282.7]",
061,,False,,"65, 66",0.93,1,EA,WIRE HARNESS CONNECTOR - IN FRAME,CON - 6W - FROM CON TO POWER SUPPLY,SCH,,,Schlage,,True,66,"[80.1, 285.0, 533.0, 319.2]",
061,,False,,"65, 66",0.93,1,EA,POWER SUPPLY - AS REQUIRED,BY DIVISION 28,B/O,,,By Others,,True,66,"[80.1, 321.5, 529.1, 344.1]",
061,,False,,"65, 66",0.93,2,EA,MULTITECH CREDENTIAL READER,PROVIDED BY DIV 28 - MTB15 OR MTB11 AS REQUIRED,SCE,BLK,,Schlage Electronics,Black,True,66,"[80.1, 346.6, 532.5, 369.1]",
061,,False,,"65, 66",0.93,,,DIAGRAMS,PROVIDE FACTORY POINT TO POINT WIRING DIAGRAMS,,,,,,False,66,"[141.9, 492.5, 414.3, 515.2]",
063,,False,,"66, 67, 68",0.93,6,EA,HEAVYWEIGHT HINGE,5BB1HW 4.5 X 4.5 - NRP AT OUTSWINGING LOCKING DOORS,IVE,652,,Ives,Satin chrome plated steel,False,67,"[80.1, 585.5, 528.0, 619.7]",
063,,False,,"66, 67, 68",0.93,1,EA,POWER TRANSFER,EPT10 CON,VON,689,,Von Duprin,Aluminum painted,True,67,"[80.1, 622.0, 533.6, 633.2]",
063,,False,,"66, 67, 68",0.93,1,EA,CONST LATCHING BOLT,FB51T/FB61T - AS REQUIRED,IVE,630,,Ives,Satin stainless steel,False,67,"[80.1, 635.6, 528.0, 646.7]",
063,,False,,"66, 67, 68",0.93,1,EA,INTEGRATED LOCK,AD-300-CY-70-MT-RHO-B 12/24 VDC,SCE,626,,Schlage Electronics,Satin chrome,True,67,"[80.1, 649.0, 532.5, 671.7]",
063,,False,,"66, 67, 68",0.93,1,EA,SFIC CONST. CORE - CONSTRUCTION PHASE,80-035 GRN,SCH,,,Schlage,,False,67,"[80.1, 674.1, 533.0, 696.6]",
063,,False,,"66, 67, 68",0.93,1,EA,PERMANENT CORE - COMBINATED,1C72,BES,626,,Best,Satin chrome,False,68,"[80.1, 69.5, 532.0, 92.1]",
063,,False,,"66, 67, 68",0.93,2,EA,WALL STOP,WS406/407CCV,IVE,630,,Ives,Satin stainless steel,False,68,"[80.1, 94.6, 528.0, 105.7]",
063,,False,,"66, 67, 68",0.93,2,EA,SILENCER,SR64,IVE,GRY,,Ives,Gray,False,68,"[80.1, 108.0, 528.0, 119.1]",
063,,False,,"66, 67, 68",0.93,1,EA,WIRE HARNESS - IN DOOR,CON - LENGTH AS REQUIRED - FROM LOCK TO EPT,SCH,,,Schlage,,True,68,"[80.1, 121.6, 533.0, 144.2]",
063,,False,,"66, 67, 68",0.93,1,EA,WIRE HARNESS CONNECTOR - IN FRAME,CON - 6W - FROM CON TO POWER SUPPLY,SCH,,,Schlage,,True,68,"[80.1, 146.5, 533.0, 180.7]",
063,,False,,"66, 67, 68",0.93,1,EA,POWER SUPPLY - AS REQUIRED,BY DIVISION 28,B/O,,,By Others,,True,68,"[80.1, 183.0, 529.1, 205.6]",
063,,False,,"66, 67, 68",0.93,,,DIAGRAMS,PROVIDE FACTORY POINT TO POINT WIRING DIAGRAMS,,,,,,False,68,"[141.9, 363.5, 414.3, 386.1]",
064,,False,,"68, 69",0.93,6,EA,HEAVYWEIGHT HINGE,5BB1HW 4.5 X 4.5 - NRP AT OUTSWINGING LOCKING DOORS,IVE,652,,Ives,Satin chrome plated steel,False,68,"[80.1, 669.6, 528.0, 703.7]",
064,,False,,"68, 69",0.93,1,EA,POWER TRANSFER,EPT10 CON,VON,689,,Von Duprin,Aluminum painted,True,69,"[80.1, 69.5, 533.6, 80.6]",
064,,False,,"68, 69",0.93,1,EA,CONST LATCHING BOLT,FB51T/FB61T - AS REQUIRED,IVE,630,,Ives,Satin stainless steel,False,69,"[80.1, 83.0, 528.0, 94.2]",
064,,False,,"68, 69",0.93,1,EA,INTEGRATED LOCK,AD-300-CY-70-MT-RHO-B 12/24 VDC,SCE,626,,Schlage Electronics,Satin chrome,True,69,"[80.1, 96.5, 532.5, 119.1]",
064,,False,,"68, 69",0.93,1,EA,SFIC CONST. CORE - CONSTRUCTION PHASE,80-035 GRN,SCH,,,Schlage,,False,69,"[80.1, 121.6, 533.0, 144.2]",
064,,False,,"68, 69",0.93,1,EA,PERMANENT CORE - COMBINATED,1C72,BES,626,,Best,Satin chrome,False,69,"[80.1, 146.5, 532.0, 169.2]",
064,,False,,"68, 69",0.93,2,EA,OH STOP,90S X J BKT - AS REQUIRED - STOP TO BE MOUNTED ON ROOM SIDE,GLY,630,,Glynn-Johnson,Satin stainless steel,False,69,"[80.1, 171.5, 531.3, 205.6]",
064,,False,,"68, 69",0.93,2,EA,SILENCER,SR64,IVE,GRY,,Ives,Gray,False,69,"[80.1, 208.1, 528.0, 219.2]",
064,,False,,"68, 69",0.93,1,EA,WIRE HARNESS - IN DOOR,CON - LENGTH AS REQUIRED - FROM LOCK TO EPT,SCH,,,Schlage,,True,69,"[80.1, 221.5, 533.0, 244.2]",
064,,False,,"68, 69",0.93,1,EA,WIRE HARNESS CONNECTOR - IN FRAME,CON - 6W - FROM CON TO POWER SUPPLY,SCH,,,Schlage,,True,69,"[80.1, 246.5, 533.0, 280.7]",
064,,False,,"68, 69",0.93,1,EA,POWER SUPPLY - AS REQUIRED DIAGRAMS,BY DIVISION 28 PROVIDE FACTORY POINT TO POINT WIRING DIAGRAMS,B/O,,,By Others,,True,69,"[80.1, 283.1, 529.1, 330.7]",
065,,False,,"69, 70",0.94,6,EA,HEAVYWEIGHT HINGE,5BB1HW 4.5 X 4.5 - NRP AT OUTSWINGING LOCKING DOORS,IVE,652,,Ives,Satin chrome plated steel,False,69,"[80.1, 650.6, 528.0, 684.6]",
065,,False,,"69, 70",0.94,1,EA,POWER TRANSFER,EPT10 CON,VON,689,,Von Duprin,Aluminum painted,True,69,"[80.1, 687.1, 533.6, 698.2]",
065,,False,,"69, 70",0.94,1,EA,CONST LATCHING BOLT,FB51T/FB61T - AS REQUIRED,IVE,630,,Ives,Satin stainless steel,False,69,"[80.1, 700.5, 528.0, 711.6]",
065,,False,,"69, 70",0.94,1,EA,INTEGRATED LOCK,AD-300-CY-70-MT-RHO-B 12/24 VDC,SCE,626,,Schlage Electronics,Satin chrome,True,70,"[80.1, 69.5, 532.5, 92.1]",
065,,False,,"69, 70",0.94,1,EA,SFIC CONST. CORE - CONSTRUCTION PHASE,80-035 GRN,SCH,,,Schlage,,False,70,"[80.1, 94.6, 533.0, 117.2]",
065,,False,,"69, 70",0.94,1,EA,PERMANENT CORE - COMBINATED,1C72,BES,626,,Best,Satin chrome,False,70,"[80.1, 119.5, 532.0, 142.2]",
065,,False,,"69, 70",0.94,1,EA,OH STOP,90S X J BKT - AS REQUIRED - STOP TO BE MOUNTED ON ROOM SIDE,GLY,630,,Glynn-Johnson,Satin stainless steel,False,70,"[80.1, 144.5, 531.3, 178.6]",
065,,False,,"69, 70",0.94,1,EA,WALL STOP,WS401/402CCV,IVE,626,,Ives,Satin chrome,False,70,"[80.1, 181.1, 528.0, 192.2]",
065,,False,,"69, 70",0.94,2,EA,SILENCER,SR64,IVE,GRY,,Ives,Gray,False,70,"[80.1, 194.5, 528.0, 205.6]",
065,,False,,"69, 70",0.94,1,EA,WIRE HARNESS - IN DOOR,CON - LENGTH AS REQUIRED - FROM LOCK TO EPT,SCH,,,Schlage,,True,70,"[80.1, 208.1, 533.0, 230.6]",
065,,False,,"69, 70",0.94,1,EA,WIRE HARNESS CONNECTOR - IN FRAME,CON - 6W - FROM CON TO POWER SUPPLY,SCH,,,Schlage,,True,70,"[80.1, 233.0, 533.0, 267.2]",
065,,False,,"69, 70",0.94,1,EA,POWER SUPPLY - AS REQUIRED DIAGRAMS,BY DIVISION 28 PROVIDE FACTORY POINT TO POINT WIRING DIAGRAMS,B/O,,,By Others,,True,70,"[80.1, 269.6, 529.1, 317.1]",
066,,False,,"70, 71",0.93,6,EA,HEAVYWEIGHT HINGE,5BB1HW 4.5 X 4.5 - NRP AT OUTSWINGING LOCKING DOORS,IVE,652,,Ives,Satin chrome plated steel,False,70,"[80.1, 516.1, 528.0, 550.2]",
066,,False,,"70, 71",0.93,2,EA,FIRE EXIT HARDWARE,9827-L-BE-L-LBR/LBRAFL- 06SS-499F-SNB,VON,630/62 6,,Von Duprin,,False,70,"[80.1, 552.5, 533.6, 575.2]",finish
066,,False,,"70, 71",0.93,2,EA,SURFACE CLOSER,4040XP REG TBSRT/ 4040XP EDA TBSRT - AS REQUIRED,LCN,689,,LCN,Aluminum painted,False,70,"[80.1, 600.6, 531.9, 623.2]",
066,,False,,"70, 71",0.93,2,EA,KICK PLATE,"8400 10"" HIGH LDW B-CS",IVE,630,,Ives,Satin stainless steel,False,70,"[80.1, 625.5, 528.0, 636.6]",
066,,False,,"70, 71",0.93,2,EA,FIRE/LIFE SAFETY MAGNET,SEM7800 SERIES AS REQUIRED - 12V/24V/120V,LCN,689,,LCN,Aluminum painted,True,70,"[80.1, 639.1, 531.9, 661.7]",
066,,False,,"70, 71",0.93,2,EA,SILENCER,SR64,IVE,GRY,,Ives,Gray,False,70,"[80.1, 664.0, 528.0, 675.2]",
067,,False,,71,0.92,6,EA,HEAVYWEIGHT HINGE,5BB1HW 4.5 X 4.5 - NRP AT OUTSWINGING LOCKING DOORS,IVE,652,,Ives,Satin chrome plated steel,False,71,"[80.1, 279.5, 528.0, 313.7]",
067,,False,,71,0.92,2,EA,FIRE EXIT HARDWARE,"9827-EO-F-LBR/LBRAFL-499F- SNB [BULLETIN 023, 251218]",VON,626,,Von Duprin,Satin chrome,False,71,"[80.1, 316.0, 533.6, 350.1]",catalog_number
067,,False,,71,0.92,2,EA,SURFACE CLOSER,4040XP REG TBSRT/ 4040XP EDA TBSRT - AS REQUIRED,LCN,689,,LCN,Aluminum painted,False,71,"[80.1, 352.6, 531.9, 375.1]",
067,,False,,71,0.92,2,EA,WALL STOP,WS401/402CCV,IVE,626,,Ives,Satin chrome,False,71,"[80.1, 377.6, 528.0, 388.7]",
067,,False,,71,0.92,2,EA,DOOR POSITION SWITCH - AS REQUIRED,BY DIVISION 28,B/O,,,By Others,,True,71,"[80.1, 391.0, 529.1, 413.6]",
069,,False,,"71, 72",0.93,6,EA,HEAVYWEIGHT HINGE,5BB1HW 4.5 X 4.5 - NRP AT OUTSWINGING LOCKING DOORS,IVE,652,,Ives,Satin chrome plated steel,False,72,"[80.1, 69.5, 528.0, 103.6]",
069,,False,,"71, 72",0.93,2,EA,FIRE EXIT HARDWARE,"9827-EO-F-LBR/LBRAFL-499F- SNB [BULLETIN 023, 251218]",VON,626,,Von Duprin,Satin chrome,False,72,"[80.1, 106.1, 533.6, 140.1]",catalog_number
069,,False,,"71, 72",0.93,2,EA,FIRE/LIFE HOLDER,4040SEH SEH TBWMS120V AC/DC,LCN,689,,LCN,Aluminum painted,True,72,"[80.1, 142.6, 531.9, 165.2]",
069,,False,,"71, 72",0.93,2,EA,SURFACE CLOSER,4040XP CUSH,LCN,689,,LCN,Aluminum painted,False,72,"[80.1, 167.5, 531.9, 178.6]",
070,,False,,72,0.91,6,EA,HEAVYWEIGHT HINGE,5BB1HW 4.5 X 4.5 - NRP AT OUTSWINGING LOCKING DOORS,IVE,652,,Ives,Satin chrome plated steel,False,72,"[80.1, 427.6, 528.0, 461.6]",
070,,False,,72,0.91,2,EA,FIRE EXIT HARDWARE,"9827-EO-F-LBR/LBRAFL-499F- SNB [BULLETIN 023, 251218]",VON,626,,Von Duprin,Satin chrome,False,72,"[80.1, 464.1, 533.6, 498.1]",catalog_number
070,,False,,72,0.91,2,EA,SURFACE CLOSER,4040XP REG TBSRT/ 4040XP EDA TBSRT - AS REQUIRED,LCN,689,,LCN,Aluminum painted,False,72,"[80.1, 500.6, 531.9, 523.2]",
070,,False,,72,0.91,2,EA,FIRE/LIFE SAFETY MAGNET,SEM7800 SERIES AS REQUIRED - 12V/24V/120V,LCN,689,,LCN,Aluminum painted,True,72,"[80.1, 525.5, 531.9, 548.2]",
073,,False,,"72, 73",0.93,6,EA,HEAVYWEIGHT HINGE,5BB1HW 4.5 X 4.5 - NRP AT OUTSWINGING LOCKING DOORS,IVE,652,,Ives,Satin chrome plated steel,False,73,"[80.1, 135.0, 528.0, 169.2]",
073,,False,,"72, 73",0.93,2,EA,FIRE EXIT HARDWARE,9827-L-BE-L-LBR/LBRAFL- 06SS-499F-SNB,VON,630/62 6,,Von Duprin,,False,73,"[80.1, 171.5, 533.6, 194.1]",finish
073,,False,,"72, 73",0.93,2,EA,SURFACE CLOSER,4040XP REG TBSRT/ 4040XP EDA TBSRT - AS REQUIRED,LCN,689,,LCN,Aluminum painted,False,73,"[80.1, 219.5, 531.9, 242.1]",
073,,False,,"72, 73",0.93,2,EA,KICK PLATE,"8400 10"" HIGH LDW B-CS",IVE,630,,Ives,Satin stainless steel,False,73,"[80.1, 244.6, 528.0, 255.7]",
073,,False,,"72, 73",0.93,2,EA,WALL STOP,WS401/402CCV,IVE,626,,Ives,Satin chrome,False,73,"[80.1, 258.0, 528.0, 269.1]",
074,,False,,"73, 74",0.95,6,EA,HEAVYWEIGHT HINGE,5BB1HW 4.5 X 4.5 - NRP AT OUTSWINGING LOCKING DOORS,IVE,652,,Ives,Satin chrome plated steel,False,73,"[80.1, 518.1, 528.0, 552.1]",
074,,False,,"73, 74",0.95,2,EA,FIRE EXIT HARDWARE,9827-L-BE-L-LBR/LBRAFL-,VON,630/62,,Von Duprin,,False,73,"[80.1, 568.0, 533.6, 579.1]",
074,,False,,"73, 74",0.95,1,EA,SURFACE CLOSER,4040XP REG TBSRT/ 4040XP EDA TBSRT - AS REQUIRED,LCN,689,,LCN,Aluminum painted,False,73,"[80.1, 616.0, 531.9, 638.7]",
074,,False,,"73, 74",0.95,1,EA,SURFACE CLOSER,4040XP SCUSH TBSRT,LCN,689,,LCN,Aluminum painted,False,73,"[80.1, 641.1, 531.9, 652.2]",
074,,False,,"73, 74",0.95,2,EA,KICK PLATE,"8400 10"" HIGH LDW B-CS",IVE,630,,Ives,Satin stainless steel,False,73,"[80.1, 654.6, 528.0, 665.7]",
074,,False,,"73, 74",0.95,1,EA,WALL STOP,WS401/402CCV,IVE,626,,Ives,Satin chrome,False,73,"[80.1, 668.1, 528.0, 679.2]",
075,,False,,"74, 75",0.94,6,EA,HEAVYWEIGHT HINGE,5BB1HW 4.5 X 4.5 - NRP AT OUTSWINGING LOCKING DOORS,IVE,652,,Ives,Satin chrome plated steel,False,74,"[80.1, 327.5, 528.0, 361.7]",
075,,False,,"74, 75",0.94,1,EA,POWER TRANSFER,EPT10 CON,VON,689,,Von Duprin,Aluminum painted,True,74,"[80.1, 364.0, 533.6, 375.1]",
075,,False,,"74, 75",0.94,1,EA,AUTO FLUSH BOLT,FB41T/FB31T - AS REQUIRED,IVE,630,,Ives,Satin stainless steel,False,74,"[80.1, 377.6, 528.0, 388.7]",
075,,False,,"74, 75",0.94,1,EA,PASSAGE SET,9K30N 15D,BES,626,,Best,Satin chrome,False,74,"[80.1, 391.0, 532.0, 402.1]",
075,,False,,"74, 75",0.94,1,EA,ELECTRIC STRIKE - FAIL SECURE VOLTAGE AS REQUIRED - PAIR DOORS,6223 FSE CON 12/16/24/28 VAC/VDC,VON,630,,Von Duprin,Satin stainless steel,True,74,"[80.1, 404.6, 533.6, 450.1]",
075,,False,,"74, 75",0.94,1,EA,COORDINATOR,COR X FL X MB - AS REQUIRED,IVE,713,,Ives,Dark bronze anodized,False,74,"[80.1, 452.6, 528.0, 475.2]",
075,,False,,"74, 75",0.94,1,EA,AUTOMATIC OPERATOR,BY RELATED SECTION 08 71 13,B/O,,,By Others,,True,74,"[80.1, 477.5, 529.1, 500.2]",
075,,False,,"74, 75",0.94,2,EA,WAVE ACTUATOR,BY RELATED SECTION 08 71 13,B/O,,,By Others,,True,74,"[80.1, 502.6, 529.1, 525.1]",
075,,False,,"74, 75",0.94,1,EA,WIRE HARNESS - IN DOOR,CON - LENGTH AS REQUIRED - FROM ELECTRIC STRIKE TO EPT,SCH,,,Schlage,,True,74,"[80.1, 527.6, 533.0, 561.6]",
075,,False,,"74, 75",0.94,1,EA,WIRE HARNESS CONNECTOR - IN FRAME,CON - 6W - FROM CON TO POWER SUPPLY,SCH,,,Schlage,,True,74,"[80.1, 564.1, 533.0, 598.2]",
076,,False,,75,0.95,6,EA,HEAVYWEIGHT HINGE,5BB1HW 4.5 X 4.5 - NRP AT OUTSWINGING LOCKING DOORS,IVE,652,,Ives,Satin chrome plated steel,False,75,"[80.1, 231.5, 528.0, 265.7]",
076,,False,,75,0.95,1,EA,AUTO FLUSH BOLT,FB41T/FB31T - AS REQUIRED,IVE,630,,Ives,Satin stainless steel,False,75,"[80.1, 268.1, 528.0, 279.2]",
076,,False,,75,0.95,1,EA,PASSAGE SET,9K30N 15D,BES,626,,Best,Satin chrome,False,75,"[80.1, 281.6, 532.0, 292.7]",
076,,False,,75,0.95,1,EA,COORDINATOR,COR X FL X MB - AS REQUIRED,IVE,713,,Ives,Dark bronze anodized,False,75,"[80.1, 295.1, 528.0, 317.6]",
076,,False,,75,0.95,1,EA,OH STOP,90S X J BKT - AS REQUIRED - STOP TO BE MOUNTED ON ROOM SIDE,GLY,630,,Glynn-Johnson,Satin stainless steel,False,75,"[80.1, 320.1, 531.3, 354.1]",
076,,False,,75,0.95,2,EA,SURFACE CLOSER,4040XP REG TBSRT/ 4040XP EDA TBSRT - AS REQUIRED,LCN,689,,LCN,Aluminum painted,False,75,"[80.1, 356.6, 531.9, 379.2]",
076,,False,,75,0.95,2,EA,WALL STOP,WS401/402CCV,IVE,626,,Ives,Satin chrome,False,75,"[80.1, 381.5, 528.0, 392.6]",
077,,False,,"75, 76",0.94,6,EA,HEAVYWEIGHT HINGE,5BB1HW 4.5 X 4.5 - NRP AT OUTSWINGING LOCKING DOORS,IVE,652,,Ives,Satin chrome plated steel,False,76,"[80.1, 69.5, 528.0, 103.6]",
077,,False,,"75, 76",0.94,1,EA,AUTO FLUSH BOLT,FB41T/FB31T - AS REQUIRED,IVE,630,,Ives,Satin stainless steel,False,76,"[80.1, 106.1, 528.0, 117.2]",
077,,False,,"75, 76",0.94,1,EA,PASSAGE SET,9K30N 15D,BES,626,,Best,Satin chrome,False,76,"[80.1, 119.5, 532.0, 130.6]",
077,,False,,"75, 76",0.94,1,EA,COORDINATOR,COR X FL X MB - AS REQUIRED,IVE,713,,Ives,Dark bronze anodized,False,76,"[80.1, 133.1, 528.0, 155.6]",
077,,False,,"75, 76",0.94,2,EA,SURFACE CLOSER,4040XP REG TBSRT/ 4040XP EDA TBSRT - AS REQUIRED,LCN,689,,LCN,Aluminum painted,False,76,"[80.1, 158.0, 531.9, 180.7]",
077,,False,,"75, 76",0.94,2,EA,FIRE/LIFE SAFETY MAGNET,SEM7800 SERIES AS REQUIRED - 12V/24V/120V,LCN,689,,LCN,Aluminum painted,True,76,"[80.1, 183.0, 531.9, 205.6]",
078,,False,,76,0.96,2,EA,PIVOT SET,7230F SET,IVE,630,,Ives,Satin stainless steel,False,76,"[80.1, 454.6, 528.0, 465.7]",
078,,False,,76,0.96,2,EA,INTERMEDIATE PIVOT,7230F INT,IVE,630,,Ives,Satin stainless steel,False,76,"[80.1, 468.1, 528.0, 479.2]",
078,,False,,76,0.96,1,EA,CONST LATCHING BOLT,FB51T/FB61T - AS REQUIRED,IVE,630,,Ives,Satin stainless steel,False,76,"[80.1, 481.6, 528.0, 492.7]",
078,,False,,76,0.96,1,EA,PASSAGE SET - LEAD LINED,9K30N 15D LL,BES,626,,Best,Satin chrome,False,76,"[80.1, 495.1, 532.0, 517.7]",
078,,False,,76,0.96,2,EA,WALL STOP,WS401/402CCV,IVE,626,,Ives,Satin chrome,False,76,"[80.1, 520.0, 528.0, 531.1]",
078,,False,,76,0.96,1,EA,GASKETING,188SBK PSA,ZER,BK,,Zero International,Black,False,76,"[80.1, 533.6, 531.9, 544.7]",
078,,False,,76,0.96,1,EA,ASTRAGAL,Overlapping Lead Lined Astragal by Lead Lined Door Mfgr.,B/O,,,By Others,,False,76,"[80.1, 547.0, 529.1, 569.6]",
079,,False,,"76, 77",0.95,6,EA,HEAVYWEIGHT HINGE,5BB1HW 4.5 X 4.5 - NRP AT OUTSWINGING LOCKING DOORS,IVE,652,,Ives,Satin chrome plated steel,False,77,"[80.1, 123.5, 528.0, 157.6]",
079,,False,,"76, 77",0.95,1,EA,CONST LATCHING BOLT,FB51T/FB61T - AS REQUIRED,IVE,630,,Ives,Satin stainless steel,False,77,"[80.1, 160.1, 528.0, 171.2]",
079,,False,,"76, 77",0.95,1,EA,PASSAGE SET,9K30N 15D,BES,626,,Best,Satin chrome,False,77,"[80.1, 173.5, 532.0, 184.6]",
079,,False,,"76, 77",0.95,2,EA,OH STOP,90S X J BKT - AS REQUIRED - STOP TO BE MOUNTED ON ROOM SIDE,GLY,630,,Glynn-Johnson,Satin stainless steel,False,77,"[80.1, 187.1, 531.3, 221.1]",
080,,False,,"77, 78",0.95,6,EA,HEAVYWEIGHT HINGE,5BB1HW 4.5 X 4.5 - NRP AT OUTSWINGING LOCKING DOORS,IVE,652,,Ives,Satin chrome plated steel,False,77,"[80.1, 481.6, 528.0, 515.6]",
080,,False,,"77, 78",0.95,1,EA,CONST LATCHING BOLT,FB51T/FB61T - AS REQUIRED,IVE,630,,Ives,Satin stainless steel,False,77,"[80.1, 518.1, 528.0, 529.2]",
080,,False,,"77, 78",0.95,1,EA,STOREROOM LOCK,9K37D 15D,BES,626,,Best,Satin chrome,False,77,"[80.1, 531.5, 532.0, 542.6]",
080,,False,,"77, 78",0.95,1,EA,PERMANENT CORE - COMBINATED,1C72,BES,626,,Best,Satin chrome,False,77,"[80.1, 545.1, 532.0, 567.6]",
080,,False,,"77, 78",0.95,1,EA,COORDINATOR,COR X FL X MB - AS REQUIRED,IVE,713,,Ives,Dark bronze anodized,False,77,"[80.1, 570.1, 528.0, 592.7]",
080,,False,,"77, 78",0.95,2,EA,SURFACE CLOSER,4040XP REG TBSRT/ 4040XP EDA TBSRT - AS REQUIRED,LCN,689,,LCN,Aluminum painted,False,77,"[80.1, 595.0, 531.9, 617.7]",
080,,False,,"77, 78",0.95,2,EA,KICK PLATE,"8400 10"" HIGH LDW B-CS",IVE,630,,Ives,Satin stainless steel,False,77,"[80.1, 620.1, 528.0, 631.2]",
080,,False,,"77, 78",0.95,2,EA,WALL STOP,WS401/402CCV,IVE,626,,Ives,Satin chrome,False,77,"[80.1, 633.6, 528.0, 644.7]",
080,,False,,"77, 78",0.95,2,EA,SILENCER,SR64,IVE,GRY,,Ives,Gray,False,77,"[80.1, 647.1, 528.0, 658.2]",
081,,False,,78,0.95,6,EA,HEAVYWEIGHT HINGE,5BB1HW 4.5 X 4.5 - NRP AT OUTSWINGING LOCKING DOORS,IVE,652,,Ives,Satin chrome plated steel,False,78,"[80.1, 291.0, 528.0, 325.2]",
081,,False,,78,0.95,1,EA,CONST LATCHING BOLT,FB51T/FB61T - AS REQUIRED,IVE,630,,Ives,Satin stainless steel,False,78,"[80.1, 327.5, 528.0, 338.6]",
081,,False,,78,0.95,1,EA,STOREROOM LOCK,9K37D 15D,BES,626,,Best,Satin chrome,False,78,"[80.1, 341.1, 532.0, 352.2]",
081,,False,,78,0.95,1,EA,PERMANENT CORE - COMBINATED,1C72,BES,626,,Best,Satin chrome,False,78,"[80.1, 354.5, 532.0, 377.1]",
081,,False,,78,0.95,2,EA,OH STOP,90S X J BKT - AS REQUIRED - STOP TO BE MOUNTED ON ROOM SIDE,GLY,630,,Glynn-Johnson,Satin stainless steel,False,78,"[80.1, 379.6, 531.3, 413.6]",
081,,False,,78,0.95,2,EA,SILENCER,SR64,IVE,GRY,,Ives,Gray,False,78,"[80.1, 416.1, 528.0, 427.2]",
082,,False,,"78, 79",0.96,6,EA,"HEAVYWEIGHT HINGE, SWING CLEAR",5BB1HWSC 5,IVE,652,,Ives,Satin chrome plated steel,False,78,"[80.1, 616.5, 528.0, 639.2]",
082,,False,,"78, 79",0.96,1,EA,CONST LATCHING BOLT,FB51T/FB61T - AS REQUIRED,IVE,630,,Ives,Satin stainless steel,False,78,"[80.1, 641.6, 528.0, 652.7]",
082,,False,,"78, 79",0.96,1,EA,PUSH/PULL LATCH,"HL6 5"" A",SCH,626,,Schlage,Satin chrome,False,78,"[80.1, 655.0, 533.0, 666.2]",
082,,False,,"78, 79",0.96,1,EA,OH STOP,"90S X J BKT - AS REQUIRED - STOP TO BE MOUNTED ON ROOM SIDE [BULLETIN 023, 251218]",GLY,630,,Glynn-Johnson,Satin stainless steel,False,78,"[80.1, 668.6, 531.6, 714.1]",
082,,False,,"78, 79",0.96,1,EA,SURFACE CLOSER,4040XP ST-1583 TBSRT,LCN,689,,LCN,Aluminum painted,False,79,"[80.1, 69.5, 531.9, 80.6]",
082,,False,,"78, 79",0.96,1,EA,WALL STOP,WS401/402CCV,IVE,626,,Ives,Satin chrome,False,79,"[80.1, 83.0, 528.0, 94.2]",
082,,False,,"78, 79",0.96,1,EA,GASKETING SET,188SBK PSA,ZER,BK,,Zero International,Black,False,79,"[80.1, 108.0, 531.9, 119.1]",
082,,False,,"78, 79",0.96,1,SET,ASTRAGAL SET,8193AA-S,ZER,AA,,Zero International,Anodized aluminum,False,79,"[80.1, 121.6, 531.9, 132.7]",
082,,False,,"78, 79",0.96,2,EA,DOOR BOTTOM,369AA-Z49,ZER,AA,,Zero International,Anodized aluminum,False,79,"[80.1, 135.0, 531.9, 146.1]",
083,,False,,79,0.97,6,EA,"HEAVYWEIGHT HINGE, SWING CLEAR",5BB1HWSC 5,IVE,652,,Ives,Satin chrome plated steel,False,79,"[80.1, 555.1, 528.0, 577.7]",
083,,False,,79,0.97,1,EA,CONST LATCHING BOLT,FB51T/FB61T - AS REQUIRED,IVE,630,,Ives,Satin stainless steel,False,79,"[80.1, 580.0, 528.0, 591.1]",
083,,False,,79,0.97,1,EA,PUSH/PULL LATCH,"HL6 5"" A",SCH,626,,Schlage,Satin chrome,False,79,"[80.1, 593.6, 533.0, 604.7]",
083,,False,,79,0.97,2,EA,WALL STOP,WS401/402CCV,IVE,626,,Ives,Satin chrome,False,79,"[80.1, 607.0, 528.0, 618.2]",
083,,False,,79,0.97,1,EA,GASKETING SET,188SBK PSA,ZER,BK,,Zero International,Black,False,79,"[80.1, 620.6, 531.9, 631.7]",
083,,False,,79,0.97,1,SET,ASTRAGAL SET,8193AA-S,ZER,AA,,Zero International,Anodized aluminum,False,79,"[80.1, 634.0, 531.9, 645.2]",
084,,False,,"79, 80",0.95,6,EA,"HEAVYWEIGHT HINGE, SWING CLEAR",5BB1HWSC 5,IVE,652,,Ives,Satin chrome plated steel,False,80,"[80.1, 524.6, 528.0, 547.2]",
084,,False,,"79, 80",0.95,1,EA,CONST LATCHING BOLT,FB51T/FB61T - AS REQUIRED,IVE,630,,Ives,Satin stainless steel,False,80,"[80.1, 549.5, 528.0, 560.6]",
084,,False,,"79, 80",0.95,1,EA,PUSH/PULL LATCH,"HL6 5"" A",SCH,626,,Schlage,Satin chrome,False,80,"[80.1, 563.1, 533.0, 574.2]",
084,,False,,"79, 80",0.95,1,EA,OH STOP,90S X J BKT - AS REQUIRED - STOP TO BE MOUNTED ON ROOM SIDE,GLY,630,,Glynn-Johnson,Satin stainless steel,False,80,"[80.1, 576.5, 531.3, 610.7]",
084,,False,,"79, 80",0.95,1,EA,WALL STOP,WS401/402CCV,IVE,626,,Ives,Satin chrome,False,80,"[80.1, 613.0, 528.0, 624.2]",
085,,False,,81,0.95,2,EA,PIVOT SET,7226 SET,IVE,626,,Ives,Satin chrome,False,81,"[80.1, 321.5, 528.0, 332.6]",
085,,False,,81,0.95,2,EA,INTERMEDIATE PIVOT,7226 INT,IVE,626,,Ives,Satin chrome,False,81,"[80.1, 335.1, 528.0, 346.2]",
085,,False,,81,0.95,2,EA,PUSH PLATE,"8200 4"" X 16""",IVE,630,,Ives,Satin stainless steel,False,81,"[80.1, 348.5, 528.0, 359.6]",
085,,False,,81,0.95,2,EA,PULL PLATE,"8303 10"" 4"" X 16""",IVE,630,,Ives,Satin stainless steel,False,81,"[80.1, 362.1, 528.0, 373.2]",
085,,False,,81,0.95,1,EA,AUTOMATIC OPERATOR,BY RELATED SECTION 08 71 13,B/O,,,By Others,,True,81,"[80.1, 375.5, 529.1, 398.1]",
085,,False,,81,0.95,2,EA,WAVE ACTUATOR,BY RELATED SECTION 08 71 13 - PROVIDE ADDITIONAL WAVE PLATES AS REQUIRED PER ARCHITECTURAL DRAWINGS.,B/O,,,By Others,,True,81,"[80.1, 400.6, 529.1, 457.7]",
085,,False,,81,0.95,2,EA,ARMOR PLATE - AS REQUIRED,"8400/8402 34"" HIGH LDW B-CS",IVE,630,,Ives,Satin stainless steel,False,81,"[80.1, 460.0, 528.0, 482.6]",
085,,False,,81,0.95,2,EA,SILENCER,SR64,IVE,GRY,,Ives,Gray,False,81,"[80.1, 485.1, 528.0, 496.2]",
086,,False,,"81, 82",0.95,2,EA,PIVOT SET,7226F SET,IVE,630,,Ives,Satin stainless steel,False,82,"[80.1, 81.0, 528.0, 92.1]",
086,,False,,"81, 82",0.95,2,EA,INTERMEDIATE PIVOT,7226F INT,IVE,630,,Ives,Satin stainless steel,False,82,"[80.1, 94.6, 528.0, 105.7]",
086,,False,,"81, 82",0.95,2,EA,PUSH PLATE,"8200 4"" X 16""",IVE,630,,Ives,Satin stainless steel,False,82,"[80.1, 108.0, 528.0, 119.1]",
086,,False,,"81, 82",0.95,2,EA,PULL PLATE,"8303 10"" 4"" X 16""",IVE,630,,Ives,Satin stainless steel,False,82,"[80.1, 121.6, 528.0, 132.7]",
086,,False,,"81, 82",0.95,1,EA,COORDINATOR,"COR X FL X MB - AS REQUIRED [BULLETIN 023, 251218]",IVE,713,,Ives,Dark bronze anodized,False,82,"[80.1, 135.0, 528.0, 169.2]",
086,,False,,"81, 82",0.95,1,EA,AUTOMATIC OPERATOR,BY RELATED SECTION 08 71 13,B/O,,,By Others,,True,82,"[80.1, 171.5, 529.1, 194.1]",
086,,False,,"81, 82",0.95,2,EA,WAVE ACTUATOR,BY RELATED SECTION 08 71 13 - PROVIDE ADDITIONAL WAVE PLATES AS REQUIRED PER ARCHITECTURAL DRAWINGS.,B/O,,,By Others,,True,82,"[80.1, 196.6, 529.1, 253.6]",
086,,False,,"81, 82",0.95,2,EA,ARMOR PLATE,"8400 34"" X 1"" LDW B-NH-A",IVE,630,,Ives,Satin stainless steel,False,82,"[80.1, 256.1, 528.0, 267.2]",
086,,False,,"81, 82",0.95,1,EA,GASKETING,"188SBK PSA [BULLETIN 023, 251218]",ZER,BK,,Zero International,Black,False,82,"[80.1, 269.6, 531.9, 292.2]",
086,,False,,"81, 82",0.95,1,EA,ASTRAGAL,"Overlapping Lead Lined Astragal by Lead Lined Door Mfgr. [BULLETIN 023, 251218]",B/O,,,By Others,,False,82,"[80.1, 294.5, 529.7, 328.7]",
087,,False,,"82, 83",0.95,2,EA,PIVOT SET,7230F SET,IVE,630,,Ives,Satin stainless steel,False,83,"[80.1, 69.5, 528.0, 80.6]",
087,,False,,"82, 83",0.95,2,EA,INTERMEDIATE PIVOT,7230F INT,IVE,630,,Ives,Satin stainless steel,False,83,"[80.1, 83.0, 528.0, 94.2]",
087,,False,,"82, 83",0.95,2,EA,PUSH PLATE,"8200 4"" X 16""",IVE,630,,Ives,Satin stainless steel,False,83,"[80.1, 96.5, 528.0, 107.6]",
087,,False,,"82, 83",0.95,2,EA,PULL PLATE,"8303 10"" 4"" X 16""",IVE,630,,Ives,Satin stainless steel,False,83,"[80.1, 110.0, 528.0, 121.2]",
087,,False,,"82, 83",0.95,1,EA,COORDINATOR,COR X FL X MB - AS REQUIRED,IVE,713,,Ives,Dark bronze anodized,False,83,"[80.1, 123.5, 528.0, 146.1]",
087,,False,,"82, 83",0.95,1,EA,AUTOMATIC OPERATOR,BY RELATED SECTION 08 71 13,B/O,,,By Others,,True,83,"[80.1, 148.6, 529.1, 171.2]",
087,,False,,"82, 83",0.95,2,EA,WAVE ACTUATOR,BY RELATED SECTION 08 71 13 - PROVIDE ADDITIONAL WAVE PLATES AS REQUIRED PER ARCHITECTURAL DRAWINGS.,B/O,,,By Others,,True,83,"[80.1, 173.5, 529.1, 230.6]",
087,,False,,"82, 83",0.95,2,EA,ARMOR PLATE,"8400 34"" X 1"" LDW B-NH-A",IVE,630,,Ives,Satin stainless steel,False,83,"[80.1, 233.0, 528.0, 244.2]",
087,,False,,"82, 83",0.95,1,EA,GASKETING SET,188SBK PSA,ZER,BK,,Zero International,Black,False,83,"[80.1, 246.5, 531.9, 257.6]",
087,,False,,"82, 83",0.95,1,EA,ASTRAGAL,Overlapping Lead Lined Astragal by Lead Lined Door Mfgr.,B/O,,,By Others,,False,83,"[80.1, 260.1, 529.1, 282.7]",
088,,False,,"83, 84",0.93,6,EA,HEAVYWEIGHT HINGE,5BB1HW 4.5 X 4.5 - NRP AT OUTSWINGING LOCKING DOORS,IVE,652,,Ives,Satin chrome plated steel,False,83,"[80.1, 639.1, 528.0, 673.2]",
088,,False,,"83, 84",0.93,2,EA,POWER TRANSFER,EPT10 CON,VON,689,,Von Duprin,Aluminum painted,True,83,"[80.1, 675.6, 533.6, 686.7]",
088,,False,,"83, 84",0.93,2,EA,ELEC FIRE EXIT HARDWARE,RX-LC-QEL-9827-EO-F- LBR/LBRAFL-499F-CON-SNB 24 VDC,VON,630,,Von Duprin,Satin stainless steel,True,84,"[80.1, 69.5, 533.6, 103.6]",
088,,False,,"83, 84",0.93,1,EA,MAGNETIC LOCK,M490P ATS/LED 12/24 VDC X PLATES X BKTS - AS REQUIRED,SCE,628,,Schlage Electronics,"Satin aluminum, clear anodized",True,84,"[80.1, 129.0, 532.5, 163.2]",
088,,False,,"83, 84",0.93,1,EA,AUTOMATIC OPERATOR,BY RELATED SECTION 08 71 13,B/O,,,By Others,,True,84,"[80.1, 165.5, 529.1, 188.1]",
088,,False,,"83, 84",0.93,1,EA,WAVE ACTUATOR,BY RELATED SECTION 08 71 13,B/O,,,By Others,,True,84,"[80.1, 190.6, 529.1, 213.2]",
088,,False,,"83, 84",0.93,2,EA,KICK PLATE,"8400 10"" HIGH LDW B-CS",IVE,630,,Ives,Satin stainless steel,False,84,"[80.1, 215.5, 528.0, 226.6]",
088,,False,,"83, 84",0.93,2,EA,WALL STOP,WS406/407CCV,IVE,630,,Ives,Satin stainless steel,False,84,"[80.1, 229.1, 528.0, 240.2]",
088,,False,,"83, 84",0.93,2,EA,WIRE HARNESS - IN DOOR,CON - LENGTH AS REQUIRED - FROM LOCK TO EPT,SCH,,,Schlage,,True,84,"[80.1, 242.5, 533.0, 265.2]",
088,,False,,"83, 84",0.93,2,EA,WIRE HARNESS CONNECTOR - IN FRAME,CON - 6W - FROM CON TO POWER SUPPLY,SCH,,,Schlage,,True,84,"[80.1, 267.5, 533.0, 301.7]",
088,,False,,"83, 84",0.93,1,EA,MULTITECH CREDENTIAL READER,PROVIDED BY DIV 28 - MTB15 OR MTB11 AS REQUIRED,SCE,BLK,,Schlage Electronics,Black,True,84,"[80.1, 329.1, 532.5, 351.7]",
088,,False,,"83, 84",0.93,1,EA,REMOTE RELEASE,BY DIVISION 28,B/O,,,By Others,,True,84,"[80.1, 354.0, 529.1, 365.1]",
088,,False,,"83, 84",0.93,2,EA,DOOR POSITION SWITCH - AS REQUIRED,BY DIVISION 28,B/O,,,By Others,,True,84,"[80.1, 367.6, 529.1, 390.1]",
088,,False,,"83, 84",0.93,1,EA,CREDENTIAL POWER SUPPLY,"BY DIVISION 28 [BULLETIN 023, 251218]",B/O,,,By Others,,True,84,"[80.1, 392.6, 529.7, 415.2]",
088,,False,,"83, 84",0.93,1,EA,POWER SUPPLY,"PS904 900-4RL-FA 900-BBK 120/240 VAC [BULLETIN 023, 251218]",VON,,,Von Duprin,,True,84,"[80.1, 417.5, 533.6, 451.7]",
090,,False,,"84, 85, 86",0.93,6,EA,HEAVYWEIGHT HINGE,5BB1HW 4.5 X 4.5 - NRP AT OUTSWINGING LOCKING DOORS,IVE,652,,Ives,Satin chrome plated steel,False,85,"[80.1, 160.1, 528.0, 194.1]",
090,,False,,"84, 85, 86",0.93,2,EA,POWER TRANSFER,EPT10 CON,VON,689,,Von Duprin,Aluminum painted,True,85,"[80.1, 196.6, 533.6, 207.7]",
090,,False,,"84, 85, 86",0.93,2,EA,ELEC FIRE EXIT HARDWARE,RX-LC-QEL-9827-EO-F- LBR/LBRAFL-499F-CON-SNB 24 VDC,VON,630,,Von Duprin,Satin stainless steel,True,85,"[80.1, 210.0, 533.6, 244.2]",
090,,False,,"84, 85, 86",0.93,1,EA,DELAYED EGRESS MAG,M490DEP MTG BRKT & VOLTAGE AS REQ,SCE,628,,Schlage Electronics,"Satin aluminum, clear anodized",True,85,"[80.1, 269.6, 532.5, 292.2]",
090,,False,,"84, 85, 86",0.93,1,EA,AUTOMATIC OPERATOR,BY RELATED SECTION 08 71 13,B/O,,,By Others,,True,85,"[80.1, 294.5, 529.1, 317.1]",
090,,False,,"84, 85, 86",0.93,1,EA,WAVE ACTUATOR,BY RELATED SECTION 08 71,B/O,,,By Others,,True,85,"[80.1, 319.6, 529.1, 330.7]",
090,,False,,"84, 85, 86",0.93,2,EA,KICK PLATE,"8400 10"" HIGH LDW B-CS",IVE,630,,Ives,Satin stainless steel,False,85,"[80.1, 413.6, 528.0, 424.7]",
090,,False,,"84, 85, 86",0.93,2,EA,WALL STOP,WS406/407CCV,IVE,630,,Ives,Satin stainless steel,False,85,"[80.1, 427.0, 528.0, 438.1]",
090,,False,,"84, 85, 86",0.93,2,EA,WIRE HARNESS - IN DOOR,CON - LENGTH AS REQUIRED - FROM LOCK TO EPT,SCH,,,Schlage,,True,85,"[80.1, 440.6, 533.0, 463.2]",
090,,False,,"84, 85, 86",0.93,2,EA,WIRE HARNESS CONNECTOR - IN FRAME,CON - 6W - FROM CON TO POWER SUPPLY,SCH,,,Schlage,,True,85,"[80.1, 465.5, 533.0, 499.7]",
090,,False,,"84, 85, 86",0.93,1,EA,MULTITECH CREDENTIAL READER,PROVIDED BY DIV 28 - MTB15 OR MTB11 AS REQUIRED,SCE,BLK,,Schlage Electronics,Black,True,85,"[80.1, 527.1, 532.5, 549.6]",
090,,False,,"84, 85, 86",0.93,2,EA,DOOR POSITION SWITCH - AS REQUIRED,BY DIVISION 28,B/O,,,By Others,,True,85,"[80.1, 552.1, 529.1, 574.7]",
090,,False,,"84, 85, 86",0.93,1,EA,POWER SUPPLY,"PS904 900-4RL-FA 900-BBK 120/240 VAC [BULLETIN 023, 251218]",VON,,,Von Duprin,,True,85,"[80.1, 577.0, 533.6, 611.2]",
091,,False,,"86, 87",0.93,6,EA,HEAVYWEIGHT HINGE,5BB1HW 4.5 X 4.5 - NRP AT OUTSWINGING LOCKING DOORS,IVE,652,,Ives,Satin chrome plated steel,False,86,"[80.1, 231.5, 528.0, 265.7]",
091,,False,,"86, 87",0.93,2,EA,POWER TRANSFER,EPT10 CON,VON,689,,Von Duprin,Aluminum painted,True,86,"[80.1, 268.1, 533.6, 279.2]",
091,,False,,"86, 87",0.93,2,EA,ELEC FIRE EXIT HARDWARE,RX-LC-QEL-9827-EO-F- LBR/LBRAFL-499F-CON-SNB 24 VDC,VON,630,,Von Duprin,Satin stainless steel,True,86,"[80.1, 281.6, 533.6, 315.7]",
091,,False,,"86, 87",0.93,1,EA,DELAYED EGRESS MAG,M490DEP MTG BRKT & VOLTAGE AS REQ,SCE,628,,Schlage Electronics,"Satin aluminum, clear anodized",True,86,"[80.1, 341.1, 532.5, 363.7]",
091,,False,,"86, 87",0.93,1,EA,MAGNETIC LOCK,M490P ATS/LED 12/24 VDC X PLATES X BKTS - AS REQUIRED,SCE,628,,Schlage Electronics,"Satin aluminum, clear anodized",True,86,"[80.1, 366.0, 532.5, 400.2]",
091,,False,,"86, 87",0.93,1,EA,AUTOMATIC OPERATOR,BY RELATED SECTION 08 71 13,B/O,,,By Others,,True,86,"[80.1, 402.5, 529.1, 425.1]",
091,,False,,"86, 87",0.93,2,EA,KICK PLATE,"8400 10"" HIGH LDW B-CS",IVE,630,,Ives,Satin stainless steel,False,86,"[80.1, 427.6, 528.0, 438.7]",
091,,False,,"86, 87",0.93,2,EA,WALL STOP,WS406/407CCV,IVE,630,,Ives,Satin stainless steel,False,86,"[80.1, 441.1, 528.0, 452.2]",
091,,False,,"86, 87",0.93,2,EA,WIRE HARNESS - IN DOOR,CON - LENGTH AS REQUIRED - FROM LOCK TO EPT,SCH,,,Schlage,,True,86,"[80.1, 454.6, 533.0, 477.1]",
091,,False,,"86, 87",0.93,2,EA,WIRE HARNESS CONNECTOR - IN FRAME,CON - 6W - FROM CON TO POWER SUPPLY,SCH,,,Schlage,,True,86,"[80.1, 479.6, 533.0, 513.7]",
091,,False,,"86, 87",0.93,2,EA,MULTITECH CREDENTIAL READER,PROVIDED BY DIV 28 - MTB15 OR MTB11 AS REQUIRED,SCE,BLK,,Schlage Electronics,Black,True,86,"[80.1, 541.0, 532.5, 563.6]",
091,,False,,"86, 87",0.93,2,EA,DOOR POSITION SWITCH - AS REQUIRED,BY DIVISION 28,B/O,,,By Others,,True,86,"[80.1, 566.1, 529.1, 588.6]",
091,,False,,"86, 87",0.93,1,EA,CREDENTIAL POWER SUPPLY,"BY DIVISION 28 [BULLETIN 023, 251218]",B/O,,,By Others,,True,86,"[80.1, 591.1, 529.7, 613.7]",
091,,False,,"86, 87",0.93,1,EA,POWER SUPPLY,"PS906 900-4RL-FA 900-BBK 120/240 VAC [BULLETIN 023, 251218]",VON,,,Von Duprin,,True,86,"[80.1, 616.0, 533.6, 650.2]",
092,,False,,"87, 88",0.93,6,EA,HEAVYWEIGHT HINGE,5BB1HW 4.5 X 4.5 - NRP AT OUTSWINGING LOCKING DOORS,IVE,652,,Ives,Satin chrome plated steel,False,87,"[80.1, 316.0, 528.0, 350.1]",
092,,False,,"87, 88",0.93,2,EA,POWER TRANSFER,EPT10 CON,VON,689,,Von Duprin,Aluminum painted,True,87,"[80.1, 352.6, 533.6, 363.7]",
092,,False,,"87, 88",0.93,2,EA,ELEC FIRE EXIT HARDWARE,RX-LC-QEL-9827-EO-F- LBR/LBRAFL-499F-CON-SNB 24 VDC,VON,630,,Von Duprin,Satin stainless steel,True,87,"[80.1, 366.0, 533.6, 400.2]",
092,,False,,"87, 88",0.93,1,EA,MAGNETIC LOCK,M490P ATS/LED 12/24 VDC X PLATES X BKTS - AS REQUIRED,SCE,628,,Schlage Electronics,"Satin aluminum, clear anodized",True,87,"[80.1, 425.6, 532.5, 459.7]",
092,,False,,"87, 88",0.93,1,EA,HIGH ENERGY AUTOMATIC OPERATOR,BY RELATED SECTION 08 71 13,B/O,,,By Others,,True,87,"[80.1, 462.1, 529.1, 484.7]",
092,,False,,"87, 88",0.93,1,EA,MOTION SENSOR,FURNISHED BY SECTION 08 71 13,B/O,,,By Others,,True,87,"[80.1, 487.0, 529.1, 509.6]",
092,,False,,"87, 88",0.93,1,EA,MATS/RAILS - AS REQUIRED,FURNISHED BY SECTION 08 71 13,B/O,,,By Others,,True,87,"[80.1, 512.1, 529.1, 534.7]",
092,,False,,"87, 88",0.93,2,EA,KICK PLATE,"8400 10"" HIGH LDW B-CS",IVE,630,,Ives,Satin stainless steel,False,87,"[80.1, 537.1, 528.0, 548.2]",
092,,False,,"87, 88",0.93,2,EA,WALL STOP,WS406/407CCV,IVE,630,,Ives,Satin stainless steel,False,87,"[80.1, 550.5, 528.0, 561.6]",
092,,False,,"87, 88",0.93,2,EA,WIRE HARNESS - IN DOOR,CON - LENGTH AS REQUIRED - FROM LOCK TO EPT,SCH,,,Schlage,,True,87,"[80.1, 564.1, 533.0, 586.7]",
092,,False,,"87, 88",0.93,2,EA,WIRE HARNESS CONNECTOR - IN FRAME,CON - 6W - FROM CON TO POWER SUPPLY,SCH,,,Schlage,,True,87,"[80.1, 589.0, 533.0, 623.2]",
092,,False,,"87, 88",0.93,1,EA,MULTITECH CREDENTIAL READER,PROVIDED BY DIV 28 - MTB15 OR MTB11 AS REQUIRED,SCE,BLK,,Schlage Electronics,Black,True,87,"[80.1, 650.6, 532.5, 673.2]",
092,,False,,"87, 88",0.93,2,EA,DOOR POSITION SWITCH - AS REQUIRED,BY DIVISION 28,B/O,,,By Others,,True,87,"[80.1, 675.6, 529.1, 698.2]",
092,,False,,"87, 88",0.93,1,EA,CREDENTIAL POWER SUPPLY,"BY DIVISION 28 [BULLETIN 023, 251218]",B/O,,,By Others,,True,88,"[80.1, 69.5, 529.7, 92.1]",
092,,False,,"87, 88",0.93,1,EA,POWER SUPPLY,"PS904 900-4RL-FA 900-BBK 120/240 VAC [BULLETIN 023, 251218]",VON,,,Von Duprin,,True,88,"[80.1, 94.6, 533.6, 128.6]",
093,,False,,"88, 89",0.93,6,EA,HEAVYWEIGHT HINGE,5BB1HW 4.5 X 4.5 - NRP AT OUTSWINGING LOCKING DOORS,IVE,652,,Ives,Satin chrome plated steel,False,88,"[80.1, 412.0, 528.0, 446.2]",
093,,False,,"88, 89",0.93,2,EA,POWER TRANSFER,EPT10 CON,VON,689,,Von Duprin,Aluminum painted,True,88,"[80.1, 448.6, 533.6, 459.7]",
093,,False,,"88, 89",0.93,2,EA,ELEC FIRE EXIT HARDWARE,RX-LC-QEL-9827-EO-F- LBR/LBRAFL-499F-CON-SNB 24 VDC,VON,630,,Von Duprin,Satin stainless steel,True,88,"[80.1, 462.1, 533.6, 496.2]",
093,,False,,"88, 89",0.93,1,EA,MAGNETIC LOCK,M490P ATS/LED 12/24 VDC X PLATES X BKTS - AS REQUIRED,SCE,628,,Schlage Electronics,"Satin aluminum, clear anodized",True,88,"[80.1, 521.6, 532.5, 555.6]",
093,,False,,"88, 89",0.93,1,EA,HIGH ENERGY AUTOMATIC OPERATOR,BY RELATED SECTION 08 71 13,B/O,,,By Others,,True,88,"[80.1, 558.1, 529.1, 580.7]",
093,,False,,"88, 89",0.93,2,EA,MATS/RAILS - AS REQUIRED,FURNISHED BY SECTION 08 71 13,B/O,,,By Others,,True,88,"[80.1, 583.0, 529.1, 605.7]",
093,,False,,"88, 89",0.93,2,EA,MOTION SENSOR,FURNISHED BY SECTION 08 71 13,B/O,,,By Others,,True,88,"[80.1, 608.1, 529.1, 630.6]",
093,,False,,"88, 89",0.93,2,EA,KICK PLATE,"8400 10"" HIGH LDW B-CS",IVE,630,,Ives,Satin stainless steel,False,88,"[80.1, 633.1, 528.0, 644.2]",
093,,False,,"88, 89",0.93,2,EA,WALL STOP,WS406/407CCV,IVE,630,,Ives,Satin stainless steel,False,88,"[80.1, 646.5, 528.0, 657.6]",
093,,False,,"88, 89",0.93,2,EA,WIRE HARNESS - IN DOOR,CON - LENGTH AS REQUIRED - FROM LOCK TO EPT,SCH,,,Schlage,,True,88,"[80.1, 660.1, 533.0, 682.7]",
093,,False,,"88, 89",0.93,2,EA,WIRE HARNESS CONNECTOR - IN FRAME,CON - 6W - FROM CON TO POWER SUPPLY,SCH,,,Schlage,,True,89,"[80.1, 69.5, 533.0, 103.6]",
093,,False,,"88, 89",0.93,1,EA,MULTITECH CREDENTIAL READER,PROVIDED BY DIV 28 - MTB15 OR MTB11 AS REQUIRED,SCE,BLK,,Schlage Electronics,Black,True,89,"[80.1, 131.0, 532.5, 153.7]",
093,,False,,"88, 89",0.93,2,EA,DOOR POSITION SWITCH - AS REQUIRED,BY DIVISION 28,B/O,,,By Others,,True,89,"[80.1, 156.0, 529.1, 178.6]",
093,,False,,"88, 89",0.93,1,EA,POWER SUPPLY,"PS904 900-4RL-FA 900-BBK 120/240 VAC [BULLETIN 023, 251218]",VON,,,Von Duprin,,True,89,"[80.1, 181.1, 533.6, 215.1]",
093,,False,,"88, 89",0.93,1,,DIAGRAMS,PROVIDE FACTORY POINT TO POINT WIRING DIAGRAMS,,,,,,False,89,"[80.1, 338.6, 414.3, 361.2]",
094,,False,,"89, 90",0.93,6,EA,HEAVYWEIGHT HINGE,5BB1HW 4.5 X 4.5 - NRP AT OUTSWINGING LOCKING DOORS,IVE,652,,Ives,Satin chrome plated steel,False,90,"[80.1, 81.0, 528.0, 115.2]",
094,,False,,"89, 90",0.93,2,EA,POWER TRANSFER,EPT10 CON,VON,689,,Von Duprin,Aluminum painted,True,90,"[80.1, 117.5, 533.6, 128.6]",
094,,False,,"89, 90",0.93,2,EA,ELEC FIRE EXIT HARDWARE,RX-LC-QEL-9827-EO-F- LBR/LBRAFL-499F-CON-SNB 24 VDC,VON,630,,Von Duprin,Satin stainless steel,True,90,"[80.1, 131.0, 533.6, 165.2]",
094,,False,,"89, 90",0.93,1,EA,MAGNETIC LOCK,M490P ATS/LED 12/24 VDC X PLATES X BKTS - AS REQUIRED,SCE,628,,Schlage Electronics,"Satin aluminum, clear anodized",True,90,"[80.1, 190.6, 532.5, 224.6]",
094,,False,,"89, 90",0.93,1,EA,AUTOMATIC OPERATOR,BY RELATED SECTION 08 71 13,B/O,,,By Others,,True,90,"[80.1, 227.0, 529.1, 249.7]",
094,,False,,"89, 90",0.93,1,EA,WAVE ACTUATOR,BY RELATED SECTION 08 71 13,B/O,,,By Others,,True,90,"[80.1, 252.0, 529.1, 274.7]",
094,,False,,"89, 90",0.93,2,EA,KICK PLATE,"8400 10"" HIGH LDW B-CS",IVE,630,,Ives,Satin stainless steel,False,90,"[80.1, 277.1, 528.0, 288.2]",
094,,False,,"89, 90",0.93,2,EA,WALL STOP,WS406/407CCV,IVE,630,,Ives,Satin stainless steel,False,90,"[80.1, 290.6, 528.0, 301.7]",
094,,False,,"89, 90",0.93,2,EA,WIRE HARNESS - IN DOOR,CON - LENGTH AS REQUIRED - FROM LOCK TO EPT,SCH,,,Schlage,,True,90,"[80.1, 304.0, 533.0, 326.6]",
094,,False,,"89, 90",0.93,2,EA,WIRE HARNESS CONNECTOR - IN FRAME,CON - 6W - FROM CON TO POWER SUPPLY,SCH,,,Schlage,,True,90,"[80.1, 329.1, 533.0, 363.1]",
094,,False,,"89, 90",0.93,1,EA,MULTITECH CREDENTIAL READER,PROVIDED BY DIV 28 - MTB15 OR MTB11 AS REQUIRED,SCE,BLK,,Schlage Electronics,Black,True,90,"[80.1, 390.5, 532.5, 413.1]",
094,,False,,"89, 90",0.93,2,EA,DOOR POSITION SWITCH - AS REQUIRED,BY DIVISION 28,B/O,,,By Others,,True,90,"[80.1, 415.6, 529.1, 438.1]",
094,,False,,"89, 90",0.93,1,EA,CREDENTIAL POWER SUPPLY,"BY DIVISION 28 [BULLETIN 023, 251218]",B/O,,,By Others,,True,90,"[80.1, 440.6, 529.7, 463.2]",
094,,False,,"89, 90",0.93,1,EA,POWER SUPPLY,"PS904 900-4RL-FA 900-BBK 120/240 VAC [BULLETIN 023, 251218]",VON,,,Von Duprin,,True,90,"[80.1, 465.5, 533.6, 499.7]",
095,,False,,"90, 91",0.94,6,EA,HEAVYWEIGHT HINGE,5BB1HW 4.5 X 4.5 - NRP AT OUTSWINGING LOCKING DOORS,IVE,652,,Ives,Satin chrome plated steel,False,91,"[80.1, 123.5, 528.0, 157.6]",
095,,False,,"90, 91",0.94,2,EA,POWER TRANSFER,EPT10 CON,VON,689,,Von Duprin,Aluminum painted,True,91,"[80.1, 160.1, 533.6, 171.2]",
095,,False,,"90, 91",0.94,2,EA,ELEC FIRE EXIT HARDWARE,RX-LC-QEL-9827-EO-F- LBR/LBRAFL-499F-CON-SNB 24 VDC,VON,630,,Von Duprin,Satin stainless steel,True,91,"[80.1, 173.5, 533.6, 207.7]",
095,,False,,"90, 91",0.94,1,EA,MAGNETIC LOCK,M490P ATS/LED 12/24 VDC X PLATES X BKTS - AS REQUIRED,SCE,628,,Schlage Electronics,"Satin aluminum, clear anodized",True,91,"[80.1, 233.0, 532.5, 267.2]",
095,,False,,"90, 91",0.94,1,EA,AUTOMATIC OPERATOR,BY RELATED SECTION 08 71 13,B/O,,,By Others,,True,91,"[80.1, 269.6, 529.1, 292.2]",
095,,False,,"90, 91",0.94,2,EA,WAVE ACTUATOR,"BY RELATED SECTION 08 71 13 [BULLETIN 023, 251218]",B/O,,,By Others,,True,91,"[80.1, 294.5, 529.7, 317.1]",
095,,False,,"90, 91",0.94,2,EA,KICK PLATE,"8400 10"" HIGH LDW B-CS",IVE,630,,Ives,Satin stainless steel,False,91,"[80.1, 319.6, 528.0, 330.7]",
095,,False,,"90, 91",0.94,2,EA,WALL STOP,WS406/407CCV,IVE,630,,Ives,Satin stainless steel,False,91,"[80.1, 333.0, 528.0, 344.1]",
095,,False,,"90, 91",0.94,1,EA,GASKETING SET,188SBK PSA,ZER,BK,,Zero International,Black,False,91,"[80.1, 346.6, 531.9, 357.7]",
095,,False,,"90, 91",0.94,1,SET,ASTRAGAL SET,8193AA-S,ZER,AA,,Zero International,Anodized aluminum,False,91,"[80.1, 360.0, 531.9, 371.1]",
095,,False,,"90, 91",0.94,2,EA,WIRE HARNESS - IN DOOR,CON - LENGTH AS REQUIRED - FROM LOCK TO EPT,SCH,,,Schlage,,True,91,"[80.1, 373.6, 533.0, 396.1]",
095,,False,,"90, 91",0.94,2,EA,WIRE HARNESS CONNECTOR - IN FRAME,CON - 6W - FROM CON TO POWER SUPPLY,SCH,,,Schlage,,True,91,"[80.1, 398.6, 533.0, 432.7]",
095,,False,,"90, 91",0.94,1,EA,MULTITECH CREDENTIAL READER,PROVIDED BY DIV 28 - MTB15 OR MTB11 AS REQUIRED,SCE,BLK,,Schlage Electronics,Black,True,91,"[80.1, 460.0, 532.5, 482.6]",
095,,False,,"90, 91",0.94,2,EA,DOOR POSITION SWITCH - AS REQUIRED,BY DIVISION 28,B/O,,,By Others,,True,91,"[80.1, 485.1, 529.1, 507.7]",
095,,False,,"90, 91",0.94,1,EA,POWER SUPPLY,"PS904 900-4RL-FA 900-BBK 120/240 VAC [BULLETIN 023, 251218]",VON,,,Von Duprin,,True,91,"[80.1, 510.1, 533.6, 544.2]",
096,,False,,"91, 92",0.93,6,EA,HEAVYWEIGHT HINGE,5BB1HW 4.5 X 4.5 - NRP AT OUTSWINGING LOCKING DOORS,IVE,652,,Ives,Satin chrome plated steel,False,92,"[80.1, 69.5, 528.0, 103.6]",
096,,False,,"91, 92",0.93,2,EA,POWER TRANSFER,EPT10 CON,VON,689,,Von Duprin,Aluminum painted,True,92,"[80.1, 106.1, 533.6, 117.2]",
096,,False,,"91, 92",0.93,2,EA,ELEC FIRE EXIT HARDWARE,RX-LC-QEL-9827-EO-F- LBR/LBRAFL-499F-CON-SNB 24 VDC,VON,630,,Von Duprin,Satin stainless steel,True,92,"[80.1, 119.5, 533.6, 153.7]",
096,,False,,"91, 92",0.93,1,EA,DELAYED EGRESS MAG,M490DEP MTG BRKT & VOLTAGE AS REQ,SCE,628,,Schlage Electronics,"Satin aluminum, clear anodized",True,92,"[80.1, 179.0, 532.5, 201.7]",
096,,False,,"91, 92",0.93,1,EA,AUTOMATIC OPERATOR,BY RELATED SECTION 08 71 13,B/O,,,By Others,,True,92,"[80.1, 204.0, 529.1, 226.6]",
096,,False,,"91, 92",0.93,1,EA,WAVE ACTUATOR,BY RELATED SECTION 08 71 13,B/O,,,By Others,,True,92,"[80.1, 229.1, 529.1, 251.6]",
096,,False,,"91, 92",0.93,2,EA,KICK PLATE,"8400 10"" HIGH LDW B-CS",IVE,630,,Ives,Satin stainless steel,False,92,"[80.1, 279.0, 528.0, 290.1]",
096,,False,,"91, 92",0.93,2,EA,WALL STOP,WS406/407CCV,IVE,630,,Ives,Satin stainless steel,False,92,"[80.1, 292.6, 528.0, 303.7]",
096,,False,,"91, 92",0.93,2,EA,WIRE HARNESS - IN DOOR,CON - LENGTH AS REQUIRED - FROM LOCK TO EPT,SCH,,,Schlage,,True,92,"[80.1, 306.0, 533.0, 328.7]",
096,,False,,"91, 92",0.93,2,EA,WIRE HARNESS CONNECTOR - IN FRAME,CON - 6W - FROM CON TO POWER SUPPLY,SCH,,,Schlage,,True,92,"[80.1, 331.0, 533.0, 365.1]",
096,,False,,"91, 92",0.93,1,EA,REQUEST TO EXIT / MOTION SENSOR,FURNISHED BY DIVISION 28,B/O,,,By Others,,True,92,"[80.1, 367.6, 529.1, 390.1]",
096,,False,,"91, 92",0.93,1,EA,MULTITECH CREDENTIAL READER,PROVIDED BY DIV 28 - MTB15 OR MTB11 AS REQUIRED,SCE,BLK,,Schlage Electronics,Black,True,92,"[80.1, 417.5, 532.5, 440.2]",
096,,False,,"91, 92",0.93,1,EA,REMOTE RELEASE,"BY DIVISION 28 [BULLETIN 023, 251218]",B/O,,,By Others,,True,92,"[80.1, 442.6, 529.7, 465.1]",
096,,False,,"91, 92",0.93,2,EA,DOOR POSITION SWITCH - AS REQUIRED,BY DIVISION 28,B/O,,,By Others,,True,92,"[80.1, 467.6, 529.1, 490.2]",
096,,False,,"91, 92",0.93,1,EA,CREDENTIAL POWER SUPPLY,"BY DIVISION 28 [BULLETIN 023, 251218]",B/O,,,By Others,,True,92,"[80.1, 492.5, 529.7, 515.2]",
096,,False,,"91, 92",0.93,1,EA,POWER SUPPLY,"PS904 900-4RL-FA 900-BBK 120/240 VAC [BULLETIN 023, 251218]",VON,,,Von Duprin,,True,92,"[80.1, 517.6, 533.6, 551.6]",
096,,False,,"91, 92",0.93,1,EA,INTERCOM / VIDEO PHONE - AS REQUIRED,BY DIVISION 28 - AS REQUIRED,B/O,,,By Others,,True,92,"[80.1, 554.1, 529.1, 576.6]",
097,,False,,93,0.93,6,EA,HEAVYWEIGHT HINGE,5BB1HW 4.5 X 4.5 - NRP AT OUTSWINGING LOCKING DOORS,IVE,652,,Ives,Satin chrome plated steel,False,93,"[80.1, 175.6, 528.0, 209.6]",
097,,False,,93,0.93,2,EA,POWER TRANSFER,EPT10 CON,VON,689,,Von Duprin,Aluminum painted,True,93,"[80.1, 212.0, 533.6, 223.2]",
097,,False,,93,0.93,2,EA,ELEC FIRE EXIT HARDWARE,RX-LC-QEL-9827-EO-F- LBR/LBRAFL-499F-CON-SNB 24 VDC,VON,630,,Von Duprin,Satin stainless steel,True,93,"[80.1, 225.5, 533.6, 259.7]",
097,,False,,93,0.93,1,EA,DELAYED EGRESS MAG,M490DEP MTG BRKT & VOLTAGE AS REQ,SCE,628,,Schlage Electronics,"Satin aluminum, clear anodized",True,93,"[80.1, 285.0, 532.5, 307.7]",
097,,False,,93,0.93,1,EA,AUTOMATIC OPERATOR,BY RELATED SECTION 08 71 13,B/O,,,By Others,,True,93,"[80.1, 310.0, 529.1, 332.6]",
097,,False,,93,0.93,1,EA,WAVE ACTUATOR,BY RELATED SECTION 08 71 13,B/O,,,By Others,,True,93,"[80.1, 335.1, 529.1, 357.7]",
097,,False,,93,0.93,2,EA,MOTION SENSOR,FURNISHED BY SECTION 08 71 13,B/O,,,By Others,,True,93,"[80.1, 360.0, 529.1, 382.7]",
097,,False,,93,0.93,2,EA,KICK PLATE,"8400 10"" HIGH LDW B-CS",IVE,630,,Ives,Satin stainless steel,False,93,"[80.1, 385.0, 528.0, 396.1]",
097,,False,,93,0.93,2,EA,WALL STOP,WS406/407CCV,IVE,630,,Ives,Satin stainless steel,False,93,"[80.1, 398.6, 528.0, 409.7]",
097,,False,,93,0.93,2,EA,WIRE HARNESS - IN DOOR,CON - LENGTH AS REQUIRED - FROM LOCK TO EPT,SCH,,,Schlage,,True,93,"[80.1, 412.0, 533.0, 434.6]",
097,,False,,93,0.93,2,EA,WIRE HARNESS CONNECTOR - IN FRAME,CON - 6W - FROM CON TO POWER SUPPLY,SCH,,,Schlage,,True,93,"[80.1, 437.1, 533.0, 471.1]",
097,,False,,93,0.93,1,EA,MULTITECH CREDENTIAL READER,PROVIDED BY DIV 28 - MTB15 OR MTB11 AS REQUIRED,SCE,BLK,,Schlage Electronics,Black,True,93,"[80.1, 498.5, 532.5, 521.2]",
097,,False,,93,0.93,2,EA,DOOR POSITION SWITCH - AS REQUIRED,BY DIVISION 28,B/O,,,By Others,,True,93,"[80.1, 523.6, 529.1, 546.1]",
097,,False,,93,0.93,1,EA,POWER SUPPLY,"PS904 900-4RL-FA 900-BBK 120/240 VAC [BULLETIN 023, 251218]",VON,,,Von Duprin,,True,93,"[80.1, 548.6, 533.6, 582.6]",
098,,False,,"94, 95",0.93,6,EA,HEAVYWEIGHT HINGE,5BB1HW 4.5 X 4.5 - NRP AT OUTSWINGING LOCKING DOORS,IVE,652,,Ives,Satin chrome plated steel,False,94,"[80.1, 358.0, 528.0, 392.1]",
098,,False,,"94, 95",0.93,2,EA,POWER TRANSFER,EPT10 CON,VON,689,,Von Duprin,Aluminum painted,True,94,"[80.1, 394.6, 533.6, 405.7]",
098,,False,,"94, 95",0.93,2,EA,FIRE EXIT HARDWARE,"9827-EO-F-LBR/LBRAFL-499F- SNB [BULLETIN 023, 251218]",VON,626,,Von Duprin,Satin chrome,False,94,"[80.1, 408.0, 533.6, 442.2]",catalog_number
098,,False,,"94, 95",0.93,2,EA,MAGNETIC LOCK,M490P ATS/LED 12/24 VDC X PLATES X BKTS - AS REQUIRED,SCE,628,,Schlage Electronics,"Satin aluminum, clear anodized",True,94,"[80.1, 444.5, 532.5, 478.7]",
098,,False,,"94, 95",0.93,1,EA,FIRE/LIFE HOLDER,4040SEH SEH TBWMS120V AC/DC,LCN,689,,LCN,Aluminum painted,True,94,"[80.1, 481.0, 531.9, 503.6]",
098,,False,,"94, 95",0.93,1,EA,SURFACE CLOSER,4040XP CUSH,LCN,689,,LCN,Aluminum painted,False,94,"[80.1, 506.1, 531.9, 517.2]",
098,,False,,"94, 95",0.93,1,EA,SURFACE CLOSER,4040XP REG TBSRT/ 4040XP EDA TBSRT - AS REQUIRED,LCN,689,,LCN,Aluminum painted,False,94,"[80.1, 519.5, 531.9, 542.2]",
098,,False,,"94, 95",0.93,1,EA,FIRE/LIFE SAFETY MAGNET,SEM7800 SERIES AS REQUIRED - 12V/24V/120V,LCN,689,,LCN,Aluminum painted,True,94,"[80.1, 544.5, 531.9, 567.1]",
098,,False,,"94, 95",0.93,2,EA,WIRE HARNESS - IN DOOR,CON - LENGTH AS REQUIRED - FROM LOCK TO EPT,SCH,,,Schlage,,True,94,"[80.1, 569.6, 533.0, 592.2]",
098,,False,,"94, 95",0.93,2,EA,WIRE HARNESS CONNECTOR - IN FRAME,CON - 6W - FROM CON TO POWER SUPPLY,SCH,,,Schlage,,True,94,"[80.1, 594.6, 533.0, 628.7]",
098,,False,,"94, 95",0.93,2,EA,MULTITECH CREDENTIAL READER,PROVIDED BY DIV 28 - MTB15 OR MTB11 AS REQUIRED,SCE,BLK,,Schlage Electronics,Black,True,94,"[80.1, 631.0, 532.5, 653.7]",
098,,False,,"94, 95",0.93,1,EA,POWER SUPPLY,"PS904 900-4RL-FA 900-BBK 120/240 VAC [BULLETIN 023, 251218]",VON,,,Von Duprin,,True,94,"[80.1, 656.1, 533.6, 690.2]",
099,,False,,"95, 96",0.93,6,EA,HEAVYWEIGHT HINGE,5BB1HW 4.5 X 4.5 - NRP AT OUTSWINGING LOCKING DOORS,IVE,652,,Ives,Satin chrome plated steel,False,95,"[80.1, 316.0, 528.0, 350.1]",
099,,False,,"95, 96",0.93,2,EA,POWER TRANSFER,EPT10 CON,VON,689,,Von Duprin,Aluminum painted,True,95,"[80.1, 352.6, 533.6, 363.7]",
099,,False,,"95, 96",0.93,2,EA,ELEC FIRE EXIT HARDWARE,RX-LC-QEL-9827-EO-F- LBR/LBRAFL-499F-CON-SNB 24 VDC,VON,630,,Von Duprin,Satin stainless steel,True,95,"[80.1, 366.0, 533.6, 400.2]",
099,,False,,"95, 96",0.93,1,EA,DELAYED EGRESS MAG,M490DEP MTG BRKT & VOLTAGE AS REQ,SCE,628,,Schlage Electronics,"Satin aluminum, clear anodized",True,95,"[80.1, 425.6, 532.5, 448.2]",
099,,False,,"95, 96",0.93,1,EA,MAGNETIC LOCK,M490P ATS/LED 12/24 VDC X PLATES X BKTS - AS REQUIRED,SCE,628,,Schlage Electronics,"Satin aluminum, clear anodized",True,95,"[80.1, 450.5, 532.5, 484.7]",
099,,False,,"95, 96",0.93,2,EA,SURFACE CLOSER,4040XP REG TBSRT/ 4040XP EDA TBSRT - AS REQUIRED,LCN,689,,LCN,Aluminum painted,False,95,"[80.1, 487.0, 531.9, 509.6]",
099,,False,,"95, 96",0.93,2,EA,KICK PLATE,"8400 10"" HIGH LDW B-CS",IVE,630,,Ives,Satin stainless steel,False,95,"[80.1, 512.1, 528.0, 523.2]",
099,,False,,"95, 96",0.93,2,EA,WALL STOP,WS406/407CCV,IVE,630,,Ives,Satin stainless steel,False,95,"[80.1, 525.5, 528.0, 536.6]",
099,,False,,"95, 96",0.93,2,EA,WIRE HARNESS - IN DOOR,CON - LENGTH AS REQUIRED - FROM LOCK TO EPT,SCH,,,Schlage,,True,95,"[80.1, 539.1, 533.0, 561.6]",
099,,False,,"95, 96",0.93,2,EA,WIRE HARNESS CONNECTOR - IN FRAME,CON - 6W - FROM CON TO POWER SUPPLY,SCH,,,Schlage,,True,95,"[80.1, 564.1, 533.0, 598.2]",
099,,False,,"95, 96",0.93,1,EA,REQUEST TO EXIT / MOTION SENSOR,FURNISHED BY DIVISION 28,B/O,,,By Others,,True,95,"[80.1, 600.6, 529.1, 623.2]",
099,,False,,"95, 96",0.93,2,EA,MULTITECH CREDENTIAL READER,PROVIDED BY DIV 28 - MTB15 OR MTB11 AS REQUIRED,SCE,BLK,,Schlage Electronics,Black,True,95,"[80.1, 650.6, 532.5, 673.2]",
099,,False,,"95, 96",0.93,2,EA,DOOR POSITION SWITCH - AS REQUIRED,BY DIVISION 28,B/O,,,By Others,,True,95,"[80.1, 675.6, 529.1, 698.2]",
099,,False,,"95, 96",0.93,1,EA,POWER SUPPLY,"PS906 900-4RL-FA 900-BBK 120/240 VAC [BULLETIN 023, 251218]",VON,,,Von Duprin,,True,96,"[80.1, 69.5, 533.6, 103.6]",
100,,False,,96,0.93,6,EA,HEAVYWEIGHT HINGE,5BB1HW 4.5 X 4.5 - NRP AT OUTSWINGING LOCKING DOORS,IVE,652,,Ives,Satin chrome plated steel,False,96,"[80.1, 352.6, 528.0, 386.6]",
100,,False,,96,0.93,2,EA,POWER TRANSFER,EPT10 CON,VON,689,,Von Duprin,Aluminum painted,True,96,"[80.1, 389.1, 533.6, 400.2]",
100,,False,,96,0.93,2,EA,ELEC FIRE EXIT HARDWARE,RX-LC-9827-EO-F-LBRAFL- 499F-SNB,VON,626,,Von Duprin,Satin chrome,True,96,"[80.1, 402.5, 533.6, 425.1]",
100,,False,,96,0.93,1,EA,MAGNETIC LOCK,M490P ATS/LED 12/24 VDC X PLATES X BKTS - AS REQUIRED,SCE,628,,Schlage Electronics,"Satin aluminum, clear anodized",True,96,"[80.1, 427.6, 532.5, 461.6]",
100,,False,,96,0.93,2,EA,DELAYED SURFACE CLOSER,4041 DEL REG TBSRT/ 4041 DEL EDA TBSRT - AS REQUIRED,LCN,689,,LCN,Aluminum painted,False,96,"[80.1, 464.1, 531.9, 498.1]",
100,,False,,96,0.93,2,EA,KICK PLATE,"8400 10"" HIGH LDW B-CS",IVE,630,,Ives,Satin stainless steel,False,96,"[80.1, 500.6, 528.0, 511.7]",
100,,False,,96,0.93,2,EA,WALL STOP,WS401/402CCV,IVE,626,,Ives,Satin chrome,False,96,"[80.1, 514.0, 528.0, 525.1]",
100,,False,,96,0.93,2,EA,WIRE HARNESS - IN DOOR,CON - LENGTH AS REQUIRED - FROM LOCK TO EPT,SCH,,,Schlage,,True,96,"[80.1, 527.6, 533.0, 550.2]",
100,,False,,96,0.93,2,EA,WIRE HARNESS CONNECTOR - IN FRAME,CON - 6W - FROM CON TO POWER SUPPLY,SCH,,,Schlage,,True,96,"[80.1, 552.5, 533.0, 586.7]",
100,,False,,96,0.93,1,EA,MULTITECH CREDENTIAL READER,PROVIDED BY DIV 28 - MTB15 OR MTB11 AS REQUIRED,SCE,BLK,,Schlage Electronics,Black,True,96,"[80.1, 614.1, 532.5, 636.6]",
100,,False,,96,0.93,2,EA,DOOR POSITION SWITCH - AS REQUIRED,BY DIVISION 28,B/O,,,By Others,,True,96,"[80.1, 639.1, 529.1, 661.7]",
100,,False,,96,0.93,1,EA,POWER SUPPLY,"PS904 900-4RL-FA 900-BBK 120/240 VAC [BULLETIN 023, 251218]",VON,,,Von Duprin,,True,96,"[80.1, 664.0, 533.6, 698.2]",
102,,False,,97,0.93,6,EA,HEAVYWEIGHT HINGE,5BB1HW 4.5 X 4.5 - NRP AT OUTSWINGING LOCKING DOORS,IVE,652,,Ives,Satin chrome plated steel,False,97,"[80.1, 200.5, 528.0, 234.7]",
102,,False,,97,0.93,2,EA,POWER TRANSFER,EPT10 CON,VON,689,,Von Duprin,Aluminum painted,True,97,"[80.1, 237.0, 533.6, 248.1]",
102,,False,,97,0.93,2,EA,ELEC FIRE EXIT HARDWARE,RX-LC-QEL-9827-EO-F- LBR/LBRAFL-499F-CON-SNB 24 VDC,VON,630,,Von Duprin,Satin stainless steel,True,97,"[80.1, 250.6, 533.6, 284.6]",
102,,False,,97,0.93,1,EA,AUTOMATIC OPERATOR,BY RELATED SECTION 08 71 13,B/O,,,By Others,,True,97,"[80.1, 310.0, 529.1, 332.6]",
102,,False,,97,0.93,2,EA,WAVE ACTUATOR,BY RELATED SECTION 08 71 13,B/O,,,By Others,,True,97,"[80.1, 335.1, 529.1, 357.7]",
102,,False,,97,0.93,2,EA,KICK PLATE,"8400 10"" HIGH LDW B-CS",IVE,630,,Ives,Satin stainless steel,False,97,"[80.1, 360.0, 528.0, 371.1]",
102,,False,,97,0.93,2,EA,WALL STOP,WS406/407CCV,IVE,630,,Ives,Satin stainless steel,False,97,"[80.1, 373.6, 528.0, 384.7]",
102,,False,,97,0.93,2,EA,WIRE HARNESS - IN DOOR,CON - LENGTH AS REQUIRED - FROM LOCK TO EPT,SCH,,,Schlage,,True,97,"[80.1, 387.0, 533.0, 409.7]",
102,,False,,97,0.93,2,EA,WIRE HARNESS CONNECTOR - IN FRAME,CON - 6W - FROM CON TO POWER SUPPLY,SCH,,,Schlage,,True,97,"[80.1, 412.0, 533.0, 446.2]",
102,,False,,97,0.93,1,EA,POWER SUPPLY,PS904 900-4RL-FA 900-BBK 120/240 VAC,VON,,,Von Duprin,,True,97,"[80.1, 448.6, 533.6, 471.1]",
103,,False,,"97, 98",0.93,6,EA,HEAVYWEIGHT HINGE,5BB1HW 4.5 X 4.5 - NRP AT OUTSWINGING LOCKING DOORS,IVE,652,,Ives,Satin chrome plated steel,False,98,"[80.1, 81.0, 528.0, 115.2]",
103,,False,,"97, 98",0.93,2,EA,POWER TRANSFER,EPT10 CON,VON,689,,Von Duprin,Aluminum painted,True,98,"[80.1, 117.5, 533.6, 128.6]",
103,,False,,"97, 98",0.93,2,EA,FIRE EXIT HARDWARE,9827-EO-F-LBR/LBRAFL-499F- SNB,VON,626,,Von Duprin,Satin chrome,False,98,"[80.1, 131.0, 533.6, 153.7]",
103,,False,,"97, 98",0.93,2,EA,MAGNETIC LOCK,M490P ATS/LED 12/24 VDC X PLATES X BKTS - AS REQUIRED,SCE,628,,Schlage Electronics,"Satin aluminum, clear anodized",True,98,"[80.1, 156.0, 532.5, 190.2]",
103,,False,,"97, 98",0.93,1,EA,FIRE/LIFE HOLDER,4040SEH SEH TBWMS120V AC/DC,LCN,689,,LCN,Aluminum painted,True,98,"[80.1, 192.5, 532.5, 215.1]",
103,,False,,"97, 98",0.93,1,EA,SURFACE CLOSER,4040XP CUSH,LCN,689,,LCN,Aluminum painted,False,98,"[80.1, 217.6, 532.5, 228.7]",
103,,False,,"97, 98",0.93,1,EA,SURFACE CLOSER,4040XP REG TBSRT/ 4040XP EDA TBSRT - AS REQUIRED,LCN,689,,LCN,Aluminum painted,False,98,"[80.1, 231.0, 532.5, 253.6]",
103,,False,,"97, 98",0.93,1,EA,FIRE/LIFE SAFETY MAGNET,SEM7800 SERIES AS REQUIRED - 12V/24V/120V,LCN,689,,LCN,Aluminum painted,True,98,"[80.1, 256.1, 532.5, 278.6]",
103,,False,,"97, 98",0.93,2,EA,WIRE HARNESS - IN DOOR,CON - LENGTH AS REQUIRED - FROM LOCK TO EPT,SCH,,,Schlage,,True,98,"[80.1, 281.1, 533.0, 303.7]",
103,,False,,"97, 98",0.93,2,EA,WIRE HARNESS CONNECTOR - IN FRAME,CON - 6W - FROM CON TO POWER SUPPLY,SCH,,,Schlage,,True,98,"[80.1, 306.0, 533.0, 340.2]",
103,,False,,"97, 98",0.93,2,EA,MULTITECH CREDENTIAL READER,PROVIDED BY DIV 28 - MTB15 OR MTB11 AS REQUIRED,SCE,BLK,,Schlage Electronics,Black,True,98,"[80.1, 342.5, 532.5, 365.1]",
103,,False,,"97, 98",0.93,1,EA,REMOTE RELEASE,BY DIVISION 28,B/O,,,By Others,,True,98,"[80.1, 367.6, 529.7, 378.7]",
103,,False,,"97, 98",0.93,1,EA,POWER SUPPLY,PS904 900-4RL-FA 900-BBK 120/240 VAC,VON,,,Von Duprin,,True,98,"[80.1, 381.0, 533.6, 403.7]",
104,,False,,"98, 99",0.94,6,EA,HEAVYWEIGHT HINGE,5BB1HW 4.5 X 4.5 - NRP AT OUTSWINGING LOCKING DOORS,IVE,652,,Ives,Satin chrome plated steel,False,98,"[80.1, 664.0, 528.0, 698.2]",
104,,False,,"98, 99",0.94,2,EA,FIRE EXIT HARDWARE,"9827-EO-F-LBR/LBRAFL-499F- SNB [BULLETIN 023, 251218]",VON,626,,Von Duprin,Satin chrome,False,99,"[80.1, 69.5, 533.6, 103.6]",catalog_number
104,,False,,"98, 99",0.94,2,EA,SURFACE CLOSER,4040XP SCUSH TBSRT,LCN,689,,LCN,Aluminum painted,False,99,"[80.1, 106.1, 531.9, 117.2]",
104,,False,,"98, 99",0.94,2,EA,KICK PLATE,"8400 10"" HIGH LDW B-CS",IVE,630,,Ives,Satin stainless steel,False,99,"[80.1, 119.5, 528.0, 130.6]",
105,,False,,99,0.94,6,EA,HEAVYWEIGHT HINGE,5BB1HW 4.5 X 4.5 - NRP AT OUTSWINGING LOCKING DOORS,IVE,652,,Ives,Satin chrome plated steel,False,99,"[80.1, 391.0, 528.0, 425.1]",
105,,False,,99,0.94,2,EA,FIRE EXIT HARDWARE,"9827-EO-F-LBR/LBRAFL-499F- SNB [BULLETIN 023, 251218]",VON,626,,Von Duprin,Satin chrome,False,99,"[80.1, 427.6, 533.6, 461.6]",catalog_number
105,,False,,99,0.94,2,EA,FIRE/LIFE HOLDER,4040SEH SEH TBWMS120V AC/DC,LCN,689,,LCN,Aluminum painted,True,99,"[80.1, 464.1, 531.9, 486.7]",
105,,False,,99,0.94,2,EA,SURFACE CLOSER,4040XP CUSH,LCN,689,,LCN,Aluminum painted,False,99,"[80.1, 489.1, 531.9, 500.2]",
105,,False,,99,0.94,2,EA,KICK PLATE,"8400 10"" HIGH LDW B-CS",IVE,630,,Ives,Satin stainless steel,False,99,"[80.1, 502.6, 528.0, 513.7]",
106,,False,,"99, 100",0.93,6,EA,HEAVYWEIGHT HINGE,5BB1HW 4.5 X 4.5 - NRP AT OUTSWINGING LOCKING DOORS,IVE,652,,Ives,Satin chrome plated steel,False,100,"[80.1, 404.1, 528.0, 438.1]",
106,,False,,"99, 100",0.93,2,EA,FIRE EXIT HARDWARE,"9827-EO-F-LBR/LBRAFL-499F- SNB [BULLETIN 023, 251218]",VON,626,,Von Duprin,Satin chrome,False,100,"[80.1, 440.6, 533.6, 474.7]",catalog_number
106,,False,,"99, 100",0.93,2,EA,SURFACE CLOSER,4040XP REG TBSRT/ 4040XP EDA TBSRT - AS REQUIRED,LCN,689,,LCN,Aluminum painted,False,100,"[80.1, 477.1, 531.9, 499.7]",
106,,False,,"99, 100",0.93,2,EA,KICK PLATE,"8400 10"" HIGH LDW B-CS",IVE,630,,Ives,Satin stainless steel,False,100,"[80.1, 502.0, 528.0, 513.1]",
106,,False,,"99, 100",0.93,2,EA,FIRE/LIFE SAFETY MAGNET,SEM7800 SERIES AS REQUIRED - 12V/24V/120V,LCN,689,,LCN,Aluminum painted,True,100,"[80.1, 515.6, 531.9, 538.2]",
107,,False,,"100, 101",0.93,6,EA,HEAVYWEIGHT HINGE,5BB1HW 4.5 X 4.5 - NRP AT OUTSWINGING LOCKING DOORS,IVE,652,,Ives,Satin chrome plated steel,False,101,"[80.1, 171.5, 528.0, 205.6]",
107,,False,,"100, 101",0.93,2,EA,FIRE EXIT HARDWARE,"9827-EO-F-LBR/LBRAFL-499F- SNB [BULLETIN 023, 251218]",VON,626,,Von Duprin,Satin chrome,False,101,"[80.1, 208.1, 533.6, 242.1]",catalog_number
107,,False,,"100, 101",0.93,1,EA,FIRE/LIFE HOLDER,4040SEH SEH TBWMS120V AC/DC,LCN,689,,LCN,Aluminum painted,True,101,"[80.1, 244.6, 531.9, 267.2]",
107,,False,,"100, 101",0.93,1,EA,SURFACE CLOSER,4040XP CUSH,LCN,689,,LCN,Aluminum painted,False,101,"[80.1, 269.6, 531.9, 280.7]",
107,,False,,"100, 101",0.93,1,EA,SURFACE CLOSER,4040XP REG TBSRT/ 4040XP EDA TBSRT - AS REQUIRED,LCN,689,,LCN,Aluminum painted,False,101,"[80.1, 283.1, 531.9, 305.6]",
107,,False,,"100, 101",0.93,2,EA,KICK PLATE,"8400 10"" HIGH LDW B-CS",IVE,630,,Ives,Satin stainless steel,False,101,"[80.1, 308.1, 528.0, 319.2]",
107,,False,,"100, 101",0.93,1,EA,FIRE/LIFE SAFETY MAGNET,SEM7800 SERIES AS REQUIRED - 12V/24V/120V,LCN,689,,LCN,Aluminum painted,True,101,"[80.1, 321.5, 531.9, 344.1]",
108,,False,,"101, 102",0.93,6,EA,HEAVYWEIGHT HINGE,5BB1HW 4.5 X 4.5 - NRP AT OUTSWINGING LOCKING DOORS,IVE,652,,Ives,Satin chrome plated steel,False,102,"[80.1, 69.5, 528.0, 103.6]",
108,,False,,"101, 102",0.93,2,EA,FIRE EXIT HARDWARE,"9827-EO-F-LBR/LBRAFL-499F- SNB [BULLETIN 023, 251218]",VON,626,,Von Duprin,Satin chrome,False,102,"[80.1, 106.1, 533.6, 140.1]",catalog_number
108,,False,,"101, 102",0.93,2,EA,SURFACE CLOSER,4040XP REG TBSRT/ 4040XP EDA TBSRT - AS REQUIRED,LCN,689,,LCN,Aluminum painted,False,102,"[80.1, 142.6, 531.9, 165.2]",
108,,False,,"101, 102",0.93,2,EA,KICK PLATE,"8400 10"" HIGH LDW B-CS",IVE,630,,Ives,Satin stainless steel,False,102,"[80.1, 167.5, 528.0, 178.6]",
108,,False,,"101, 102",0.93,2,EA,FIRE/LIFE SAFETY MAGNET,SEM7800 SERIES AS REQUIRED - 12V/24V/120V,LCN,689,,LCN,Aluminum painted,True,102,"[80.1, 181.1, 531.9, 203.6]",
109,,False,,102,0.94,6,EA,HEAVYWEIGHT HINGE,5BB1HW 4.5 X 4.5 - NRP AT OUTSWINGING LOCKING DOORS,IVE,652,,Ives,Satin chrome plated steel,False,102,"[80.1, 452.6, 528.0, 486.7]",
109,,False,,102,0.94,2,EA,FIRE EXIT HARDWARE,"9827-EO-F-LBR/LBRAFL-499F- SNB [BULLETIN 023, 251218]",VON,626,,Von Duprin,Satin chrome,False,102,"[80.1, 489.1, 533.6, 523.2]",catalog_number
109,,False,,102,0.94,1,EA,SURFACE CLOSER,4040XP REG TBSRT/ 4040XP EDA TBSRT - AS REQUIRED,LCN,689,,LCN,Aluminum painted,False,102,"[80.1, 525.5, 531.9, 548.2]",
109,,False,,102,0.94,1,EA,SURFACE CLOSER,4040XP SCUSH TBSRT,LCN,689,,LCN,Aluminum painted,False,102,"[80.1, 550.5, 531.9, 561.6]",
109,,False,,102,0.94,2,EA,KICK PLATE,"8400 10"" HIGH LDW B-CS",IVE,630,,Ives,Satin stainless steel,False,102,"[80.1, 564.1, 528.0, 575.2]",
109,,False,,102,0.94,1,EA,WALL STOP,WS401/402CCV,IVE,626,,Ives,Satin chrome,False,102,"[80.1, 577.5, 528.0, 588.6]",
110,,False,,103,0.93,3,EA,HEAVYWEIGHT HINGE,5BB1HW 4.5 X 4.5 - NRP AT OUTSWINGING LOCKING DOORS,IVE,652,,Ives,Satin chrome plated steel,False,103,"[80.1, 164.0, 528.0, 198.2]",
110,,False,,103,0.93,1,EA,POWER TRANSFER,EPT10 CON,VON,689,,Von Duprin,Aluminum painted,True,103,"[80.1, 200.5, 533.6, 211.6]",
110,,False,,103,0.93,1,EA,ELEC FIRE EXIT HARDWARE,RX-LC-98-L-F-M996-06-FSE- CON-SNB,VON,630,,Von Duprin,Satin stainless steel,True,103,"[80.1, 214.1, 533.6, 236.6]",
110,,False,,103,0.93,1,EA,RIM CYLINDER,"1E SERIES - PROVIDE BRASS CONSTRUCTION CORE [BULLETIN 023, 251218]",BES,626,,Best,Satin chrome,False,103,"[80.1, 239.0, 532.5, 284.6]",
110,,False,,103,0.93,1,EA,PERMANENT CORE - COMBINATED,1C72,BES,626,,Best,Satin chrome,False,103,"[80.1, 312.0, 532.0, 334.7]",
110,,False,,103,0.93,1,EA,SURFACE CLOSER,4040XP REG TBSRT/ 4040XP EDA TBSRT - AS REQUIRED,LCN,689,,LCN,Aluminum painted,False,103,"[80.1, 337.0, 531.9, 359.6]",
110,,False,,103,0.93,1,EA,KICK PLATE,"8400 10"" HIGH LDW B-CS",IVE,630,,Ives,Satin stainless steel,False,103,"[80.1, 362.1, 528.0, 373.2]",
110,,False,,103,0.93,1,EA,WALL STOP,WS401/402CCV,IVE,626,,Ives,Satin chrome,False,103,"[80.1, 375.5, 528.0, 386.6]",
110,,False,,103,0.93,1,EA,WIRE HARNESS - IN DOOR,CON - LENGTH AS REQUIRED - FROM LOCK TO EPT,SCH,,,Schlage,,True,103,"[80.1, 414.0, 533.0, 436.7]",
110,,False,,103,0.93,1,EA,WIRE HARNESS CONNECTOR - IN FRAME,CON - 6W - FROM CON TO POWER SUPPLY,SCH,,,Schlage,,True,103,"[80.1, 439.0, 533.0, 473.2]",
110,,False,,103,0.93,1,EA,POWER SUPPLY - AS REQUIRED,BY DIVISION 28,B/O,,,By Others,,True,103,"[80.1, 475.6, 529.1, 498.1]",
110,,False,,103,0.93,1,EA,MULTITECH CREDENTIAL READER,PROVIDED BY DIV 28 - MTB15 OR MTB11 AS REQUIRED,SCE,BLK,,Schlage Electronics,Black,True,103,"[80.1, 500.6, 532.5, 523.2]",
111,,False,,"104, 105",0.93,3,EA,HEAVYWEIGHT HINGE,5BB1HW 4.5 X 4.5 - NRP AT OUTSWINGING LOCKING DOORS,IVE,652,,Ives,Satin chrome plated steel,False,104,"[80.1, 454.6, 528.0, 488.6]",
111,,False,,"104, 105",0.93,1,EA,POWER TRANSFER,EPT10 CON,VON,689,,Von Duprin,Aluminum painted,True,104,"[80.1, 491.1, 533.6, 502.2]",
111,,False,,"104, 105",0.93,1,EA,ELEC FIRE EXIT HARDWARE,RX-LC-98-EO-F-CON-SNB,VON,630,,Von Duprin,Satin stainless steel,True,104,"[80.1, 504.5, 533.6, 527.2]",
111,,False,,"104, 105",0.93,1,EA,ELEC EXIT DEVICE TRIM,AD-300-993R-70-MT-RHO-B- LRX 12/24 VDC,SCE,626,,Schlage Electronics,Satin chrome,True,104,"[80.1, 529.6, 532.5, 552.1]",
111,,False,,"104, 105",0.93,1,EA,SFIC CONST. CORE - CONSTRUCTION PHASE,"80-035 GRN [BULLETIN 023, 251218]",SCH,,,Schlage,,False,104,"[80.1, 554.6, 533.0, 577.2]",
111,,False,,"104, 105",0.93,1,EA,PERMANENT CORE - COMBINATED,1C72,BES,626,,Best,Satin chrome,False,104,"[80.1, 604.5, 532.0, 627.2]",
111,,False,,"104, 105",0.93,1,EA,SURFACE CLOSER,4040XP REG TBSRT/ 4040XP EDA TBSRT - AS REQUIRED,LCN,689,,LCN,Aluminum painted,False,104,"[80.1, 629.6, 531.9, 652.2]",
111,,False,,"104, 105",0.93,1,EA,KICK PLATE,"8400 10"" HIGH LDW B-CS",IVE,630,,Ives,Satin stainless steel,False,104,"[80.1, 654.6, 528.0, 665.7]",
111,,False,,"104, 105",0.93,1,EA,WALL STOP,WS401/402CCV,IVE,626,,Ives,Satin chrome,False,104,"[80.1, 668.1, 528.0, 679.2]",
111,,False,,"104, 105",0.93,1,EA,WIRE HARNESS - IN DOOR,CON - LENGTH AS REQUIRED - FROM LOCK TO EPT,SCH,,,Schlage,,True,104,"[80.1, 681.6, 533.0, 704.2]",
111,,False,,"104, 105",0.93,1,EA,WIRE HARNESS CONNECTOR - IN FRAME,CON - 6W - FROM CON TO POWER SUPPLY,SCH,,,Schlage,,True,105,"[80.1, 69.5, 533.0, 103.6]",
111,,False,,"104, 105",0.93,1,EA,POWER SUPPLY - AS REQUIRED,BY DIVISION 28,B/O,,,By Others,,True,105,"[80.1, 106.1, 529.1, 128.6]",
111,,False,,"104, 105",0.93,1,,DIAGRAMS,PROVIDE FACTORY POINT TO POINT WIRING DIAGRAMS,,,,,,False,105,"[80.1, 252.0, 414.3, 274.7]",
112,,False,,"105, 106",0.93,3,EA,HEAVYWEIGHT HINGE,5BB1HW 4.5 X 4.5 - NRP AT OUTSWINGING LOCKING DOORS,IVE,652,,Ives,Satin chrome plated steel,False,105,"[80.1, 437.1, 528.0, 471.1]",
112,,False,,"105, 106",0.93,1,EA,POWER TRANSFER,EPT10 CON,VON,689,,Von Duprin,Aluminum painted,True,105,"[80.1, 473.6, 533.6, 484.7]",
112,,False,,"105, 106",0.93,1,EA,ELEC FIRE EXIT HARDWARE,RX-LC-98-EO-F-CON-SNB,VON,630,,Von Duprin,Satin stainless steel,True,105,"[80.1, 487.0, 533.6, 509.6]",
112,,False,,"105, 106",0.93,1,EA,ELEC EXIT DEVICE TRIM,AD-300-993R-70-MT-RHO-B- LRX 12/24 VDC,SCE,626,,Schlage Electronics,Satin chrome,True,105,"[80.1, 512.1, 532.5, 534.7]",
112,,False,,"105, 106",0.93,1,EA,SFIC CONST. CORE - CONSTRUCTION PHASE,80-035 GRN,SCH,,,Schlage,,False,105,"[80.1, 537.1, 533.0, 559.7]",
112,,False,,"105, 106",0.93,1,EA,PERMANENT CORE - COMBINATED,1C72,BES,626,,Best,Satin chrome,False,105,"[80.1, 562.0, 532.0, 584.6]",
112,,False,,"105, 106",0.93,1,EA,SURFACE CLOSER,4040XP SCUSH TBSRT,LCN,689,,LCN,Aluminum painted,False,105,"[80.1, 587.1, 531.9, 598.2]",
112,,False,,"105, 106",0.93,1,EA,KICK PLATE,"8400 10"" HIGH LDW B-CS",IVE,630,,Ives,Satin stainless steel,False,105,"[80.1, 600.6, 528.0, 611.7]",
112,,False,,"105, 106",0.93,1,EA,WIRE HARNESS - IN DOOR,CON - LENGTH AS REQUIRED - FROM LOCK TO EPT,SCH,,,Schlage,,True,105,"[80.1, 614.1, 533.0, 636.6]",
112,,False,,"105, 106",0.93,1,EA,WIRE HARNESS CONNECTOR - IN FRAME,CON - 6W - FROM CON TO POWER SUPPLY,SCH,,,Schlage,,True,105,"[80.1, 639.1, 533.0, 673.2]",
112,,False,,"105, 106",0.93,1,EA,POWER SUPPLY - AS REQUIRED,BY DIVISION 28,B/O,,,By Others,,True,105,"[80.1, 675.6, 529.1, 698.2]",
112,,False,,"105, 106",0.93,1,,DIAGRAMS,PROVIDE FACTORY POINT TO POINT WIRING DIAGRAMS,,,,,,False,106,"[80.1, 190.6, 414.3, 213.2]",
113,,False,,"106, 107",0.93,3,EA,HEAVYWEIGHT HINGE,5BB1HW 4.5 X 4.5 - NRP AT OUTSWINGING LOCKING DOORS,IVE,652,,Ives,Satin chrome plated steel,False,106,"[80.1, 364.0, 528.0, 398.1]",
113,,False,,"106, 107",0.93,1,EA,POWER TRANSFER,EPT10 CON,VON,689,,Von Duprin,Aluminum painted,True,106,"[80.1, 400.6, 533.6, 411.7]",
113,,False,,"106, 107",0.93,1,EA,ELEC FIRE EXIT HARDWARE,RX-LC-98-EO-F-CON-SNB,VON,630,,Von Duprin,Satin stainless steel,True,106,"[80.1, 414.0, 533.6, 436.7]",
113,,False,,"106, 107",0.93,1,EA,ELEC EXIT DEVICE TRIM,AD-300-993R-70-MT-RHO-B- LRX 12/24 VDC,SCE,626,,Schlage Electronics,Satin chrome,True,106,"[80.1, 439.0, 532.5, 461.6]",
113,,False,,"106, 107",0.93,1,EA,SFIC CONST. CORE - CONSTRUCTION PHASE,80-035 GRN,SCH,,,Schlage,,False,106,"[80.1, 464.1, 533.0, 486.7]",
113,,False,,"106, 107",0.93,1,EA,PERMANENT CORE - COMBINATED,1C72,BES,626,,Best,Satin chrome,False,106,"[80.1, 489.1, 532.0, 511.7]",
113,,False,,"106, 107",0.93,1,EA,SURFACE CLOSER,4040XP REG TBSRT/ 4040XP EDA TBSRT - AS REQUIRED,LCN,689,,LCN,Aluminum painted,False,106,"[80.1, 514.0, 531.9, 536.6]",
113,,False,,"106, 107",0.93,1,EA,KICK PLATE,"8400 10"" HIGH LDW B-CS",IVE,630,,Ives,Satin stainless steel,False,106,"[80.1, 539.1, 528.0, 550.2]",
113,,False,,"106, 107",0.93,1,EA,FIRE/LIFE SAFETY MAGNET,SEM7800 SERIES AS REQUIRED - 12V/24V/120V,LCN,689,,LCN,Aluminum painted,True,106,"[80.1, 552.5, 531.9, 575.2]",
113,,False,,"106, 107",0.93,1,EA,WIRE HARNESS - IN DOOR,CON - LENGTH AS REQUIRED - FROM LOCK TO EPT,SCH,,,Schlage,,True,106,"[80.1, 577.5, 533.0, 600.1]",
113,,False,,"106, 107",0.93,1,EA,WIRE HARNESS CONNECTOR - IN FRAME,CON - 6W - FROM CON TO POWER SUPPLY,SCH,,,Schlage,,True,106,"[80.1, 602.6, 533.0, 636.6]",
113,,False,,"106, 107",0.93,1,EA,POWER SUPPLY - AS REQUIRED,BY DIVISION 28,B/O,,,By Others,,True,106,"[80.1, 639.1, 529.1, 661.7]",
113,,False,,"106, 107",0.93,1,,DIAGRAMS,PROVIDE FACTORY POINT TO POINT WIRING DIAGRAMS,,,,,,False,107,"[80.1, 154.1, 414.3, 176.6]",
114,,False,,"107, 108",0.94,3,EA,HEAVYWEIGHT HINGE,5BB1HW 4.5 X 4.5 - NRP AT OUTSWINGING LOCKING DOORS,IVE,652,,Ives,Satin chrome plated steel,False,107,"[80.1, 327.5, 528.0, 361.7]",
114,,False,,"107, 108",0.94,1,EA,POWER TRANSFER,EPT10 CON,VON,689,,Von Duprin,Aluminum painted,True,107,"[80.1, 364.0, 533.6, 375.1]",
114,,False,,"107, 108",0.94,1,EA,"FAIL SECURE CYLINDRICAL LOCK, RX",9K37DEU 15D RQE - PROVIDE BRASS CONSTRUCTION CORE,BES,626,,Best,Satin chrome,True,107,"[80.1, 377.6, 532.0, 411.7]",
114,,False,,"107, 108",0.94,1,EA,PERMANENT CORE - COMBINATED,1C72,BES,626,,Best,Satin chrome,False,107,"[80.1, 414.0, 532.0, 436.7]",
114,,False,,"107, 108",0.94,1,EA,ELECTRIC STRIKE,6400 FSE 12/24 VAC/VDC,VON,630,,Von Duprin,Satin stainless steel,True,107,"[80.1, 439.0, 533.6, 450.1]",
114,,False,,"107, 108",0.94,1,EA,AUTOMATIC OPERATOR,BY RELATED SECTION 08 71 13,B/O,,,By Others,,True,107,"[80.1, 452.6, 529.1, 475.2]",
114,,False,,"107, 108",0.94,1,EA,WAVE ACTUATOR,BY RELATED SECTION 08 71 13 - INTERIOR,B/O,,,By Others,,True,107,"[80.1, 477.5, 529.1, 511.7]",
114,,False,,"107, 108",0.94,1,EA,KICK PLATE,"8400 10"" HIGH LDW B-CS",IVE,630,,Ives,Satin stainless steel,False,107,"[80.1, 514.0, 528.0, 525.1]",
114,,False,,"107, 108",0.94,1,EA,WALL STOP,WS401/402CCV,IVE,626,,Ives,Satin chrome,False,107,"[80.1, 527.6, 528.0, 538.7]",
114,,False,,"107, 108",0.94,3,EA,SILENCER,SR64,IVE,GRY,,Ives,Gray,False,107,"[80.1, 541.0, 528.0, 552.1]",
114,,False,,"107, 108",0.94,1,EA,WIRE HARNESS - IN DOOR,CON - LENGTH AS REQUIRED - FROM LOCK TO EPT,SCH,,,Schlage,,True,107,"[80.1, 554.6, 533.0, 577.2]",
114,,False,,"107, 108",0.94,1,EA,WIRE HARNESS CONNECTOR - IN FRAME,CON - 6W - FROM CON TO POWER SUPPLY,SCH,,,Schlage,,True,107,"[80.1, 579.5, 533.0, 613.7]",
114,,False,,"107, 108",0.94,1,EA,POWER SUPPLY - AS REQUIRED,BY DIVISION 28,B/O,,,By Others,,True,107,"[80.1, 616.0, 529.1, 638.7]",
114,,False,,"107, 108",0.94,1,EA,MULTITECH CREDENTIAL READER,PROVIDED BY DIV 28 - MTB15 OR MTB11 AS REQUIRED,SCE,BLK,,Schlage Electronics,Black,True,107,"[80.1, 641.1, 532.5, 663.6]",
114,,False,,"107, 108",0.94,1,EA,REMOTE RELEASE,BY DIVISION 28,B/O,,,By Others,,True,107,"[80.1, 666.1, 529.1, 677.2]",
114,,False,,"107, 108",0.94,1,EA,DOOR POSITION SWITCH - AS REQUIRED,BY DIVISION 28,B/O,,,By Others,,True,107,"[80.1, 679.5, 529.1, 702.1]",
114,,False,,"107, 108",0.94,1,,DIAGRAMS,PROVIDE FACTORY POINT TO POINT WIRING DIAGRAMS,,,,,,False,108,"[80.1, 190.6, 414.3, 213.2]",
115,,False,,"108, 109",0.93,3,EA,HEAVYWEIGHT HINGE,5BB1HW 4.5 X 4.5 - NRP AT OUTSWINGING LOCKING DOORS,IVE,652,,Ives,Satin chrome plated steel,False,108,"[80.1, 664.0, 528.0, 698.2]",
115,,False,,"108, 109",0.93,1,EA,POWER TRANSFER,EPT10 CON,VON,689,,Von Duprin,Aluminum painted,True,108,"[80.1, 700.5, 533.6, 711.6]",
115,,False,,"108, 109",0.93,1,EA,"FAIL SECURE CYLINDRICAL LOCK, RX",9K37DEU 15D RQE - PROVIDE BRASS CONSTRUCTION CORE,BES,626,,Best,Satin chrome,True,109,"[80.1, 69.5, 532.0, 103.6]",
115,,False,,"108, 109",0.93,1,EA,PERMANENT CORE - COMBINATED,1C72,BES,626,,Best,Satin chrome,False,109,"[80.1, 106.1, 532.0, 128.6]",
115,,False,,"108, 109",0.93,1,EA,ELECTRIC STRIKE,6400 FSE 12/24 VAC/VDC,VON,630,,Von Duprin,Satin stainless steel,True,109,"[80.1, 131.0, 533.6, 142.2]",
115,,False,,"108, 109",0.93,1,EA,AUTOMATIC OPERATOR,BY RELATED SECTION 08 71 13,B/O,,,By Others,,True,109,"[80.1, 144.5, 529.1, 167.1]",
115,,False,,"108, 109",0.93,1,EA,WAVE ACTUATOR,BY RELATED SECTION 08 71 13 - INTERIOR,B/O,,,By Others,,True,109,"[80.1, 169.6, 529.1, 203.6]",
115,,False,,"108, 109",0.93,1,EA,KICK PLATE,"8400 10"" HIGH LDW B-CS",IVE,630,,Ives,Satin stainless steel,False,109,"[80.1, 206.0, 528.0, 217.2]",
115,,False,,"108, 109",0.93,1,EA,WALL STOP,WS401/402CCV,IVE,626,,Ives,Satin chrome,False,109,"[80.1, 219.5, 528.0, 230.6]",
115,,False,,"108, 109",0.93,3,EA,SILENCER,SR64,IVE,GRY,,Ives,Gray,False,109,"[80.1, 233.0, 528.0, 244.2]",
115,,False,,"108, 109",0.93,1,EA,WIRE HARNESS - IN DOOR,CON - LENGTH AS REQUIRED - FROM LOCK TO EPT,SCH,,,Schlage,,True,109,"[80.1, 246.5, 533.0, 269.1]",
115,,False,,"108, 109",0.93,1,EA,WIRE HARNESS CONNECTOR - IN FRAME,CON - 6W - FROM CON TO POWER SUPPLY,SCH,,,Schlage,,True,109,"[80.1, 271.6, 533.0, 305.6]",
115,,False,,"108, 109",0.93,1,EA,POWER SUPPLY - AS REQUIRED,BY DIVISION 28,B/O,,,By Others,,True,109,"[80.1, 308.1, 529.1, 330.7]",
115,,False,,"108, 109",0.93,1,EA,MULTITECH CREDENTIAL READER,PROVIDED BY DIV 28 - MTB15 OR MTB11 AS REQUIRED,SCE,BLK,,Schlage Electronics,Black,True,109,"[80.1, 333.0, 532.5, 355.7]",
115,,False,,"108, 109",0.93,1,EA,DOOR POSITION SWITCH - AS REQUIRED,BY DIVISION 28,B/O,,,By Others,,True,109,"[80.1, 358.0, 529.1, 380.6]",
115,,False,,"108, 109",0.93,1,,DIAGRAMS,PROVIDE FACTORY POINT TO POINT WIRING DIAGRAMS,,,,,,False,109,"[80.1, 504.1, 414.3, 526.7]",
116,,False,,"109, 110",0.93,3,EA,HEAVYWEIGHT HINGE,5BB1HW 4.5 X 4.5 - NRP AT OUTSWINGING LOCKING DOORS,IVE,652,,Ives,Satin chrome plated steel,False,110,"[80.1, 81.0, 528.0, 115.2]",
116,,False,,"109, 110",0.93,1,EA,POWER TRANSFER,EPT10 CON,VON,689,,Von Duprin,Aluminum painted,True,110,"[80.1, 117.5, 533.6, 128.6]",
116,,False,,"109, 110",0.93,1,EA,"FAIL SECURE CYLINDRICAL LOCK, RX",9K37DEU 15D RQE - PROVIDE BRASS CONSTRUCTION CORE,BES,626,,Best,Satin chrome,True,110,"[80.1, 131.0, 532.0, 165.2]",
116,,False,,"109, 110",0.93,1,EA,PERMANENT CORE - COMBINATED,1C72,BES,626,,Best,Satin chrome,False,110,"[80.1, 167.5, 532.0, 190.2]",
116,,False,,"109, 110",0.93,1,EA,ELECTRIC STRIKE,6400 FSE 12/24 VAC/VDC,VON,630,,Von Duprin,Satin stainless steel,True,110,"[80.1, 192.5, 533.6, 203.6]",
116,,False,,"109, 110",0.93,1,EA,AUTOMATIC OPERATOR,BY RELATED SECTION 08 71 13,B/O,,,By Others,,True,110,"[80.1, 206.0, 529.1, 228.7]",
116,,False,,"109, 110",0.93,1,EA,WAVE ACTUATOR,BY RELATED SECTION 08 71 13 - INTERIOR,B/O,,,By Others,,True,110,"[80.1, 231.0, 529.1, 265.2]",
116,,False,,"109, 110",0.93,1,EA,KICK PLATE,"8400 10"" HIGH LDW B-CS",IVE,630,,Ives,Satin stainless steel,False,110,"[80.1, 267.5, 528.0, 278.6]",
116,,False,,"109, 110",0.93,1,EA,WALL STOP,WS401/402CCV,IVE,626,,Ives,Satin chrome,False,110,"[80.1, 281.1, 528.0, 292.2]",
116,,False,,"109, 110",0.93,1,EA,GASKETING SET,188SBK PSA,ZER,BK,,Zero International,Black,False,110,"[80.1, 294.5, 531.9, 305.6]",
116,,False,,"109, 110",0.93,1,EA,WIRE HARNESS - IN DOOR,CON - LENGTH AS REQUIRED - FROM LOCK TO EPT,SCH,,,Schlage,,True,110,"[80.1, 308.1, 533.0, 330.7]",
116,,False,,"109, 110",0.93,1,EA,WIRE HARNESS CONNECTOR - IN FRAME,CON - 6W - FROM CON TO POWER SUPPLY,SCH,,,Schlage,,True,110,"[80.1, 333.0, 533.0, 367.2]",
116,,False,,"109, 110",0.93,1,EA,POWER SUPPLY - AS REQUIRED,BY DIVISION 28,B/O,,,By Others,,True,110,"[80.1, 369.5, 529.1, 392.1]",
116,,False,,"109, 110",0.93,1,EA,MULTITECH CREDENTIAL READER,PROVIDED BY DIV 28 - MTB15 OR MTB11 AS REQUIRED,SCE,BLK,,Schlage Electronics,Black,True,110,"[80.1, 394.6, 532.5, 417.1]",
116,,False,,"109, 110",0.93,1,EA,DOOR POSITION SWITCH - AS REQUIRED,BY DIVISION 28,B/O,,,By Others,,True,110,"[80.1, 419.6, 529.1, 442.2]",
116,,False,,"109, 110",0.93,1,,DIAGRAMS,PROVIDE FACTORY POINT TO POINT WIRING DIAGRAMS,,,,,,False,110,"[80.1, 517.6, 414.3, 540.1]",
117,,False,,"110, 111",0.94,3,EA,HEAVYWEIGHT HINGE,5BB1HW 4.5 X 4.5 - NRP AT OUTSWINGING LOCKING DOORS,IVE,652,,Ives,Satin chrome plated steel,False,111,"[80.1, 112.1, 528.0, 146.1]",
117,,False,,"110, 111",0.94,1,EA,POWER TRANSFER,EPT10 CON,VON,689,,Von Duprin,Aluminum painted,True,111,"[80.1, 148.6, 533.6, 159.7]",
117,,False,,"110, 111",0.94,1,EA,"FAIL SECURE CYLINDRICAL LOCK, RX",9K37DEU 15D RQE - PROVIDE BRASS CONSTRUCTION CORE,BES,626,,Best,Satin chrome,True,111,"[80.1, 162.0, 532.0, 196.2]",
117,,False,,"110, 111",0.94,1,EA,PERMANENT CORE - COMBINATED,1C72,BES,626,,Best,Satin chrome,False,111,"[80.1, 198.5, 532.0, 221.1]",
117,,False,,"110, 111",0.94,1,EA,SURFACE CLOSER,4040XP SCUSH TBSRT,LCN,689,,LCN,Aluminum painted,False,111,"[80.1, 223.6, 531.9, 234.7]",
117,,False,,"110, 111",0.94,1,EA,KICK PLATE,"8400 10"" HIGH LDW B-CS",IVE,630,,Ives,Satin stainless steel,False,111,"[80.1, 237.0, 528.0, 248.1]",
117,,False,,"110, 111",0.94,1,EA,GASKETING,188SBK PSA,ZER,BK,,Zero International,Black,False,111,"[80.1, 250.6, 531.9, 261.7]",
117,,False,,"110, 111",0.94,1,EA,DOOR BOTTOM,369AA-Z49,ZER,AA,,Zero International,Anodized aluminum,False,111,"[80.1, 264.0, 531.9, 275.1]",
117,,False,,"110, 111",0.94,1,EA,WIRE HARNESS - IN DOOR,CON - LENGTH AS REQUIRED - FROM LOCK TO EPT,SCH,,,Schlage,,True,111,"[80.1, 277.6, 533.0, 300.2]",
117,,False,,"110, 111",0.94,1,EA,WIRE HARNESS CONNECTOR - IN FRAME,CON - 6W - FROM CON TO POWER SUPPLY,SCH,,,Schlage,,True,111,"[80.1, 302.6, 533.0, 336.7]",
117,,False,,"110, 111",0.94,1,EA,POWER SUPPLY - AS REQUIRED,BY DIVISION 28,B/O,,,By Others,,True,111,"[80.1, 339.0, 529.1, 361.7]",
117,,False,,"110, 111",0.94,1,EA,MULTITECH CREDENTIAL READER,PROVIDED BY DIV 28 - MTB15 OR MTB11 AS REQUIRED,SCE,BLK,,Schlage Electronics,Black,True,111,"[80.1, 364.0, 532.5, 386.6]",
117,,False,,"110, 111",0.94,1,EA,DOOR POSITION SWITCH - AS REQUIRED,BY DIVISION 28,B/O,,,By Others,,True,111,"[80.1, 389.1, 529.1, 411.7]",
118,,False,,"111, 112",0.93,3,EA,HEAVYWEIGHT HINGE,5BB1HW 4.5 X 4.5 - NRP AT OUTSWINGING LOCKING DOORS,IVE,652,,Ives,Satin chrome plated steel,False,112,"[80.1, 160.1, 528.0, 194.1]",
118,,False,,"111, 112",0.93,1,EA,POWER TRANSFER,EPT10 CON,VON,689,,Von Duprin,Aluminum painted,True,112,"[80.1, 196.6, 533.6, 207.7]",
118,,False,,"111, 112",0.93,1,EA,"FAIL SECURE CYLINDRICAL LOCK, RX",9K37DEU 15D RQE - PROVIDE BRASS CONSTRUCTION CORE,BES,626,,Best,Satin chrome,True,112,"[80.1, 210.0, 532.0, 244.2]",
118,,False,,"111, 112",0.93,1,EA,PERMANENT CORE - COMBINATED,1C72,BES,626,,Best,Satin chrome,False,112,"[80.1, 246.5, 532.0, 269.1]",
118,,False,,"111, 112",0.93,1,EA,SURFACE CLOSER,4040XP REG TBSRT/ 4040XP EDA TBSRT - AS REQUIRED,LCN,689,,LCN,Aluminum painted,False,112,"[80.1, 271.6, 531.9, 294.2]",
118,,False,,"111, 112",0.93,1,EA,KICK PLATE,"8400 10"" HIGH LDW B-CS",IVE,630,,Ives,Satin stainless steel,False,112,"[80.1, 296.6, 528.0, 307.7]",
118,,False,,"111, 112",0.93,1,EA,WALL STOP,WS401/402CCV,IVE,626,,Ives,Satin chrome,False,112,"[80.1, 310.0, 528.0, 321.1]",
118,,False,,"111, 112",0.93,3,EA,SILENCER,SR64,IVE,GRY,,Ives,Gray,False,112,"[80.1, 323.6, 528.0, 334.7]",
118,,False,,"111, 112",0.93,1,EA,WIRE HARNESS - IN DOOR,CON - LENGTH AS REQUIRED - FROM LOCK TO EPT,SCH,,,Schlage,,True,112,"[80.1, 337.0, 533.0, 359.6]",
118,,False,,"111, 112",0.93,1,EA,WIRE HARNESS CONNECTOR - IN FRAME,CON - 6W - FROM CON TO POWER SUPPLY,SCH,,,Schlage,,True,112,"[80.1, 362.1, 533.0, 396.1]",
118,,False,,"111, 112",0.93,1,EA,POWER SUPPLY - AS REQUIRED,BY DIVISION 28,B/O,,,By Others,,True,112,"[80.1, 398.6, 529.1, 421.2]",
118,,False,,"111, 112",0.93,1,EA,MULTITECH CREDENTIAL READER,PROVIDED BY DIV 28 - MTB15 OR MTB11 AS REQUIRED,SCE,BLK,,Schlage Electronics,Black,True,112,"[80.1, 423.5, 532.5, 446.2]",
118,,False,,"111, 112",0.93,1,EA,DOOR POSITION SWITCH - AS REQUIRED,BY DIVISION 28,B/O,,,By Others,,True,112,"[80.1, 448.6, 529.1, 471.1]",
118,,False,,"111, 112",0.93,1,,DIAGRAMS,PROVIDE FACTORY POINT TO POINT WIRING DIAGRAMS,,,,,,False,112,"[80.1, 594.6, 414.3, 617.2]",
119,,False,,"112, 113",0.94,3,EA,HEAVYWEIGHT HINGE,5BB1HW 4.5 X 4.5 - NRP AT OUTSWINGING LOCKING DOORS,IVE,652,,Ives,Satin chrome plated steel,False,113,"[80.1, 112.1, 528.0, 146.1]",
119,,False,,"112, 113",0.94,1,EA,POWER TRANSFER,EPT10 CON,VON,689,,Von Duprin,Aluminum painted,True,113,"[80.1, 148.6, 533.6, 159.7]",
119,,False,,"112, 113",0.94,1,EA,"FAIL SECURE CYLINDRICAL LOCK, RX",9K37DEU 15D RQE - PROVIDE BRASS CONSTRUCTION CORE,BES,626,,Best,Satin chrome,True,113,"[80.1, 162.0, 532.0, 196.2]",
119,,False,,"112, 113",0.94,1,EA,PERMANENT CORE - COMBINATED,1C72,BES,626,,Best,Satin chrome,False,113,"[80.1, 198.5, 532.0, 221.1]",
119,,False,,"112, 113",0.94,1,EA,DELAYED SURFACE CLOSER,4041 DEL REG TBSRT/ 4041 DEL EDA TBSRT - AS REQUIRED,LCN,689,,LCN,Aluminum painted,False,113,"[80.1, 223.6, 531.9, 257.6]",
119,,False,,"112, 113",0.94,1,EA,KICK PLATE,"8400 10"" HIGH LDW B-CS",IVE,630,,Ives,Satin stainless steel,False,113,"[80.1, 260.1, 528.0, 271.2]",
119,,False,,"112, 113",0.94,1,EA,WALL STOP,WS401/402CCV,IVE,626,,Ives,Satin chrome,False,113,"[80.1, 273.5, 528.0, 284.6]",
119,,False,,"112, 113",0.94,3,EA,SILENCER,SR64,IVE,GRY,,Ives,Gray,False,113,"[80.1, 287.1, 528.0, 298.2]",
119,,False,,"112, 113",0.94,1,EA,WIRE HARNESS - IN DOOR,CON - LENGTH AS REQUIRED - FROM LOCK TO EPT,SCH,,,Schlage,,True,113,"[80.1, 300.5, 533.0, 323.1]",
119,,False,,"112, 113",0.94,1,EA,WIRE HARNESS CONNECTOR - IN FRAME,CON - 6W - FROM CON TO POWER SUPPLY,SCH,,,Schlage,,True,113,"[80.1, 325.6, 533.0, 359.6]",
119,,False,,"112, 113",0.94,1,EA,POWER SUPPLY - AS REQUIRED,BY DIVISION 28,B/O,,,By Others,,True,113,"[80.1, 362.1, 529.1, 384.7]",
119,,False,,"112, 113",0.94,1,EA,MULTITECH CREDENTIAL READER,PROVIDED BY DIV 28 - MTB15 OR MTB11 AS REQUIRED,SCE,BLK,,Schlage Electronics,Black,True,113,"[80.1, 387.0, 532.5, 409.7]",
119,,False,,"112, 113",0.94,1,EA,DOOR POSITION SWITCH - AS REQUIRED,BY DIVISION 28,B/O,,,By Others,,True,113,"[80.1, 412.0, 529.1, 434.6]",
120,,False,,"113, 114",0.94,1,EA,PIVOT SET,7230F SET,IVE,630,,Ives,Satin stainless steel,False,114,"[80.1, 69.5, 528.0, 80.6]",
120,,False,,"113, 114",0.94,1,EA,INTERMEDIATE PIVOT,7230F INT,IVE,630,,Ives,Satin stainless steel,False,114,"[80.1, 83.0, 528.0, 94.2]",
120,,False,,"113, 114",0.94,1,EA,POWER TRANSFER,EPT10 CON,VON,689,,Von Duprin,Aluminum painted,True,114,"[80.1, 96.5, 533.6, 107.6]",
120,,False,,"113, 114",0.94,1,EA,"FAIL SECURE CYLINDRICAL LOCK, RX",9K37DEU 15D LL RQE,BES,626,,Best,Satin chrome,True,114,"[80.1, 110.0, 532.0, 132.7]",
120,,False,,"113, 114",0.94,1,EA,PERMANENT CORE - COMBINATED,1C72,BES,626,,Best,Satin chrome,False,114,"[80.1, 135.0, 532.0, 157.6]",
120,,False,,"113, 114",0.94,1,EA,SURFACE CLOSER,4040XP REG TBSRT/ 4040XP EDA TBSRT - AS REQUIRED,LCN,689,,LCN,Aluminum painted,False,114,"[80.1, 160.1, 531.9, 182.6]",
120,,False,,"113, 114",0.94,1,EA,WALL STOP,WS401/402CCV,IVE,626,,Ives,Satin chrome,False,114,"[80.1, 185.0, 528.0, 196.2]",
120,,False,,"113, 114",0.94,1,EA,GASKETING,188SBK PSA,ZER,BK,,Zero International,Black,False,114,"[80.1, 198.5, 531.9, 209.6]",
120,,False,,"113, 114",0.94,1,EA,WIRE HARNESS - IN DOOR,CON - LENGTH AS REQUIRED - FROM LOCK TO EPT,SCH,,,Schlage,,True,114,"[80.1, 212.0, 533.0, 234.7]",
120,,False,,"113, 114",0.94,1,EA,WIRE HARNESS CONNECTOR - IN FRAME,CON - 6W - FROM CON TO POWER SUPPLY,SCH,,,Schlage,,True,114,"[80.1, 237.0, 533.0, 271.2]",
120,,False,,"113, 114",0.94,1,EA,POWER SUPPLY - AS REQUIRED,BY DIVISION 28,B/O,,,By Others,,True,114,"[80.1, 273.5, 529.1, 296.1]",
120,,False,,"113, 114",0.94,1,EA,MULTITECH CREDENTIAL READER,PROVIDED BY DIV 28 - MTB15 OR MTB11 AS REQUIRED,SCE,BLK,,Schlage Electronics,Black,True,114,"[80.1, 298.6, 532.5, 321.1]",
120,,False,,"113, 114",0.94,1,EA,DOOR POSITION SWITCH - AS REQUIRED,BY DIVISION 28,B/O,,,By Others,,True,114,"[80.1, 323.6, 529.1, 346.2]",
121,,False,,"114, 115",0.94,3,EA,HEAVYWEIGHT HINGE,5BB1HW 4.5 X 4.5 - NRP AT OUTSWINGING LOCKING DOORS,IVE,652,,Ives,Satin chrome plated steel,False,114,"[80.1, 581.6, 528.0, 615.6]",
121,,False,,"114, 115",0.94,1,EA,POWER TRANSFER,EPT10 CON,VON,689,,Von Duprin,Aluminum painted,True,114,"[80.1, 618.1, 533.6, 629.2]",
121,,False,,"114, 115",0.94,1,EA,"FAIL SECURE CYLINDRICAL LOCK, RX",9K37DEU 15D RQE - PROVIDE BRASS CONSTRUCTION CORE,BES,626,,Best,Satin chrome,True,114,"[80.1, 631.5, 532.0, 665.7]",
121,,False,,"114, 115",0.94,1,EA,PERMANENT CORE - COMBINATED,1C72,BES,626,,Best,Satin chrome,False,114,"[80.1, 668.1, 532.0, 690.6]",
121,,False,,"114, 115",0.94,1,EA,SURFACE CLOSER,4040XP SCUSH TBSRT,LCN,689,,LCN,Aluminum painted,False,114,"[80.1, 693.1, 531.9, 704.2]",
121,,False,,"114, 115",0.94,1,EA,KICK PLATE,"8400 10"" HIGH LDW B-CS",IVE,630,,Ives,Satin stainless steel,False,115,"[80.1, 69.5, 528.0, 80.6]",
121,,False,,"114, 115",0.94,3,EA,SILENCER,SR64,IVE,GRY,,Ives,Gray,False,115,"[80.1, 83.0, 528.0, 94.2]",
121,,False,,"114, 115",0.94,1,EA,WIRE HARNESS - IN DOOR,CON - LENGTH AS REQUIRED - FROM LOCK TO EPT,SCH,,,Schlage,,True,115,"[80.1, 96.5, 533.0, 119.1]",
121,,False,,"114, 115",0.94,1,EA,WIRE HARNESS CONNECTOR - IN FRAME,CON - 6W - FROM CON TO POWER SUPPLY,SCH,,,Schlage,,True,115,"[80.1, 121.6, 533.0, 155.6]",
121,,False,,"114, 115",0.94,1,EA,POWER SUPPLY - AS REQUIRED,BY DIVISION 28,B/O,,,By Others,,True,115,"[80.1, 158.0, 529.1, 180.7]",
121,,False,,"114, 115",0.94,1,EA,MULTITECH CREDENTIAL READER,PROVIDED BY DIV 28 - MTB15 OR MTB11 AS REQUIRED,SCE,BLK,,Schlage Electronics,Black,True,115,"[80.1, 183.0, 532.5, 205.6]",
121,,False,,"114, 115",0.94,1,EA,DOOR POSITION SWITCH - AS REQUIRED,BY DIVISION 28,B/O,,,By Others,,True,115,"[80.1, 208.1, 529.1, 230.6]",
122,,False,,"115, 116, 117",0.93,1,EA,PIVOT SET,7230F SET,IVE,630,,Ives,Satin stainless steel,False,115,"[80.1, 477.5, 528.0, 488.6]",
122,,False,,"115, 116, 117",0.93,1,EA,INTERMEDIATE PIVOT,7230F INT,IVE,630,,Ives,Satin stainless steel,False,115,"[80.1, 491.1, 528.0, 502.2]",
122,,False,,"115, 116, 117",0.93,1,EA,POWER TRANSFER,EPT10 CON,VON,689,,Von Duprin,Aluminum painted,True,115,"[80.1, 504.5, 533.6, 515.6]",
122,,False,,"115, 116, 117",0.93,1,EA,"FAIL SAFE CYLINDRICAL LOCK, RX",9K37DEL 15D LL RQE,BES,626,,Best,Satin chrome,True,115,"[80.1, 518.1, 532.5, 540.7]",
122,,False,,"115, 116, 117",0.93,1,EA,PERMANENT CORE - COMBINATED,1C72,BES,626,,Best,Satin chrome,False,115,"[80.1, 543.1, 532.5, 565.7]",
122,,False,,"115, 116, 117",0.93,1,EA,SURFACE CLOSER,4040XP REG TBSRT/ 4040XP EDA TBSRT - AS REQUIRED,LCN,689,,LCN,Aluminum painted,False,115,"[80.1, 568.0, 532.5, 590.6]",
122,,False,,"115, 116, 117",0.93,1,EA,WALL STOP,WS401/402CCV,IVE,626,,Ives,Satin chrome,False,115,"[80.1, 593.1, 528.0, 604.2]",
122,,False,,"115, 116, 117",0.93,1,EA,GASKETING,188SBK PSA,ZER,BK,,Zero International,Black,False,115,"[80.1, 606.6, 531.9, 617.7]",
122,,False,,"115, 116, 117",0.93,1,EA,WIRE HARNESS - IN DOOR,CON - LENGTH AS REQUIRED - FROM LOCK TO EPT,SCH,,,Schlage,,True,115,"[80.1, 620.1, 533.0, 642.6]",
122,,False,,"115, 116, 117",0.93,1,EA,WIRE HARNESS CONNECTOR - IN FRAME,CON - 6W - FROM CON TO POWER SUPPLY,SCH,,,Schlage,,True,115,"[80.1, 645.1, 533.0, 679.2]",
122,,False,,"115, 116, 117",0.93,1,EA,POWER SUPPLY - AS REQUIRED,BY DIVISION 28,B/O,,,By Others,,True,115,"[80.1, 681.6, 529.7, 704.2]",
122,,False,,"115, 116, 117",0.93,1,EA,DOOR POSITION SWITCH - AS REQUIRED,BY DIVISION 28,B/O,,,By Others,,True,116,"[80.1, 69.5, 529.7, 92.1]",
122,,False,,"115, 116, 117",0.93,3,EA,HEAVYWEIGHT HINGE,5BB1HW 4.5 X 4.5 - NRP AT OUTSWINGING LOCKING DOORS,IVE,652,,Ives,Satin chrome plated steel,False,116,"[80.1, 414.0, 528.0, 448.2]",
122,,False,,"115, 116, 117",0.93,1,EA,POWER TRANSFER,EPT10 CON,VON,689,,Von Duprin,Aluminum painted,True,116,"[80.1, 450.5, 533.6, 461.6]",
122,,False,,"115, 116, 117",0.93,1,EA,"FAIL SECURE CYLINDRICAL LOCK, RX",9K37DEU 15D RQE - PROVIDE BRASS CONSTRUCTION CORE,BES,626,,Best,Satin chrome,True,116,"[80.1, 464.1, 532.0, 498.1]",
122,,False,,"115, 116, 117",0.93,1,EA,PERMANENT CORE - COMBINATED,1C72,BES,626,,Best,Satin chrome,False,116,"[80.1, 500.6, 532.0, 523.2]",
122,,False,,"115, 116, 117",0.93,1,EA,OH STOP,90S X J BKT - AS REQUIRED - STOP TO BE MOUNTED ON ROOM SIDE,GLY,630,,Glynn-Johnson,Satin stainless steel,False,116,"[80.1, 525.5, 531.3, 559.7]",
122,,False,,"115, 116, 117",0.93,1,EA,SURFACE CLOSER,4040XP REG TBSRT/ 4040XP EDA TBSRT - AS REQUIRED,LCN,689,,LCN,Aluminum painted,False,116,"[80.1, 562.0, 531.9, 584.6]",
122,,False,,"115, 116, 117",0.93,1,EA,KICK PLATE,"8400 10"" HIGH LDW B-CS",IVE,630,,Ives,Satin stainless steel,False,116,"[80.1, 587.1, 528.0, 598.2]",
122,,False,,"115, 116, 117",0.93,3,EA,SILENCER,SR64,IVE,GRY,,Ives,Gray,False,116,"[80.1, 600.6, 528.0, 611.7]",
122,,False,,"115, 116, 117",0.93,1,EA,WIRE HARNESS - IN DOOR,CON - LENGTH AS REQUIRED - FROM LOCK TO EPT,SCH,,,Schlage,,True,116,"[80.1, 614.1, 533.0, 636.6]",
122,,False,,"115, 116, 117",0.93,1,EA,WIRE HARNESS CONNECTOR - IN FRAME,CON - 6W - FROM CON TO POWER SUPPLY,SCH,,,Schlage,,True,116,"[80.1, 639.1, 533.0, 673.2]",
122,,False,,"115, 116, 117",0.93,1,EA,POWER SUPPLY - AS REQUIRED,BY DIVISION 28,B/O,,,By Others,,True,116,"[80.1, 675.6, 529.1, 698.2]",
122,,False,,"115, 116, 117",0.93,1,EA,MULTITECH CREDENTIAL READER,PROVIDED BY DIV 28 - MTB15 OR MTB11 AS REQUIRED,SCE,BLK,,Schlage Electronics,Black,True,117,"[80.1, 69.5, 532.5, 92.1]",
122,,False,,"115, 116, 117",0.93,1,EA,DOOR POSITION SWITCH - AS REQUIRED,BY DIVISION 28,B/O,,,By Others,,True,117,"[80.1, 94.6, 529.1, 117.2]",
122,,False,,"115, 116, 117",0.93,,,DIAGRAMS,"PROVIDE FACTORY POINT TO POINT WIRING DIAGRAMS [BULLETIN 023, 251218]",,,,,,False,117,"[141.9, 240.5, 415.0, 274.7]",
125,,False,,"117, 118",0.93,3,EA,HEAVYWEIGHT HINGE,5BB1HW 4.5 X 4.5 - NRP AT OUTSWINGING LOCKING DOORS,IVE,652,,Ives,Satin chrome plated steel,False,117,"[80.1, 437.1, 528.0, 471.1]",
125,,False,,"117, 118",0.93,1,EA,POWER TRANSFER,EPT10 CON,VON,689,,Von Duprin,Aluminum painted,True,117,"[80.1, 473.6, 533.6, 484.7]",
125,,False,,"117, 118",0.93,1,EA,DOUBLE CYLINDER FAIL SECURE LOCK,45HW7WEU15S,BES,626,,Best,Satin chrome,True,117,"[80.1, 487.0, 532.0, 509.6]",
125,,False,,"117, 118",0.93,2,EA,PERMANENT CORE - COMBINATED,1C72,BES,626,,Best,Satin chrome,False,117,"[80.1, 512.1, 532.0, 534.7]",
125,,False,,"117, 118",0.93,1,EA,ELECTRIC STRIKE,6400 FSE 12/24 VAC/VDC,VON,630,,Von Duprin,Satin stainless steel,True,117,"[80.1, 537.1, 533.6, 548.2]",
125,,False,,"117, 118",0.93,1,EA,AUTOMATIC OPERATOR,BY RELATED SECTION 08 71 13,B/O,,,By Others,,True,117,"[80.1, 550.5, 529.1, 573.1]",
125,,False,,"117, 118",0.93,1,EA,GASKETING SET,188SBK PSA,ZER,BK,,Zero International,Black,False,117,"[80.1, 575.6, 531.9, 586.7]",
125,,False,,"117, 118",0.93,1,EA,WIRE HARNESS - IN DOOR,CON - LENGTH AS REQUIRED - FROM LOCK TO EPT,SCH,,,Schlage,,True,117,"[80.1, 589.0, 533.0, 611.7]",
125,,False,,"117, 118",0.93,1,EA,WIRE HARNESS CONNECTOR - IN FRAME,CON - 6W - FROM CON TO POWER SUPPLY,SCH,,,Schlage,,True,117,"[80.1, 614.1, 533.0, 648.2]",
125,,False,,"117, 118",0.93,2,EA,MULTITECH CREDENTIAL READER,PROVIDED BY DIV 28 - MTB15 OR MTB11 AS REQUIRED,SCE,BLK,,Schlage Electronics,Black,True,117,"[80.1, 650.6, 532.5, 673.2]",
125,,False,,"117, 118",0.93,1,EA,DOOR POSITION SWITCH - AS REQUIRED,BY DIVISION 28,B/O,,,By Others,,True,117,"[80.1, 675.6, 529.1, 698.2]",
126,,False,,"118, 119",0.93,3,EA,HEAVYWEIGHT HINGE,5BB1HW 4.5 X 4.5 - NRP AT OUTSWINGING LOCKING DOORS,IVE,652,,Ives,Satin chrome plated steel,False,118,"[80.1, 379.6, 528.0, 413.6]",
126,,False,,"118, 119",0.93,1,EA,POWER TRANSFER,EPT10 CON,VON,689,,Von Duprin,Aluminum painted,True,118,"[80.1, 416.1, 533.6, 427.2]",
126,,False,,"118, 119",0.93,1,EA,INTEGRATED LOCK,AD-300-CY-70-MT-RHO-B 12/24 VDC,SCE,626,,Schlage Electronics,Satin chrome,True,118,"[80.1, 429.5, 532.5, 452.2]",
126,,False,,"118, 119",0.93,1,EA,SFIC CONST. CORE - CONSTRUCTION PHASE,80-035 GRN,SCH,,,Schlage,,False,118,"[80.1, 454.6, 533.0, 477.1]",
126,,False,,"118, 119",0.93,1,EA,PERMANENT CORE - COMBINATED,1C72,BES,626,,Best,Satin chrome,False,118,"[80.1, 479.6, 532.0, 502.2]",
126,,False,,"118, 119",0.93,1,EA,SURFACE CLOSER,4040XP REG TBSRT/ 4040XP EDA TBSRT - AS REQUIRED,LCN,689,,LCN,Aluminum painted,False,118,"[80.1, 504.5, 531.9, 527.2]",
126,,False,,"118, 119",0.93,1,EA,WALL STOP,WS401/402CCV,IVE,626,,Ives,Satin chrome,False,118,"[80.1, 529.6, 528.0, 540.7]",
126,,False,,"118, 119",0.93,1,EA,GASKETING SET,188SBK PSA,ZER,BK,,Zero International,Black,False,118,"[80.1, 543.1, 531.9, 554.2]",
126,,False,,"118, 119",0.93,1,EA,DOOR BOTTOM,369AA-Z49,ZER,AA,,Zero International,Anodized aluminum,False,118,"[80.1, 556.5, 531.9, 567.6]",
126,,False,,"118, 119",0.93,1,EA,WIRE HARNESS - IN DOOR,CON - LENGTH AS REQUIRED - FROM LOCK TO EPT,SCH,,,Schlage,,True,118,"[80.1, 570.1, 533.0, 592.7]",
126,,False,,"118, 119",0.93,1,EA,WIRE HARNESS CONNECTOR - IN FRAME,CON - 6W - FROM CON TO POWER SUPPLY,SCH,,,Schlage,,True,118,"[80.1, 595.0, 533.0, 629.2]",
126,,False,,"118, 119",0.93,1,EA,POWER SUPPLY - AS REQUIRED,BY DIVISION 28,B/O,,,By Others,,True,118,"[80.1, 631.5, 529.1, 654.2]",
126,,False,,"118, 119",0.93,,,DIAGRAMS,PROVIDE FACTORY POINT TO POINT WIRING DIAGRAMS,,,,,,False,119,"[141.9, 154.1, 414.3, 176.6]",
128,,False,,"119, 120",0.93,3,EA,HEAVYWEIGHT HINGE,5BB1HW 4.5 X 4.5 - NRP AT OUTSWINGING LOCKING DOORS,IVE,652,,Ives,Satin chrome plated steel,False,119,"[80.1, 412.0, 528.0, 446.2]",
128,,False,,"119, 120",0.93,1,EA,POWER TRANSFER,EPT10 CON,VON,689,,Von Duprin,Aluminum painted,True,119,"[80.1, 448.6, 533.6, 459.7]",
128,,False,,"119, 120",0.93,1,EA,INTEGRATED LOCK,AD-300-CY-70-MT-RHO-B 12/24 VDC,SCE,626,,Schlage Electronics,Satin chrome,True,119,"[80.1, 462.1, 532.5, 484.7]",
128,,False,,"119, 120",0.93,1,EA,SFIC CONST. CORE - CONSTRUCTION PHASE,80-035 GRN,SCH,,,Schlage,,False,119,"[80.1, 487.0, 533.0, 509.6]",
128,,False,,"119, 120",0.93,1,EA,PERMANENT CORE - COMBINATED,1C72,BES,626,,Best,Satin chrome,False,119,"[80.1, 512.1, 532.0, 534.7]",
128,,False,,"119, 120",0.93,1,EA,OH STOP,90S X J BKT - AS REQUIRED - STOP TO BE MOUNTED ON ROOM SIDE,GLY,630,,Glynn-Johnson,Satin stainless steel,False,119,"[80.1, 537.1, 531.3, 571.2]",
128,,False,,"119, 120",0.93,1,EA,SURFACE CLOSER,4040XP REG TBSRT/ 4040XP EDA TBSRT - AS REQUIRED,LCN,689,,LCN,Aluminum painted,False,119,"[80.1, 573.5, 531.9, 596.2]",
128,,False,,"119, 120",0.93,1,EA,GASKETING SET,188SBK PSA,ZER,BK,,Zero International,Black,False,119,"[80.1, 598.5, 531.9, 609.6]",
128,,False,,"119, 120",0.93,1,EA,DOOR BOTTOM,369AA-Z49,ZER,AA,,Zero International,Anodized aluminum,False,119,"[80.1, 612.1, 531.9, 623.2]",
128,,False,,"119, 120",0.93,1,EA,WIRE HARNESS - IN DOOR,CON - LENGTH AS REQUIRED - FROM LOCK TO EPT,SCH,,,Schlage,,True,119,"[80.1, 625.5, 533.0, 648.2]",
128,,False,,"119, 120",0.93,1,EA,WIRE HARNESS CONNECTOR - IN FRAME,CON - 6W - FROM CON TO POWER SUPPLY,SCH,,,Schlage,,True,119,"[80.1, 650.6, 533.0, 684.6]",
128,,False,,"119, 120",0.93,1,EA,POWER SUPPLY - AS REQUIRED,BY DIVISION 28,B/O,,,By Others,,True,119,"[80.1, 687.1, 529.1, 709.7]",
128,,False,,"119, 120",0.93,,,DIAGRAMS,PROVIDE FACTORY POINT TO POINT WIRING DIAGRAMS,,,,,,False,120,"[141.9, 142.6, 414.3, 165.2]",
129,,False,,120,0.3,,,,,,,,,,,,,
130,,False,,"123, 124, 125",0.93,3,EA,HEAVYWEIGHT HINGE,5BB1HW 4.5 X 4.5 - NRP AT OUTSWINGING LOCKING DOORS,IVE,652,,Ives,Satin chrome plated steel,False,124,"[80.1, 560.6, 528.0, 594.6]",
130,,False,,"123, 124, 125",0.93,1,EA,POWER TRANSFER,EPT10 CON,VON,689,,Von Duprin,Aluminum painted,True,124,"[80.1, 597.1, 533.6, 608.2]",
130,,False,,"123, 124, 125",0.93,1,EA,INTEGRATED LOCK,AD-300-CY-70-MT-RHO-B 12/24 VDC,SCE,626,,Schlage Electronics,Satin chrome,True,124,"[80.1, 610.5, 532.5, 633.2]",
130,,False,,"123, 124, 125",0.93,1,EA,SFIC CONST. CORE - CONSTRUCTION PHASE,80-035 GRN,SCH,,,Schlage,,False,124,"[80.1, 635.6, 533.0, 658.2]",
130,,False,,"123, 124, 125",0.93,1,EA,PERMANENT CORE - COMBINATED,1C72,BES,626,,Best,Satin chrome,False,124,"[80.1, 660.6, 532.0, 683.2]",
130,,False,,"123, 124, 125",0.93,1,EA,DELAYED SURFACE CLOSER,4041 DEL REG TBSRT/ 4041 DEL EDA TBSRT - AS REQUIRED,LCN,689,,LCN,Aluminum painted,False,125,"[80.1, 69.5, 531.9, 103.6]",
130,,False,,"123, 124, 125",0.93,1,EA,WALL STOP,WS401/402CCV,IVE,626,,Ives,Satin chrome,False,125,"[80.1, 106.1, 528.0, 117.2]",
130,,False,,"123, 124, 125",0.93,3,EA,SILENCER,SR64,IVE,GRY,,Ives,Gray,False,125,"[80.1, 119.5, 528.0, 130.6]",
130,,False,,"123, 124, 125",0.93,1,EA,WIRE HARNESS - IN DOOR,CON - LENGTH AS REQUIRED - FROM LOCK TO EPT,SCH,,,Schlage,,True,125,"[80.1, 133.1, 533.0, 155.6]",
130,,False,,"123, 124, 125",0.93,1,EA,WIRE HARNESS CONNECTOR - IN FRAME,CON - 6W - FROM CON TO POWER SUPPLY,SCH,,,Schlage,,True,125,"[80.1, 158.0, 533.0, 192.2]",
130,,False,,"123, 124, 125",0.93,,EA,POWER SUPPLY - AS REQUIRED,BY DIVISION 28,B/O,,,By Others,,True,125,"[108.5, 194.5, 529.1, 217.2]",
130,,False,,"123, 124, 125",0.93,,,DIAGRAMS,PROVIDE FACTORY POINT TO POINT WIRING DIAGRAMS,,,,,,False,125,"[141.9, 340.6, 414.3, 363.1]",
131,,False,,"125, 126",0.93,3,EA,HEAVYWEIGHT HINGE,5BB1HW 4.5 X 4.5 - NRP AT OUTSWINGING LOCKING DOORS,IVE,652,,Ives,Satin chrome plated steel,False,126,"[80.1, 112.1, 528.0, 146.1]",
131,,False,,"125, 126",0.93,1,EA,POWER TRANSFER,EPT10 CON,VON,689,,Von Duprin,Aluminum painted,True,126,"[80.1, 148.6, 533.6, 159.7]",
131,,False,,"125, 126",0.93,1,EA,INTEGRATED PRIVACY LOCK,AD-300-CY-40-MT-RHO-B 12/24 VDC,SCE,626,,Schlage Electronics,Satin chrome,True,126,"[80.1, 162.0, 532.5, 184.6]",
131,,False,,"125, 126",0.93,1,EA,SFIC CONST. CORE - CONSTRUCTION PHASE,80-035 GRN,SCH,,,Schlage,,False,126,"[80.1, 187.1, 533.0, 209.6]",
131,,False,,"125, 126",0.93,1,EA,PERMANENT CORE - COMBINATED,1C72,BES,626,,Best,Satin chrome,False,126,"[80.1, 212.0, 532.0, 234.7]",
131,,False,,"125, 126",0.93,1,EA,SURFACE CLOSER,4040XP REG TBSRT/ 4040XP EDA TBSRT - AS REQUIRED,LCN,689,,LCN,Aluminum painted,False,126,"[80.1, 237.0, 531.9, 259.7]",
131,,False,,"125, 126",0.93,1,EA,WALL STOP,WS401/402CCV,IVE,626,,Ives,Satin chrome,False,126,"[80.1, 262.1, 528.0, 273.2]",
131,,False,,"125, 126",0.93,3,EA,SILENCER,SR64,IVE,GRY,,Ives,Gray,False,126,"[80.1, 275.6, 528.0, 286.7]",
131,,False,,"125, 126",0.93,,,DIAGRAMS,PROVIDE FACTORY POINT TO POINT WIRING DIAGRAMS,,,,,,False,126,"[141.9, 410.1, 414.3, 432.7]",
132,,False,,"126, 127",0.94,1,EA,PIVOT SET,7230F SET,IVE,630,,Ives,Satin stainless steel,False,126,"[80.1, 595.0, 528.0, 606.2]",
132,,False,,"126, 127",0.94,1,EA,INTERMEDIATE PIVOT,7230F INT,IVE,630,,Ives,Satin stainless steel,False,126,"[80.1, 608.6, 528.0, 619.7]",
132,,False,,"126, 127",0.94,1,EA,POWER TRANSFER,EPT10 CON,VON,689,,Von Duprin,Aluminum painted,True,126,"[80.1, 622.0, 533.6, 633.2]",
132,,False,,"126, 127",0.94,1,EA,INTEGRATED LOCK,AD-300-CY-70-MT-RHO-B 12/24 VDC,SCE,626,,Schlage Electronics,Satin chrome,True,126,"[80.1, 635.6, 532.5, 658.2]",
132,,False,,"126, 127",0.94,1,EA,SFIC CONST. CORE - CONSTRUCTION PHASE,80-035 GRN,SCH,,,Schlage,,False,126,"[80.1, 660.6, 533.0, 683.2]",
132,,False,,"126, 127",0.94,1,EA,PERMANENT CORE - COMBINATED,1C72,BES,626,,Best,Satin chrome,False,126,"[80.1, 685.5, 532.0, 708.1]",
132,,False,,"126, 127",0.94,1,EA,SURFACE CLOSER,4040XP REG TBSRT/ 4040XP EDA TBSRT - AS REQUIRED,LCN,689,,LCN,Aluminum painted,False,127,"[80.1, 69.5, 531.9, 92.1]",
132,,False,,"126, 127",0.94,1,EA,WALL STOP,WS401/402CCV,IVE,626,,Ives,Satin chrome,False,127,"[80.1, 94.6, 528.0, 105.7]",
132,,False,,"126, 127",0.94,3,EA,SILENCER,SR64,IVE,GRY,,Ives,Gray,False,127,"[80.1, 108.0, 528.0, 119.1]",
132,,False,,"126, 127",0.94,1,EA,WIRE HARNESS - IN DOOR,CON - LENGTH AS REQUIRED - FROM LOCK TO EPT,SCH,,,Schlage,,True,127,"[80.1, 121.6, 533.0, 144.2]",
132,,False,,"126, 127",0.94,1,EA,WIRE HARNESS CONNECTOR - IN FRAME,CON - 6W - FROM CON TO POWER SUPPLY,SCH,,,Schlage,,True,127,"[80.1, 146.5, 533.0, 180.7]",
132,,False,,"126, 127",0.94,1,EA,POWER SUPPLY - AS REQUIRED,BY DIVISION 28,B/O,,,By Others,,True,127,"[80.1, 183.0, 529.1, 205.6]",
132,,False,,"126, 127",0.94,,,DIAGRAMS,PROVIDE FACTORY POINT TO POINT WIRING DIAGRAMS,,,,,,False,127,"[141.9, 256.1, 414.3, 278.6]",
133,,False,,"127, 128",0.93,3,EA,HEAVYWEIGHT HINGE,5BB1HW 4.5 X 4.5 - NRP AT OUTSWINGING LOCKING DOORS,IVE,652,,Ives,Satin chrome plated steel,False,127,"[80.1, 466.0, 528.0, 500.2]",
133,,False,,"127, 128",0.93,1,EA,POWER TRANSFER,EPT10 CON,VON,689,,Von Duprin,Aluminum painted,True,127,"[80.1, 502.6, 533.6, 513.7]",
133,,False,,"127, 128",0.93,1,EA,INTEGRATED LOCK,AD-300-CY-70-MT-RHO-B 12/24 VDC,SCE,626,,Schlage Electronics,Satin chrome,True,127,"[80.1, 516.1, 532.5, 538.7]",
133,,False,,"127, 128",0.93,1,EA,SFIC CONST. CORE - CONSTRUCTION PHASE,80-035 GRN,SCH,,,Schlage,,False,127,"[80.1, 541.0, 533.0, 563.6]",
133,,False,,"127, 128",0.93,1,EA,PERMANENT CORE - COMBINATED,1C72,BES,626,,Best,Satin chrome,False,127,"[80.1, 566.1, 532.0, 588.6]",
133,,False,,"127, 128",0.93,1,EA,SURFACE CLOSER,4040XP SCUSH TBSRT,LCN,689,,LCN,Aluminum painted,False,127,"[80.1, 591.1, 531.9, 602.2]",
133,,False,,"127, 128",0.93,3,EA,SILENCER,SR64,IVE,GRY,,Ives,Gray,False,127,"[80.1, 604.5, 528.0, 615.6]",
133,,False,,"127, 128",0.93,1,EA,WIRE HARNESS - IN DOOR,CON - LENGTH AS REQUIRED - FROM LOCK TO EPT,SCH,,,Schlage,,True,127,"[80.1, 618.1, 533.0, 640.7]",
133,,False,,"127, 128",0.93,1,EA,WIRE HARNESS CONNECTOR - IN FRAME,CON - 6W - FROM CON TO POWER SUPPLY,SCH,,,Schlage,,True,127,"[80.1, 643.0, 533.0, 677.2]",
133,,False,,"127, 128",0.93,,EA,POWER SUPPLY - AS REQUIRED,BY DIVISION 28,B/O,,,By Others,,True,127,"[108.5, 679.5, 529.1, 702.1]",
133,,False,,"127, 128",0.93,,,DIAGRAMS,PROVIDE FACTORY POINT TO POINT WIRING DIAGRAMS,,,,,,False,128,"[141.9, 190.6, 414.3, 213.2]",
134,,False,,"128, 129",0.93,3,EA,HEAVYWEIGHT HINGE,5BB1HW 4.5 X 4.5 - NRP AT OUTSWINGING LOCKING DOORS,IVE,652,,Ives,Satin chrome plated steel,False,128,"[80.1, 364.0, 528.0, 398.1]",
134,,False,,"128, 129",0.93,1,EA,POWER TRANSFER,EPT10 CON,VON,689,,Von Duprin,Aluminum painted,True,128,"[80.1, 400.6, 533.6, 411.7]",
134,,False,,"128, 129",0.93,1,EA,INTEGRATED LOCK,AD-300-CY-70-MT-RHO-B 12/24 VDC,SCE,626,,Schlage Electronics,Satin chrome,True,128,"[80.1, 414.0, 532.5, 436.7]",
134,,False,,"128, 129",0.93,1,EA,SFIC CONST. CORE - CONSTRUCTION PHASE,80-035 GRN,SCH,,,Schlage,,False,128,"[80.1, 439.0, 533.0, 461.6]",
134,,False,,"128, 129",0.93,1,EA,PERMANENT CORE - COMBINATED,1C72,BES,626,,Best,Satin chrome,False,128,"[80.1, 464.1, 532.0, 486.7]",
134,,False,,"128, 129",0.93,1,EA,SURFACE CLOSER,4041 DEL SCUSH TBSRT,LCN,689,,LCN,Aluminum painted,False,128,"[80.1, 489.1, 531.9, 500.2]",
134,,False,,"128, 129",0.93,1,EA,GASKETING SET,188SBK PSA,ZER,BK,,Zero International,Black,False,128,"[80.1, 502.6, 531.9, 513.7]",
134,,False,,"128, 129",0.93,1,EA,WIRE HARNESS - IN DOOR,CON - LENGTH AS REQUIRED - FROM LOCK TO EPT,SCH,,,Schlage,,True,128,"[80.1, 516.1, 533.0, 538.7]",
134,,False,,"128, 129",0.93,1,EA,WIRE HARNESS CONNECTOR - IN FRAME,CON - 6W - FROM CON TO POWER SUPPLY,SCH,,,Schlage,,True,128,"[80.1, 541.0, 533.0, 575.2]",
134,,False,,"128, 129",0.93,,EA,POWER SUPPLY - AS REQUIRED,BY DIVISION 28,B/O,,,By Others,,True,128,"[108.5, 577.5, 529.1, 600.1]",
134,,False,,"128, 129",0.93,,,DIAGRAMS,PROVIDE FACTORY POINT TO POINT WIRING DIAGRAMS,,,,,,False,128,"[141.9, 675.6, 414.3, 698.2]",
135,,False,,"129, 130",0.92,3,EA,HEAVYWEIGHT HINGE,5BB1HW 4.5 X 4.5 - NRP AT OUTSWINGING LOCKING DOORS,IVE,652,,Ives,Satin chrome plated steel,False,129,"[80.1, 387.0, 528.0, 421.2]",
135,,False,,"129, 130",0.92,1,EA,POWER TRANSFER,EPT10 CON,VON,689,,Von Duprin,Aluminum painted,True,129,"[80.1, 423.5, 533.6, 434.6]",
135,,False,,"129, 130",0.92,1,EA,INTEGRATED LOCK,AD-300-CY-70-MT-RHO-B 12/24 VDC,SCE,626,,Schlage Electronics,Satin chrome,True,129,"[80.1, 437.1, 532.5, 459.7]",
135,,False,,"129, 130",0.92,1,EA,SFIC CONST. CORE - CONSTRUCTION PHASE,80-035 GRN,SCH,,,Schlage,,False,129,"[80.1, 462.1, 533.0, 484.7]",
135,,False,,"129, 130",0.92,1,EA,PERMANENT CORE - COMBINATED,1C72,BES,626,,Best,Satin chrome,False,129,"[80.1, 487.0, 532.0, 509.6]",
135,,False,,"129, 130",0.92,1,EA,OH STOP,90S X J BKT - AS REQUIRED - STOP TO BE MOUNTED ON ROOM SIDE,GLY,630,,Glynn-Johnson,Satin stainless steel,False,129,"[80.1, 512.1, 531.3, 546.1]",
135,,False,,"129, 130",0.92,1,EA,SURFACE CLOSER,4040XP REG TBSRT/ 4040XP EDA TBSRT - AS REQUIRED,LCN,689,,LCN,Aluminum painted,False,129,"[80.1, 548.6, 531.9, 571.2]",
135,,False,,"129, 130",0.92,3,EA,SILENCER,SR64,IVE,GRY,,Ives,Gray,False,129,"[80.1, 573.5, 528.0, 584.6]",
135,,False,,"129, 130",0.92,1,EA,WIRE HARNESS - IN DOOR,CON - LENGTH AS REQUIRED - FROM LOCK TO EPT,SCH,,,Schlage,,True,129,"[80.1, 587.1, 533.0, 609.6]",
135,,False,,"129, 130",0.92,1,EA,WIRE HARNESS CONNECTOR - IN FRAME,CON - 6W - FROM CON TO POWER SUPPLY,SCH,,,Schlage,,True,129,"[80.1, 612.1, 533.0, 646.2]",
135,,False,,"129, 130",0.92,,EA,POWER SUPPLY - AS REQUIRED,BY DIVISION 28,B/O,,,By Others,,True,129,"[108.5, 648.6, 529.1, 671.2]",
135,,False,,"129, 130",0.92,,,DIAGRAMS,PROVIDE FACTORY POINT TO POINT WIRING DIAGRAMS,,,,,,False,130,"[141.9, 106.1, 414.3, 128.6]",
136,,False,,"130, 131",0.92,3,EA,HEAVYWEIGHT HINGE,5BB1HW 4.5 X 4.5 - NRP AT OUTSWINGING LOCKING DOORS,IVE,652,,Ives,Satin chrome plated steel,False,130,"[80.1, 508.6, 528.0, 542.6]",
136,,False,,"130, 131",0.92,1,EA,POWER TRANSFER,EPT10 CON,VON,689,,Von Duprin,Aluminum painted,True,130,"[80.1, 545.1, 533.6, 556.2]",
136,,False,,"130, 131",0.92,1,EA,INTEGRATED LOCK,AD-300-CY-70-MT-RHO-B 12/24 VDC,SCE,626,,Schlage Electronics,Satin chrome,True,130,"[80.1, 558.5, 532.5, 581.2]",
136,,False,,"130, 131",0.92,1,EA,SFIC CONST. CORE - CONSTRUCTION PHASE,80-035 GRN,SCH,,,Schlage,,False,130,"[80.1, 583.5, 533.0, 606.2]",
136,,False,,"130, 131",0.92,1,EA,PERMANENT CORE - COMBINATED,1C72,BES,626,,Best,Satin chrome,False,130,"[80.1, 608.6, 532.0, 631.2]",
136,,False,,"130, 131",0.92,1,EA,OH STOP,90S X J BKT - AS REQUIRED - STOP TO BE MOUNTED ON ROOM SIDE,GLY,630,,Glynn-Johnson,Satin stainless steel,False,130,"[80.1, 633.6, 531.3, 667.7]",
136,,False,,"130, 131",0.92,1,EA,DELAYED SURFACE CLOSER,4041 DEL REG TBSRT/ 4041 DEL EDA TBSRT - AS REQUIRED,LCN,689,,LCN,Aluminum painted,False,130,"[80.1, 670.0, 531.9, 704.2]",
136,,False,,"130, 131",0.92,3,EA,SILENCER,SR64,IVE,GRY,,Ives,Gray,False,131,"[80.1, 69.5, 528.0, 80.6]",
136,,False,,"130, 131",0.92,1,EA,WIRE HARNESS - IN DOOR,CON - LENGTH AS REQUIRED - FROM LOCK TO EPT,SCH,,,Schlage,,True,131,"[80.1, 83.0, 533.0, 105.7]",
136,,False,,"130, 131",0.92,1,EA,WIRE HARNESS CONNECTOR - IN FRAME,CON - 6W - FROM CON TO POWER SUPPLY,SCH,,,Schlage,,True,131,"[80.1, 108.0, 533.0, 142.2]",
136,,False,,"130, 131",0.92,,EA,POWER SUPPLY - AS REQUIRED,BY DIVISION 28,B/O,,,By Others,,True,131,"[108.5, 144.5, 529.1, 167.1]",
136,,False,,"130, 131",0.92,,,DIAGRAMS,PROVIDE FACTORY POINT TO POINT WIRING DIAGRAMS,,,,,,False,131,"[141.9, 290.6, 414.3, 313.2]",
137,,False,,"131, 132",0.93,3,EA,HEAVYWEIGHT HINGE,5BB1HW 4.5 X 4.5 - NRP AT OUTSWINGING LOCKING DOORS,IVE,652,,Ives,Satin chrome plated steel,False,131,"[80.1, 475.6, 528.0, 509.6]",
137,,False,,"131, 132",0.93,1,EA,POWER TRANSFER,EPT10 CON,VON,689,,Von Duprin,Aluminum painted,True,131,"[80.1, 512.1, 533.6, 523.2]",
137,,False,,"131, 132",0.93,1,EA,INTEGRATED LOCK,AD-300-CY-70-MT-RHO-B 12/24 VDC,SCE,626,,Schlage Electronics,Satin chrome,True,131,"[80.1, 525.5, 532.5, 548.2]",
137,,False,,"131, 132",0.93,1,EA,SFIC CONST. CORE - CONSTRUCTION PHASE,80-035 GRN,SCH,,,Schlage,,False,131,"[80.1, 550.5, 533.0, 573.1]",
137,,False,,"131, 132",0.93,1,EA,PERMANENT CORE - COMBINATED,1C72,BES,626,,Best,Satin chrome,False,131,"[80.1, 575.6, 532.0, 598.2]",
137,,False,,"131, 132",0.93,1,EA,SURFACE CLOSER,4041 DEL H,LCN,689,,LCN,Aluminum painted,False,131,"[80.1, 600.6, 531.9, 611.7]",
137,,False,,"131, 132",0.93,1,EA,WALL STOP,WS401/402CCV,IVE,626,,Ives,Satin chrome,False,131,"[80.1, 614.1, 528.0, 625.2]",
137,,False,,"131, 132",0.93,3,EA,SILENCER,SR64,IVE,GRY,,Ives,Gray,False,131,"[80.1, 627.6, 528.0, 638.7]",
137,,False,,"131, 132",0.93,1,EA,WIRE HARNESS - IN DOOR,CON - LENGTH AS REQUIRED - FROM LOCK TO EPT,SCH,,,Schlage,,True,131,"[80.1, 641.1, 533.0, 663.6]",
137,,False,,"131, 132",0.93,1,EA,WIRE HARNESS CONNECTOR - IN FRAME,CON - 6W - FROM CON TO POWER SUPPLY,SCH,,,Schlage,,True,131,"[80.1, 666.1, 533.0, 700.2]",
137,,False,,"131, 132",0.93,,EA,POWER SUPPLY - AS REQUIRED,BY DIVISION 28,B/O,,,By Others,,True,132,"[108.5, 69.5, 529.1, 92.1]",
137,,False,,"131, 132",0.93,,,DIAGRAMS,PROVIDE FACTORY POINT TO POINT WIRING DIAGRAMS,,,,,,False,132,"[141.9, 215.5, 414.3, 238.2]",
138,,False,,"132, 133",0.92,3,EA,HEAVYWEIGHT HINGE,5BB1HW 4.5 X 4.5 - NRP AT OUTSWINGING LOCKING DOORS,IVE,652,,Ives,Satin chrome plated steel,False,132,"[80.1, 412.0, 528.0, 446.2]",
138,,False,,"132, 133",0.92,1,EA,POWER TRANSFER,EPT10 CON,VON,689,,Von Duprin,Aluminum painted,True,132,"[80.1, 448.6, 533.6, 459.7]",
138,,False,,"132, 133",0.92,1,EA,INTEGRATED LOCK,AD-300-CY-70-MT-RHO-B 12/24 VDC,SCE,626,,Schlage Electronics,Satin chrome,True,132,"[80.1, 462.1, 532.5, 484.7]",
138,,False,,"132, 133",0.92,1,EA,SFIC CONST. CORE - CONSTRUCTION PHASE,80-035 GRN,SCH,,,Schlage,,False,132,"[80.1, 487.0, 533.0, 509.6]",
138,,False,,"132, 133",0.92,1,EA,PERMANENT CORE - COMBINATED,1C72,BES,626,,Best,Satin chrome,False,132,"[80.1, 512.1, 532.0, 534.7]",
138,,False,,"132, 133",0.92,1,EA,OH STOP,90S X J BKT - AS REQUIRED - STOP TO BE MOUNTED ON ROOM SIDE,GLY,630,,Glynn-Johnson,Satin stainless steel,False,132,"[80.1, 537.1, 531.3, 571.2]",
138,,False,,"132, 133",0.92,1,EA,DELAYED SURFACE CLOSER,4041 DEL REG TBSRT/ 4041 DEL EDA TBSRT - AS REQUIRED,LCN,689,,LCN,Aluminum painted,False,132,"[80.1, 573.5, 531.9, 607.7]",
138,,False,,"132, 133",0.92,2,EA,ARMOR PLATE - AS REQUIRED,"8400/8402 34"" HIGH LDW B-CS",IVE,630,,Ives,Satin stainless steel,False,132,"[80.1, 610.0, 528.0, 632.7]",
138,,False,,"132, 133",0.92,2,EA,EDGEGUARD,7310/7310B W/CUT OUTS AS REQUIRED,IVE,630,,Ives,Satin stainless steel,False,132,"[80.1, 635.1, 528.0, 657.6]",
138,,False,,"132, 133",0.92,3,EA,SILENCER,SR64,IVE,GRY,,Ives,Gray,False,132,"[80.1, 660.1, 528.0, 671.2]",
138,,False,,"132, 133",0.92,1,EA,WIRE HARNESS - IN DOOR,CON - LENGTH AS REQUIRED - FROM LOCK TO EPT,SCH,,,Schlage,,True,132,"[80.1, 673.5, 533.0, 696.1]",
138,,False,,"132, 133",0.92,1,EA,WIRE HARNESS CONNECTOR - IN FRAME,CON - 6W - FROM CON TO POWER SUPPLY,SCH,,,Schlage,,True,133,"[80.1, 69.5, 533.0, 103.6]",
138,,False,,"132, 133",0.92,,EA,POWER SUPPLY - AS REQUIRED,BY DIVISION 28,B/O,,,By Others,,True,133,"[108.5, 106.1, 529.1, 128.6]",
138,,False,,"132, 133",0.92,,,DIAGRAMS,PROVIDE FACTORY POINT TO POINT WIRING DIAGRAMS,,,,,,False,133,"[141.9, 252.0, 414.3, 274.7]",
139,,False,,"133, 134",0.92,3,EA,HEAVYWEIGHT HINGE,5BB1HW 4.5 X 4.5 - NRP AT OUTSWINGING LOCKING DOORS,IVE,652,,Ives,Satin chrome plated steel,False,133,"[80.1, 437.1, 528.0, 471.1]",
139,,False,,"133, 134",0.92,1,EA,POWER TRANSFER,EPT10 CON,VON,689,,Von Duprin,Aluminum painted,True,133,"[80.1, 473.6, 533.6, 484.7]",
139,,False,,"133, 134",0.92,1,EA,INTEGRATED LOCK,AD-300-CY-70-MT-RHO-B 12/24 VDC,SCE,626,,Schlage Electronics,Satin chrome,True,133,"[80.1, 487.0, 532.5, 509.6]",
139,,False,,"133, 134",0.92,1,EA,SFIC CONST. CORE - CONSTRUCTION PHASE,80-035 GRN,SCH,,,Schlage,,False,133,"[80.1, 512.1, 533.0, 534.7]",
139,,False,,"133, 134",0.92,1,EA,PERMANENT CORE - COMBINATED,1C72,BES,626,,Best,Satin chrome,False,133,"[80.1, 537.1, 532.0, 559.7]",
139,,False,,"133, 134",0.92,1,EA,SURFACE CLOSER,4040XP REG TBSRT/ 4040XP EDA TBSRT - AS REQUIRED,LCN,689,,LCN,Aluminum painted,False,133,"[80.1, 562.0, 531.9, 584.6]",
139,,False,,"133, 134",0.92,1,EA,FIRE/LIFE SAFETY MAGNET,SEM7800 SERIES AS REQUIRED - 12V/24V/120V,LCN,689,,LCN,Aluminum painted,True,133,"[80.1, 587.1, 531.9, 609.6]",
139,,False,,"133, 134",0.92,1,EA,GASKETING SET,188SBK PSA,ZER,BK,,Zero International,Black,False,133,"[80.1, 612.1, 531.9, 623.2]",
139,,False,,"133, 134",0.92,1,EA,WIRE HARNESS - IN DOOR,CON - LENGTH AS REQUIRED - FROM LOCK TO EPT,SCH,,,Schlage,,True,133,"[80.1, 625.5, 533.0, 648.2]",
139,,False,,"133, 134",0.92,1,EA,WIRE HARNESS CONNECTOR - IN FRAME,CON - 6W - FROM CON TO POWER SUPPLY,SCH,,,Schlage,,True,133,"[80.1, 650.6, 533.0, 684.6]",
139,,False,,"133, 134",0.92,1,EA,POWER SUPPLY - AS REQUIRED,BY DIVISION 28,B/O,,,By Others,,True,133,"[80.1, 687.1, 529.1, 709.7]",
139,,False,,"133, 134",0.92,,,DIAGRAMS,PROVIDE FACTORY POINT TO POINT WIRING DIAGRAMS,,,,,,False,134,"[141.9, 142.6, 414.3, 165.2]",
140,,False,,"134, 135",0.92,3,EA,HEAVYWEIGHT HINGE,5BB1HW 4.5 X 4.5 - NRP AT OUTSWINGING LOCKING DOORS,IVE,652,,Ives,Satin chrome plated steel,False,134,"[80.1, 316.0, 528.0, 350.1]",
140,,False,,"134, 135",0.92,1,EA,POWER TRANSFER,EPT10 CON,VON,689,,Von Duprin,Aluminum painted,True,134,"[80.1, 352.6, 533.6, 363.7]",
140,,False,,"134, 135",0.92,1,EA,INTEGRATED LOCK,AD-300-CY-70-MT-RHO-B 12/24 VDC,SCE,626,,Schlage Electronics,Satin chrome,True,134,"[80.1, 366.0, 532.5, 388.7]",
140,,False,,"134, 135",0.92,1,EA,SFIC CONST. CORE - CONSTRUCTION PHASE,80-035 GRN,SCH,,,Schlage,,False,134,"[80.1, 391.0, 533.0, 413.6]",
140,,False,,"134, 135",0.92,1,EA,PERMANENT CORE - COMBINATED,1C72,BES,626,,Best,Satin chrome,False,134,"[80.1, 416.1, 532.0, 438.7]",
140,,False,,"134, 135",0.92,1,EA,DELAYED SURFACE CLOSER,4041 DEL REG TBSRT/ 4041 DEL EDA TBSRT - AS REQUIRED,LCN,689,,LCN,Aluminum painted,False,134,"[80.1, 441.1, 531.9, 475.2]",
140,,False,,"134, 135",0.92,1,EA,FIRE/LIFE SAFETY MAGNET,SEM7800 SERIES AS REQUIRED - 12V/24V/120V,LCN,689,,LCN,Aluminum painted,True,134,"[80.1, 477.5, 531.9, 500.2]",
140,,False,,"134, 135",0.92,3,EA,SILENCER,SR64,IVE,GRY,,Ives,Gray,False,134,"[80.1, 502.6, 528.0, 513.7]",
140,,False,,"134, 135",0.92,1,EA,WIRE HARNESS - IN DOOR,CON - LENGTH AS REQUIRED - FROM LOCK TO EPT,SCH,,,Schlage,,True,134,"[80.1, 516.1, 533.0, 538.7]",
140,,False,,"134, 135",0.92,1,EA,WIRE HARNESS CONNECTOR - IN FRAME,CON - 6W - FROM CON TO POWER SUPPLY,SCH,,,Schlage,,True,134,"[80.1, 541.0, 533.0, 575.2]",
140,,False,,"134, 135",0.92,1,EA,POWER SUPPLY - AS REQUIRED,BY DIVISION 28,B/O,,,By Others,,True,134,"[80.1, 577.5, 529.1, 600.1]",
140,,False,,"134, 135",0.92,,,DIAGRAMS,PROVIDE FACTORY POINT TO POINT WIRING DIAGRAMS,,,,,,False,135,"[141.9, 106.1, 414.3, 128.6]",
142,,False,,"135, 136, 137",0.93,3,EA,HEAVYWEIGHT HINGE,5BB1HW 4.5 X 4.5 - NRP AT OUTSWINGING LOCKING DOORS,IVE,652,,Ives,Satin chrome plated steel,False,136,"[80.1, 440.6, 528.0, 474.7]",
142,,False,,"135, 136, 137",0.93,1,EA,POWER TRANSFER,EPT10 CON,VON,689,,Von Duprin,Aluminum painted,True,136,"[80.1, 477.1, 533.6, 488.2]",
142,,False,,"135, 136, 137",0.93,1,EA,INTEGRATED LOCK,AD-300-CY-70-MT-RHO-B 12/24 VDC,SCE,626,,Schlage Electronics,Satin chrome,True,136,"[80.1, 490.6, 532.5, 513.1]",
142,,False,,"135, 136, 137",0.93,1,EA,SFIC CONST. CORE - CONSTRUCTION PHASE,80-035 GRN,SCH,,,Schlage,,False,136,"[80.1, 515.6, 533.0, 538.2]",
142,,False,,"135, 136, 137",0.93,1,EA,PERMANENT CORE - COMBINATED,1C72,BES,626,,Best,Satin chrome,False,136,"[80.1, 540.5, 532.0, 563.2]",
142,,False,,"135, 136, 137",0.93,1,EA,WALL STOP,WS401/402CCV,IVE,626,,Ives,Satin chrome,False,136,"[80.1, 565.5, 528.0, 576.6]",
142,,False,,"135, 136, 137",0.93,3,EA,SILENCER,SR64,IVE,GRY,,Ives,Gray,False,136,"[80.1, 579.1, 528.0, 590.2]",
142,,False,,"135, 136, 137",0.93,1,EA,WIRE HARNESS - IN DOOR,CON - LENGTH AS REQUIRED - FROM LOCK TO EPT,SCH,,,Schlage,,True,136,"[80.1, 592.5, 533.0, 615.2]",
142,,False,,"135, 136, 137",0.93,1,EA,WIRE HARNESS CONNECTOR - IN FRAME,CON - 6W - FROM CON TO POWER SUPPLY,SCH,,,Schlage,,True,136,"[80.1, 617.6, 533.0, 651.6]",
142,,False,,"135, 136, 137",0.93,1,EA,POWER SUPPLY - AS REQUIRED,BY DIVISION 28,B/O,,,By Others,,True,136,"[80.1, 654.1, 529.1, 676.7]",
142,,False,,"135, 136, 137",0.93,,,DIAGRAMS,PROVIDE FACTORY POINT TO POINT WIRING DIAGRAMS,,,,,,False,137,"[141.9, 154.1, 414.3, 176.6]",
143,,False,,137,0.93,3,EA,HEAVYWEIGHT HINGE,5BB1HW 4.5 X 4.5 - NRP AT OUTSWINGING LOCKING DOORS,IVE,652,,Ives,Satin chrome plated steel,False,137,"[80.1, 364.0, 528.0, 398.1]",
143,,False,,137,0.93,1,EA,POWER TRANSFER,EPT10 CON,VON,689,,Von Duprin,Aluminum painted,True,137,"[80.1, 400.6, 533.6, 411.7]",
143,,False,,137,0.93,1,EA,INTEGRATED PRIVACY LOCK,AD-300-CY-40-MT-RHO-B 12/24 VDC,SCE,626,,Schlage Electronics,Satin chrome,True,137,"[80.1, 414.0, 532.5, 436.7]",
143,,False,,137,0.93,1,EA,SFIC CONST. CORE - CONSTRUCTION PHASE,80-035 GRN,SCH,,,Schlage,,False,137,"[80.1, 439.0, 533.0, 461.6]",
143,,False,,137,0.93,1,EA,PERMANENT CORE - COMBINATED,1C72,BES,626,,Best,Satin chrome,False,137,"[80.1, 464.1, 532.0, 486.7]",
143,,False,,137,0.93,1,EA,WALL STOP,WS401/402CCV,IVE,626,,Ives,Satin chrome,False,137,"[80.1, 489.1, 528.0, 500.2]",
143,,False,,137,0.93,3,EA,SILENCER,SR64,IVE,GRY,,Ives,Gray,False,137,"[80.1, 502.6, 528.0, 513.7]",
143,,False,,137,0.93,,,DIAGRAMS,PROVIDE FACTORY POINT TO POINT WIRING DIAGRAMS,,,,,,False,137,"[141.9, 589.0, 414.3, 611.7]",
144,,False,,"137, 138",0.94,1,EA,PIVOT SET,7230F SET,IVE,630,,Ives,Satin stainless steel,False,138,"[80.1, 112.1, 528.0, 123.2]",
144,,False,,"137, 138",0.94,1,EA,INTERMEDIATE PIVOT,7230F INT,IVE,630,,Ives,Satin stainless steel,False,138,"[80.1, 125.5, 528.0, 136.6]",
144,,False,,"137, 138",0.94,1,EA,POWER TRANSFER,EPT10 CON,VON,689,,Von Duprin,Aluminum painted,True,138,"[80.1, 139.1, 533.6, 150.2]",
144,,False,,"137, 138",0.94,1,EA,INTEGRATED LOCK,AD-300-CY-70-MT-RHO-B 12/24 VDC - LEAD LINE LOCK - AS REQUIRED,SCE,626,,Schlage Electronics,Satin chrome,True,138,"[80.1, 152.5, 532.5, 198.2]",
144,,False,,"137, 138",0.94,1,EA,SFIC CONST. CORE - CONSTRUCTION PHASE,80-035 GRN,SCH,,,Schlage,,False,138,"[80.1, 200.5, 533.0, 223.2]",
144,,False,,"137, 138",0.94,1,EA,PERMANENT CORE - COMBINATED,1C72,BES,626,,Best,Satin chrome,False,138,"[80.1, 225.5, 532.0, 248.1]",
144,,False,,"137, 138",0.94,2,EA,WALL STOP,WS406/407CCV,IVE,630,,Ives,Satin stainless steel,False,138,"[80.1, 250.6, 528.0, 261.7]",
144,,False,,"137, 138",0.94,1,EA,GASKETING SET,188SBK PSA,ZER,BK,,Zero International,Black,False,138,"[80.1, 264.0, 531.9, 275.1]",
144,,False,,"137, 138",0.94,1,EA,WIRE HARNESS - IN DOOR,CON - LENGTH AS REQUIRED - FROM LOCK TO EPT,SCH,,,Schlage,,True,138,"[80.1, 277.6, 533.0, 300.2]",
144,,False,,"137, 138",0.94,1,EA,WIRE HARNESS CONNECTOR - IN FRAME,CON - 6W - FROM CON TO POWER SUPPLY,SCH,,,Schlage,,True,138,"[80.1, 302.6, 533.0, 336.7]",
144,,False,,"137, 138",0.94,1,EA,POWER SUPPLY - AS REQUIRED DIAGRAMS,BY DIVISION 28 PROVIDE FACTORY POINT TO POINT WIRING DIAGRAMS,B/O,,,By Others,,True,138,"[80.1, 339.0, 529.1, 386.6]",
145,,False,,"138, 139",0.92,3,EA,HEAVYWEIGHT HINGE,5BB1HW 4.5 X 4.5 - NRP AT OUTSWINGING LOCKING DOORS,IVE,652,,Ives,Satin chrome plated steel,False,139,"[80.1, 112.1, 528.0, 146.1]",
145,,False,,"138, 139",0.92,1,EA,POWER TRANSFER,EPT10 CON,VON,689,,Von Duprin,Aluminum painted,True,139,"[80.1, 148.6, 533.6, 159.7]",
145,,False,,"138, 139",0.92,1,EA,INTEGRATED LOCK,AD-300-CY-70-MT-RHO-B 12/24 VDC,SCE,626,,Schlage Electronics,Satin chrome,True,139,"[80.1, 162.0, 532.5, 184.6]",
145,,False,,"138, 139",0.92,1,EA,SFIC CONST. CORE - CONSTRUCTION PHASE,80-035 GRN,SCH,,,Schlage,,False,139,"[80.1, 187.1, 533.0, 209.6]",
145,,False,,"138, 139",0.92,1,EA,PERMANENT CORE - COMBINATED,1C72,BES,626,,Best,Satin chrome,False,139,"[80.1, 212.0, 532.0, 234.7]",
145,,False,,"138, 139",0.92,1,EA,OH STOP,90S X J BKT - AS REQUIRED - STOP TO BE MOUNTED ON ROOM SIDE,GLY,630,,Glynn-Johnson,Satin stainless steel,False,139,"[80.1, 237.0, 531.3, 271.2]",
145,,False,,"138, 139",0.92,3,EA,SILENCER,SR64,IVE,GRY,,Ives,Gray,False,139,"[80.1, 273.5, 528.0, 284.6]",
145,,False,,"138, 139",0.92,1,EA,WIRE HARNESS - IN DOOR,CON - LENGTH AS REQUIRED - FROM LOCK TO EPT,SCH,,,Schlage,,True,139,"[80.1, 287.1, 533.0, 309.7]",
145,,False,,"138, 139",0.92,1,EA,WIRE HARNESS CONNECTOR - IN FRAME,CON - 6W - FROM CON TO POWER SUPPLY,SCH,,,Schlage,,True,139,"[80.1, 312.0, 533.0, 346.2]",
145,,False,,"138, 139",0.92,1,EA,POWER SUPPLY - AS REQUIRED,BY DIVISION 28,B/O,,,By Others,,True,139,"[80.1, 348.5, 529.1, 371.1]",
145,,False,,"138, 139",0.92,,,DIAGRAMS,PROVIDE FACTORY POINT TO POINT WIRING DIAGRAMS,,,,,,False,139,"[141.9, 494.6, 414.3, 517.2]",
146,,False,,"139, 140",0.94,3,EA,HEAVYWEIGHT HINGE,5BB1HW 4.5 X 4.5 - NRP AT OUTSWINGING LOCKING DOORS,IVE,652,,Ives,Satin chrome plated steel,False,139,"[80.1, 668.1, 528.0, 702.1]",
146,,False,,"139, 140",0.94,1,EA,POWER TRANSFER,EPT10 CON,VON,689,,Von Duprin,Aluminum painted,True,140,"[80.1, 69.5, 533.6, 80.6]",
146,,False,,"139, 140",0.94,1,EA,FAIL SECURE BH LOCK,SPSE ML RNN,BES,630,,Best,Satin stainless steel,True,140,"[80.1, 83.0, 532.0, 94.2]",
146,,False,,"139, 140",0.94,1,EA,PERMANENT CORE - COMBINATED,1C72,BES,626,,Best,Satin chrome,False,140,"[80.1, 96.5, 532.0, 119.1]",
146,,False,,"139, 140",0.94,1,EA,WALL STOP,WS401/402CCV,IVE,626,,Ives,Satin chrome,False,140,"[80.1, 121.6, 528.0, 132.7]",
146,,False,,"139, 140",0.94,3,EA,SILENCER,SR64,IVE,GRY,,Ives,Gray,False,140,"[80.1, 135.0, 528.0, 146.1]",
146,,False,,"139, 140",0.94,1,EA,WIRE HARNESS - IN DOOR,CON - LENGTH AS REQUIRED - FROM LOCK TO EPT,SCH,,,Schlage,,True,140,"[80.1, 148.6, 533.0, 171.2]",
146,,False,,"139, 140",0.94,1,EA,WIRE HARNESS CONNECTOR - IN FRAME,CON - 6W - FROM CON TO POWER SUPPLY,SCH,,,Schlage,,True,140,"[80.1, 173.5, 533.0, 207.7]",
146,,False,,"139, 140",0.94,1,EA,POWER SUPPLY - AS REQUIRED,BY DIVISION 28,B/O,,,By Others,,True,140,"[80.1, 210.0, 529.1, 232.6]",
146,,False,,"139, 140",0.94,1,EA,MULTITECH CREDENTIAL READER,PROVIDED BY DIV 28 - MTB15 OR MTB11 AS REQUIRED,SCE,BLK,,Schlage Electronics,Black,True,140,"[80.1, 235.1, 532.5, 257.6]",
146,,False,,"139, 140",0.94,1,EA,DOOR POSITION SWITCH - AS REQUIRED,BY DIVISION 28,B/O,,,By Others,,True,140,"[80.1, 260.1, 529.1, 282.7]",
147,,False,,"140, 141",0.96,3,EA,HEAVYWEIGHT HINGE,5BB1HW 4.5 X 4.5 - NRP AT OUTSWINGING LOCKING DOORS,IVE,652,,Ives,Satin chrome plated steel,False,140,"[80.1, 531.5, 528.0, 565.7]",
147,,False,,"140, 141",0.96,1,EA,FIRE EXIT HARDWARE,98-L-BE-F-06SS-SNB,VON,630,,Von Duprin,Satin stainless steel,False,140,"[80.1, 568.0, 533.6, 579.1]",
147,,False,,"140, 141",0.96,1,EA,SURFACE CLOSER,4040XP REG TBSRT/ 4040XP EDA TBSRT - AS REQUIRED,LCN,689,,LCN,Aluminum painted,False,140,"[80.1, 581.6, 531.9, 604.2]",
147,,False,,"140, 141",0.96,1,EA,KICK PLATE,"8400 10"" HIGH LDW B-CS",IVE,630,,Ives,Satin stainless steel,False,140,"[80.1, 606.6, 528.0, 617.7]",
147,,False,,"140, 141",0.96,1,EA,WALL STOP,WS401/402CCV,IVE,626,,Ives,Satin chrome,False,140,"[80.1, 620.1, 528.0, 631.2]",
147,,False,,"140, 141",0.96,3,EA,SILENCER,"SR64 [BULLETIN 023, 251218]",IVE,GRY,,Ives,Gray,False,140,"[80.1, 658.5, 528.0, 669.6]",
148,,False,,141,0.95,3,EA,HEAVYWEIGHT HINGE,5BB1HW 4.5 X 4.5 - NRP AT OUTSWINGING LOCKING DOORS,IVE,652,,Ives,Satin chrome plated steel,False,141,"[80.1, 302.6, 528.0, 336.7]",
148,,False,,141,0.95,1,EA,PASSAGE SET,9K30N 15D,BES,626,,Best,Satin chrome,False,141,"[80.1, 339.0, 532.0, 350.1]",
148,,False,,141,0.95,1,EA,SURFACE CLOSER,4040XP REG TBSRT/ 4040XP EDA TBSRT - AS REQUIRED,LCN,689,,LCN,Aluminum painted,False,141,"[80.1, 352.6, 531.9, 375.1]",
148,,False,,141,0.95,1,EA,WALL STOP,WS401/402CCV,IVE,626,,Ives,Satin chrome,False,141,"[80.1, 377.6, 528.0, 388.7]",
148,,False,,141,0.95,3,EA,SILENCER,SR64,IVE,GRY,,Ives,Gray,False,141,"[80.1, 391.0, 528.0, 402.1]",
149,,False,,"141, 142",0.95,3,EA,HEAVYWEIGHT HINGE,5BB1HW 4.5 X 4.5 - NRP AT OUTSWINGING LOCKING DOORS,IVE,652,,Ives,Satin chrome plated steel,False,141,"[80.1, 651.1, 528.0, 685.2]",
149,,False,,"141, 142",0.95,1,EA,PASSAGE SET,9K30N 15D,BES,626,,Best,Satin chrome,False,141,"[80.1, 687.6, 532.0, 698.7]",
149,,False,,"141, 142",0.95,1,EA,DELAYED SURFACE CLOSER,4041 DEL REG TBSRT/ 4041 DEL EDA TBSRT - AS REQUIRED,LCN,689,,LCN,Aluminum painted,False,142,"[80.1, 69.5, 531.9, 103.6]",
149,,False,,"141, 142",0.95,1,EA,WALL STOP,WS401/402CCV,IVE,626,,Ives,Satin chrome,False,142,"[80.1, 106.1, 528.0, 117.2]",
149,,False,,"141, 142",0.95,1,EA,GASKETING SET,188SBK PSA,ZER,BK,,Zero International,Black,False,142,"[80.1, 119.5, 531.9, 130.6]",
152,,False,,142,0.96,3,EA,HEAVYWEIGHT HINGE,5BB1HW 4.5 X 4.5 - NRP AT OUTSWINGING LOCKING DOORS,IVE,652,,Ives,Satin chrome plated steel,False,142,"[80.1, 258.5, 528.0, 292.7]",
152,,False,,142,0.96,1,EA,PRIVACY LOCK W/IND,45H0L15S VIN,BES,626,,Best,Satin chrome,False,142,"[80.1, 295.1, 532.0, 306.2]",
152,,False,,142,0.96,1,EA,SURFACE CLOSER,4040XP REG TBSRT/ 4040XP EDA TBSRT - AS REQUIRED,LCN,689,,LCN,Aluminum painted,False,142,"[80.1, 308.6, 531.9, 331.2]",
152,,False,,142,0.96,1,EA,KICK PLATE,"8400 10"" HIGH LDW B-CS",IVE,630,,Ives,Satin stainless steel,False,142,"[80.1, 333.5, 528.0, 344.6]",
152,,False,,142,0.96,1,EA,WALL STOP,WS401/402CCV,IVE,626,,Ives,Satin chrome,False,142,"[80.1, 347.1, 528.0, 358.2]",
152,,False,,142,0.96,1,EA,GASKETING SET,188SBK PSA,ZER,BK,,Zero International,Black,False,142,"[80.1, 360.5, 531.9, 371.6]",
154,,False,,142,0.95,3,EA,HEAVYWEIGHT HINGE,5BB1HW 4.5 X 4.5 - NRP AT OUTSWINGING LOCKING DOORS,IVE,652,,Ives,Satin chrome plated steel,False,142,"[80.1, 499.6, 528.0, 533.6]",
154,,False,,142,0.95,1,EA,FIRE EXIT HARDWARE,98-EO-F-SNB,VON,630,,Von Duprin,Satin stainless steel,False,142,"[80.1, 536.1, 533.6, 547.2]",
154,,False,,142,0.95,1,EA,SURFACE CLOSER,4040XP REG TBSRT/ 4040XP EDA TBSRT - AS REQUIRED,LCN,689,,LCN,Aluminum painted,False,142,"[80.1, 549.5, 531.9, 572.2]",
154,,False,,142,0.95,1,EA,WALL STOP,WS401/402CCV,IVE,626,,Ives,Satin chrome,False,142,"[80.1, 574.5, 528.0, 585.6]",
157,,False,,143,0.95,3,EA,HEAVYWEIGHT HINGE,5BB1HW 4.5 X 4.5 - NRP AT OUTSWINGING LOCKING DOORS,IVE,652,,Ives,Satin chrome plated steel,False,143,"[80.1, 250.6, 528.0, 284.6]",
157,,False,,143,0.95,1,EA,PASSAGE SET,9K30N 15D,BES,626,,Best,Satin chrome,False,143,"[80.1, 287.1, 532.0, 298.2]",
157,,False,,143,0.95,1,EA,SURFACE CLOSER,4040XP REG TBSRT/ 4040XP EDA TBSRT - AS REQUIRED,LCN,689,,LCN,Aluminum painted,False,143,"[80.1, 300.5, 531.9, 323.1]",
157,,False,,143,0.95,1,EA,WALL STOP,WS401/402CCV,IVE,626,,Ives,Satin chrome,False,143,"[80.1, 325.6, 528.0, 336.7]",
157,,False,,143,0.95,3,EA,SILENCER,SR64,IVE,GRY,,Ives,Gray,False,143,"[80.1, 339.0, 528.0, 350.1]",
158,,False,,"143, 144",0.95,3,EA,HEAVYWEIGHT HINGE,5BB1HW 4.5 X 4.5 - NRP AT OUTSWINGING LOCKING DOORS,IVE,652,,Ives,Satin chrome plated steel,False,143,"[80.1, 624.1, 528.0, 658.2]",
158,,False,,"143, 144",0.95,1,EA,PASSAGE SET,9K30N 15D,BES,626,,Best,Satin chrome,False,143,"[80.1, 660.6, 532.0, 671.7]",
158,,False,,"143, 144",0.95,1,EA,DELAYED SURFACE CLOSER,4041 DEL REG TBSRT/ 4041 DEL EDA TBSRT - AS REQUIRED,LCN,689,,LCN,Aluminum painted,False,143,"[80.1, 674.1, 531.9, 708.1]",
158,,False,,"143, 144",0.95,1,EA,WALL STOP,WS401/402CCV,IVE,626,,Ives,Satin chrome,False,144,"[80.1, 69.5, 528.0, 80.6]",
158,,False,,"143, 144",0.95,3,EA,SILENCER,SR64,IVE,GRY,,Ives,Gray,False,144,"[80.1, 83.0, 528.0, 94.2]",
159,,False,,144,0.95,3,EA,HEAVYWEIGHT HINGE,5BB1HW 4.5 X 4.5 - NRP AT OUTSWINGING LOCKING DOORS,IVE,652,,Ives,Satin chrome plated steel,False,144,"[80.1, 306.5, 528.0, 340.7]",
159,,False,,144,0.95,1,EA,PASSAGE SET,9K30N 15D,BES,626,,Best,Satin chrome,False,144,"[80.1, 343.0, 532.0, 354.1]",
159,,False,,144,0.95,1,EA,SURFACE CLOSER,"4040XP SCUSH TBSRT [BULLETIN 023, 251218]",LCN,689,,LCN,Aluminum painted,False,144,"[80.1, 441.1, 532.5, 463.7]",
159,,False,,144,0.95,3,EA,SILENCER,SR64,IVE,GRY,,Ives,Gray,False,144,"[80.1, 466.0, 528.0, 477.1]",
160,,False,,"144, 145",0.94,3,EA,HEAVYWEIGHT HINGE,5BB1HW 4.5 X 4.5 - NRP AT OUTSWINGING LOCKING DOORS,IVE,652,,Ives,Satin chrome plated steel,False,145,"[80.1, 69.5, 528.0, 103.6]",
160,,False,,"144, 145",0.94,1,EA,PASSAGE SET,9K30N 15D,BES,626,,Best,Satin chrome,False,145,"[80.1, 106.1, 532.0, 117.2]",
160,,False,,"144, 145",0.94,1,EA,OH STOP,90S X J BKT - AS REQUIRED - STOP TO BE MOUNTED ON ROOM SIDE,GLY,630,,Glynn-Johnson,Satin stainless steel,False,145,"[80.1, 119.5, 531.3, 153.7]",
160,,False,,"144, 145",0.94,1,EA,SURFACE CLOSER,4040XP REG TBSRT/ 4040XP EDA TBSRT - AS REQUIRED,LCN,689,,LCN,Aluminum painted,False,145,"[80.1, 156.0, 531.9, 178.6]",
160,,False,,"144, 145",0.94,3,EA,SILENCER,SR64,IVE,GRY,,Ives,Gray,False,145,"[80.1, 181.1, 528.0, 192.2]",
161,,False,,145,0.94,3,EA,HEAVYWEIGHT HINGE,5BB1HW 4.5 X 4.5 - NRP AT OUTSWINGING LOCKING DOORS,IVE,652,,Ives,Satin chrome plated steel,False,145,"[80.1, 479.6, 528.0, 513.7]",
161,,False,,145,0.94,1,EA,PASSAGE SET,9K30N 15D,BES,626,,Best,Satin chrome,False,145,"[80.1, 516.1, 532.0, 527.2]",
161,,False,,145,0.94,1,EA,SURFACE CLOSER,4040XP REG TBSRT/ 4040XP EDA TBSRT - AS REQUIRED,LCN,689,,LCN,Aluminum painted,False,145,"[80.1, 529.6, 531.9, 552.1]",
161,,False,,145,0.94,1,EA,FIRE/LIFE SAFETY MAGNET,SEM7800 SERIES AS REQUIRED - 12V/24V/120V,LCN,689,,LCN,Aluminum painted,True,145,"[80.1, 554.6, 531.9, 577.2]",
161,,False,,145,0.94,3,EA,SILENCER,SR64,IVE,GRY,,Ives,Gray,False,145,"[80.1, 579.5, 528.0, 590.6]",
162,,False,,146,0.94,3,EA,HEAVYWEIGHT HINGE,5BB1HW 4.5 X 4.5 - NRP AT OUTSWINGING LOCKING DOORS,IVE,652,,Ives,Satin chrome plated steel,False,146,"[80.1, 164.0, 528.0, 198.2]",
162,,False,,146,0.94,1,EA,PASSAGE SET,9K30N 15D,BES,626,,Best,Satin chrome,False,146,"[80.1, 200.5, 532.0, 211.6]",
162,,False,,146,0.94,1,EA,DELAYED SURFACE CLOSER,4041 DEL REG TBSRT/ 4041 DEL EDA TBSRT - AS REQUIRED,LCN,689,,LCN,Aluminum painted,False,146,"[80.1, 214.1, 531.9, 248.1]",
162,,False,,146,0.94,1,EA,FIRE/LIFE SAFETY MAGNET,SEM7800 SERIES AS REQUIRED - 12V/24V/120V,LCN,689,,LCN,Aluminum painted,True,146,"[80.1, 250.6, 531.9, 273.2]",
162,,False,,146,0.94,3,EA,SILENCER,SR64,IVE,GRY,,Ives,Gray,False,146,"[80.1, 275.6, 528.0, 286.7]",
163,,False,,"146, 147",0.96,3,EA,HEAVYWEIGHT HINGE,5BB1HW 4.5 X 4.5 - NRP AT OUTSWINGING LOCKING DOORS,IVE,652,,Ives,Satin chrome plated steel,False,146,"[80.1, 608.6, 528.0, 642.6]",
163,,False,,"146, 147",0.96,1,EA,PASSAGE SET,9K30N 15D,BES,626,,Best,Satin chrome,False,146,"[80.1, 645.1, 532.0, 656.2]",
163,,False,,"146, 147",0.96,1,EA,WALL STOP,WS401/402CCV,IVE,626,,Ives,Satin chrome,False,146,"[80.1, 658.5, 528.0, 669.6]",
163,,False,,"146, 147",0.96,3,EA,SILENCER,SR64,IVE,GRY,,Ives,Gray,False,146,"[80.1, 672.1, 528.0, 683.2]",
164,,False,,147,0.96,1,EA,PIVOT SET,7230F SET,IVE,630,,Ives,Satin stainless steel,False,147,"[80.1, 327.5, 528.0, 338.6]",
164,,False,,147,0.96,1,EA,INTERMEDIATE PIVOT,7230F INT,IVE,630,,Ives,Satin stainless steel,False,147,"[80.1, 341.1, 528.0, 352.2]",
164,,False,,147,0.96,1,EA,PASSAGE SET - LEAD LINED,9K30N 15D LL,BES,626,,Best,Satin chrome,False,147,"[80.1, 354.5, 532.0, 377.1]",
164,,False,,147,0.96,1,EA,WALL STOP,WS401/402CCV,IVE,626,,Ives,Satin chrome,False,147,"[80.1, 379.6, 528.0, 390.7]",
166,,False,,"147, 148",0.95,3,EA,HEAVYWEIGHT HINGE,5BB1HW 4.5 X 4.5 - NRP AT OUTSWINGING LOCKING DOORS,IVE,652,,Ives,Satin chrome plated steel,False,147,"[80.1, 620.6, 528.0, 654.6]",
166,,False,,"147, 148",0.95,1,EA,PRIVACY LOCK W/IND,45H0L15S VIN,BES,626,,Best,Satin chrome,False,147,"[80.1, 657.1, 532.0, 668.2]",
166,,False,,"147, 148",0.95,1,EA,INTERFACE BOX,JB7-R2,VON,,,Von Duprin,,True,147,"[80.1, 670.5, 533.6, 681.6]",
166,,False,,"147, 148",0.95,1,EA,FAIL SECURE ELECTRIC STRIKE - BEST,SDC55DUDBM,SDC,630,,Security Door Controls,Satin stainless steel,True,147,"[80.1, 684.1, 533.0, 706.7]",
166,,False,,"147, 148",0.95,1,EA,AUTO OPERATOR,STANLEY MAGIC FORCE W SWING-GUARD LE TOUCHLESS WAVE SENSORS,STA,,,Stanley,,True,148,"[80.1, 69.5, 530.7, 103.6]",
166,,False,,"147, 148",0.95,2,EA,"ACTUATOR, TOUCHLESS - AS REQUIRED",8310-813/8310-813J,LCN,BLK,,LCN,Black,True,148,"[80.1, 106.1, 531.9, 128.6]",
166,,False,,"147, 148",0.95,1,EA,KICK PLATE,"8400 10"" HIGH LDW B-CS",IVE,630,,Ives,Satin stainless steel,False,148,"[80.1, 131.0, 528.0, 142.2]",
166,,False,,"147, 148",0.95,1,EA,WALL STOP,WS401/402CCV,IVE,626,,Ives,Satin chrome,False,148,"[80.1, 144.5, 528.0, 155.6]",
166,,False,,"147, 148",0.95,3,EA,SILENCER,SR64,IVE,GRY,,Ives,Gray,False,148,"[80.1, 158.0, 528.0, 169.2]",
167,,False,,148,0.96,3,EA,HEAVYWEIGHT HINGE,5BB1HW 4.5 X 4.5 - NRP AT OUTSWINGING LOCKING DOORS,IVE,652,,Ives,Satin chrome plated steel,False,148,"[80.1, 585.1, 528.0, 619.2]",
167,,False,,148,0.96,1,EA,PRIVACY LOCK W/IND,45H0L15S VIN,BES,626,,Best,Satin chrome,False,148,"[80.1, 621.6, 532.0, 632.7]",
167,,False,,148,0.96,1,EA,SURFACE CLOSER,4040XP REG TBSRT/ 4040XP EDA TBSRT - AS REQUIRED,LCN,689,,LCN,Aluminum painted,False,148,"[80.1, 635.1, 531.9, 657.6]",
167,,False,,148,0.96,1,EA,KICK PLATE,"8400 10"" HIGH LDW B-CS",IVE,630,,Ives,Satin stainless steel,False,148,"[80.1, 660.1, 528.0, 671.2]",
167,,False,,148,0.96,1,EA,WALL STOP,WS401/402CCV,IVE,626,,Ives,Satin chrome,False,148,"[80.1, 673.5, 528.0, 684.6]",
167,,False,,148,0.96,1,EA,SILENCER,SR64,IVE,GRY,,Ives,Gray,False,148,"[80.1, 687.1, 528.0, 698.2]",
168,,False,,149,0.96,3,EA,HEAVYWEIGHT HINGE,5BB1HW 4.5 X 4.5 - NRP AT OUTSWINGING LOCKING DOORS,IVE,652,,Ives,Satin chrome plated steel,False,149,"[80.1, 285.0, 528.0, 319.2]",
168,,False,,149,0.96,1,EA,PRIVACY LOCK W/IND,45H0L15S VIN,BES,626,,Best,Satin chrome,False,149,"[80.1, 321.5, 532.0, 332.6]",
168,,False,,149,0.96,1,EA,WALL STOP,WS401/402CCV,IVE,626,,Ives,Satin chrome,False,149,"[80.1, 335.1, 528.0, 346.2]",
168,,False,,149,0.96,3,EA,SILENCER,SR64,IVE,GRY,,Ives,Gray,False,149,"[80.1, 348.5, 528.0, 359.6]",
170,,False,,149,0.96,3,EA,HEAVYWEIGHT HINGE,5BB1HW 4.5 X 4.5 - NRP AT OUTSWINGING LOCKING DOORS,IVE,652,,Ives,Satin chrome plated steel,False,149,"[80.1, 608.6, 528.0, 642.6]",
170,,False,,149,0.96,1,EA,PRIVACY LOCK W/IND,45H0L15S VIN,BES,626,,Best,Satin chrome,False,149,"[80.1, 645.1, 532.0, 656.2]",
170,,False,,149,0.96,1,EA,KICK PLATE,"8400 10"" HIGH LDW B-CS",IVE,630,,Ives,Satin stainless steel,False,149,"[80.1, 658.5, 528.0, 669.6]",
170,,False,,149,0.96,1,EA,WALL STOP,WS401/402CCV,IVE,626,,Ives,Satin chrome,False,149,"[80.1, 672.1, 528.0, 683.2]",
170,,False,,149,0.96,1,EA,SILENCER,SR64,IVE,GRY,,Ives,Gray,False,149,"[80.1, 685.5, 528.0, 696.6]",
171,,False,,"150, 151",0.96,1,EA,CENTER JAMB MOUNT PIVOT SET,7255J SET,IVE,626,,Ives,Satin chrome,False,151,"[80.1, 123.5, 528.0, 146.1]",
171,,False,,"150, 151",0.96,1,EA,PRIVACY LOCK W/IND,45H0L15S VIN,BES,626,,Best,Satin chrome,False,151,"[80.1, 148.6, 532.0, 159.7]",
171,,False,,"150, 151",0.96,1,EA,EMER. STOP ASSEMBLY,299AS,IVE,630,,Ives,Satin stainless steel,False,151,"[80.1, 162.0, 528.0, 173.1]",
171,,False,,"150, 151",0.96,1,EA,OH STOP,100S,GLY,630,,Glynn-Johnson,Satin stainless steel,False,151,"[80.1, 175.6, 531.3, 186.7]",
171,,False,,"150, 151",0.96,1,EA,WALL STOP,WS401/402CCV,IVE,626,,Ives,Satin chrome,False,151,"[80.1, 189.0, 528.0, 200.1]",
172,,False,,151,0.95,3,EA,HEAVYWEIGHT HINGE,5BB1HW 4.5 X 4.5 - NRP AT OUTSWINGING LOCKING DOORS,IVE,652,,Ives,Satin chrome plated steel,False,151,"[80.1, 316.6, 528.0, 350.6]",
172,,False,,151,0.95,1,EA,STOREROOM LOCK,9K37D 15D,BES,626,,Best,Satin chrome,False,151,"[80.1, 353.1, 532.0, 364.2]",
172,,False,,151,0.95,1,EA,PERMANENT CORE - COMBINATED,1C72,BES,626,,Best,Satin chrome,False,151,"[80.1, 366.5, 532.0, 389.1]",
172,,False,,151,0.95,1,EA,DELAYED SURFACE CLOSER,4041 DEL REG TBSRT/ 4041 DEL EDA TBSRT - AS REQUIRED,LCN,689,,LCN,Aluminum painted,False,151,"[80.1, 391.6, 531.9, 425.6]",
172,,False,,151,0.95,1,EA,KICK PLATE,"8400 10"" HIGH LDW B-CS",IVE,630,,Ives,Satin stainless steel,False,151,"[80.1, 428.1, 528.0, 439.2]",
172,,False,,151,0.95,1,EA,WALL STOP,WS401/402CCV,IVE,626,,Ives,Satin chrome,False,151,"[80.1, 441.5, 528.0, 452.6]",
172,,False,,151,0.95,3,EA,SILENCER,SR64,IVE,GRY,,Ives,Gray,False,151,"[80.1, 455.1, 528.0, 466.2]",
173,,False,,"151, 152",0.95,3,EA,HEAVYWEIGHT HINGE,5BB1HW 4.5 X 4.5 - NRP AT OUTSWINGING LOCKING DOORS,IVE,652,,Ives,Satin chrome plated steel,False,152,"[80.1, 69.5, 528.0, 103.6]",
173,,False,,"151, 152",0.95,1,EA,STOREROOM LOCK,9K37D 15D,BES,626,,Best,Satin chrome,False,152,"[80.1, 106.1, 532.0, 117.2]",
173,,False,,"151, 152",0.95,1,EA,PERMANENT CORE - COMBINATED,1C72,BES,626,,Best,Satin chrome,False,152,"[80.1, 119.5, 532.0, 142.2]",
173,,False,,"151, 152",0.95,1,EA,SURFACE CLOSER,4040XP SCUSH TBSRT,LCN,689,,LCN,Aluminum painted,False,152,"[80.1, 144.5, 531.9, 155.6]",
173,,False,,"151, 152",0.95,1,EA,WALL STOP,WS401/402CCV,IVE,626,,Ives,Satin chrome,False,152,"[80.1, 158.0, 528.0, 169.2]",
174,,False,,152,0.94,3,EA,HEAVYWEIGHT HINGE,5BB1HW 4.5 X 4.5 - NRP AT OUTSWINGING LOCKING DOORS,IVE,652,,Ives,Satin chrome plated steel,False,152,"[80.1, 418.0, 528.0, 452.2]",
174,,False,,152,0.94,1,EA,STOREROOM LOCK,9K37D 15D,BES,626,,Best,Satin chrome,False,152,"[80.1, 454.6, 532.0, 465.7]",
174,,False,,152,0.94,1,EA,PERMANENT CORE - COMBINATED,1C72,BES,626,,Best,Satin chrome,False,152,"[80.1, 468.1, 532.0, 490.7]",
174,,False,,152,0.94,1,EA,OH STOP,90S X J BKT - AS REQUIRED - STOP TO BE MOUNTED ON ROOM SIDE,GLY,630,,Glynn-Johnson,Satin stainless steel,False,152,"[80.1, 493.0, 531.3, 527.2]",
174,,False,,152,0.94,1,EA,SURFACE CLOSER,4040XP REG TBSRT/ 4040XP EDA TBSRT - AS REQUIRED,LCN,689,,LCN,Aluminum painted,False,152,"[80.1, 529.6, 531.9, 552.1]",
174,,False,,152,0.94,1,EA,KICK PLATE,"8400 10"" HIGH LDW B-CS",IVE,630,,Ives,Satin stainless steel,False,152,"[80.1, 554.6, 528.0, 565.7]",
175,,False,,153,0.94,3,EA,HEAVYWEIGHT HINGE,5BB1HW 4.5 X 4.5 - NRP AT OUTSWINGING LOCKING DOORS,IVE,652,,Ives,Satin chrome plated steel,False,153,"[80.1, 152.5, 528.0, 186.7]",
175,,False,,153,0.94,1,EA,STOREROOM LOCK,9K37D 15D,BES,626,,Best,Satin chrome,False,153,"[80.1, 189.0, 532.0, 200.1]",
175,,False,,153,0.94,1,EA,PERMANENT CORE - COMBINATED,1C72,BES,626,,Best,Satin chrome,False,153,"[80.1, 202.6, 532.0, 225.2]",
175,,False,,153,0.94,1,EA,OH STOP,90S X J BKT - AS REQUIRED - STOP TO BE MOUNTED ON ROOM SIDE,GLY,630,,Glynn-Johnson,Satin stainless steel,False,153,"[80.1, 227.5, 531.3, 261.7]",
175,,False,,153,0.94,1,EA,DELAYED SURFACE CLOSER,4041 DEL REG TBSRT/ 4041 DEL EDA TBSRT - AS REQUIRED,LCN,689,,LCN,Aluminum painted,False,153,"[80.1, 264.0, 531.9, 298.2]",
175,,False,,153,0.94,1,EA,KICK PLATE,"8400 10"" HIGH LDW B-CS",IVE,630,,Ives,Satin stainless steel,False,153,"[80.1, 300.5, 528.0, 311.6]",
176,,False,,"153, 154",0.95,3,EA,HEAVYWEIGHT HINGE,5BB1HW 4.5 X 4.5 - NRP AT OUTSWINGING LOCKING DOORS,IVE,652,,Ives,Satin chrome plated steel,False,153,"[80.1, 572.1, 528.0, 606.2]",
176,,False,,"153, 154",0.95,1,EA,STOREROOM LOCK,9K37D 15D,BES,626,,Best,Satin chrome,False,153,"[80.1, 608.6, 532.0, 619.7]",
176,,False,,"153, 154",0.95,1,EA,PERMANENT CORE - COMBINATED,1C72,BES,626,,Best,Satin chrome,False,153,"[80.1, 622.0, 532.0, 644.7]",
176,,False,,"153, 154",0.95,1,EA,WALL STOP,WS401/402CCV,IVE,626,,Ives,Satin chrome,False,153,"[80.1, 647.1, 528.0, 658.2]",
176,,False,,"153, 154",0.95,3,EA,SILENCER,SR64,IVE,GRY,,Ives,Gray,False,153,"[80.1, 660.6, 528.0, 671.7]",
177,,False,,154,0.95,3,EA,HEAVYWEIGHT HINGE,5BB1HW 4.5 X 4.5 - NRP AT OUTSWINGING LOCKING DOORS,IVE,652,,Ives,Satin chrome plated steel,False,154,"[80.1, 243.0, 528.0, 277.2]",
177,,False,,154,0.95,1,EA,ENTRANCE SET,9K3AB 15D,BES,626,,Best,Satin chrome,False,154,"[80.1, 279.5, 532.0, 290.6]",
177,,False,,154,0.95,1,EA,PERMANENT CORE - COMBINATED,1C72,BES,626,,Best,Satin chrome,False,154,"[80.1, 293.1, 532.0, 315.7]",
177,,False,,154,0.95,1,EA,WALL STOP,WS401/402CCV,IVE,626,,Ives,Satin chrome,False,154,"[80.1, 343.0, 528.0, 354.1]",
177,,False,,154,0.95,3,EA,SILENCER,SR64,IVE,GRY,,Ives,Gray,False,154,"[80.1, 356.6, 528.0, 367.7]",
178,,False,,"154, 155",0.96,3,EA,HEAVYWEIGHT HINGE,5BB1HW 4.5 X 4.5 - NRP AT OUTSWINGING LOCKING DOORS,IVE,652,,Ives,Satin chrome plated steel,False,155,"[80.1, 81.0, 528.0, 115.2]",
178,,False,,"154, 155",0.96,1,EA,PUSH/PULL LATCH,"HL6 5"" A",SCH,626,,Schlage,Satin chrome,False,155,"[80.1, 117.5, 533.0, 128.6]",
178,,False,,"154, 155",0.96,1,EA,SURFACE CLOSER,4040XP REG TBSRT/ 4040XP EDA TBSRT - AS REQUIRED,LCN,689,,LCN,Aluminum painted,False,155,"[80.1, 131.0, 531.9, 153.7]",
178,,False,,"154, 155",0.96,1,EA,WALL STOP,WS401/402CCV,IVE,626,,Ives,Satin chrome,False,155,"[80.1, 156.0, 528.0, 167.1]",
178,,False,,"154, 155",0.96,1,EA,GASKETING,188SBK PSA,ZER,BK,,Zero International,Black,False,155,"[80.1, 169.6, 531.9, 180.7]",
178,,False,,"154, 155",0.96,1,EA,DOOR BOTTOM,369AA-Z49,ZER,AA,,Zero International,Anodized aluminum,False,155,"[80.1, 183.0, 531.9, 194.1]",
180,,False,,155,0.95,3,EA,HEAVYWEIGHT HINGE,5BB1HW 4.5 X 4.5 - NRP AT OUTSWINGING LOCKING DOORS,IVE,652,,Ives,Satin chrome plated steel,False,155,"[80.1, 431.6, 528.0, 465.7]",
180,,False,,155,0.95,1,EA,PUSH/PULL LATCH,"HL6 5"" A",SCH,626,,Schlage,Satin chrome,False,155,"[80.1, 468.1, 533.0, 479.2]",
180,,False,,155,0.95,1,EA,OH STOP,90S X J BKT - AS REQUIRED - STOP TO BE MOUNTED ON ROOM SIDE,GLY,630,,Glynn-Johnson,Satin stainless steel,False,155,"[80.1, 481.6, 531.3, 515.6]",
180,,False,,155,0.95,1,EA,SURFACE CLOSER,4040XP REG TBSRT/ 4040XP EDA TBSRT - AS REQUIRED,LCN,689,,LCN,Aluminum painted,False,155,"[80.1, 518.1, 531.9, 540.7]",
180,,False,,155,0.95,1,EA,GASKETING SET,188SBK PSA,ZER,BK,,Zero International,Black,False,155,"[80.1, 543.1, 531.9, 554.2]",
180,,False,,155,0.95,1,EA,DOOR BOTTOM,369AA-Z49,ZER,AA,,Zero International,Anodized aluminum,False,155,"[80.1, 556.5, 531.9, 567.6]",
181,,False,,"155, 156",0.95,3,EA,HEAVYWEIGHT HINGE,5BB1HW 4.5 X 4.5 - NRP AT OUTSWINGING LOCKING DOORS,IVE,652,,Ives,Satin chrome plated steel,False,156,"[80.1, 123.5, 528.0, 157.6]",
181,,False,,"155, 156",0.95,1,EA,PUSH/PULL LATCH,"HL6 5"" A",SCH,626,,Schlage,Satin chrome,False,156,"[80.1, 160.1, 533.0, 171.2]",
181,,False,,"155, 156",0.95,1,EA,DELAYED SURFACE CLOSER,4041 DEL REG TBSRT/ 4041 DEL EDA TBSRT - AS REQUIRED,LCN,689,,LCN,Aluminum painted,False,156,"[80.1, 173.5, 531.9, 207.7]",
181,,False,,"155, 156",0.95,1,EA,WALL STOP,WS401/402CCV,IVE,626,,Ives,Satin chrome,False,156,"[80.1, 210.0, 528.0, 221.1]",
181,,False,,"155, 156",0.95,3,EA,SILENCER,SR64,IVE,GRY,,Ives,Gray,False,156,"[80.1, 223.6, 528.0, 234.7]",
182,,False,,156,0.97,1,EA,PIVOT SET,7230F SET,IVE,630,,Ives,Satin stainless steel,False,156,"[80.1, 497.1, 528.0, 508.2]",
182,,False,,156,0.97,1,EA,INTERMEDIATE PIVOT,7230F INT,IVE,630,,Ives,Satin stainless steel,False,156,"[80.1, 510.5, 528.0, 521.6]",
182,,False,,156,0.97,1,EA,PUSH/PULL LATCH,"HL6 5"" A L",SCH,626,,Schlage,Satin chrome,False,156,"[80.1, 524.1, 533.0, 535.2]",
182,,False,,156,0.97,1,EA,SURFACE CLOSER,4041 DEL REG OR PA AS REQ TBSRT,LCN,695,,LCN,Dark bronze painted,False,156,"[80.1, 537.5, 531.9, 560.2]",
182,,False,,156,0.97,1,EA,WALL STOP,WS401/402CCV,IVE,626,,Ives,Satin chrome,False,156,"[80.1, 562.5, 528.0, 573.6]",
182,,False,,156,0.97,1,EA,GASKETING,188SBK PSA,ZER,BK,,Zero International,Black,False,156,"[80.1, 576.1, 531.9, 587.2]",
183,,False,,"156, 157",0.96,3,EA,HEAVYWEIGHT HINGE,5BB1HW 4.5 X 4.5 - NRP AT OUTSWINGING LOCKING DOORS,IVE,652,,Ives,Satin chrome plated steel,False,157,"[80.1, 164.0, 528.0, 198.2]",
183,,False,,"156, 157",0.96,1,EA,PUSH/PULL LATCH,"HL6 5"" A",SCH,626,,Schlage,Satin chrome,False,157,"[80.1, 200.5, 533.0, 211.6]",
183,,False,,"156, 157",0.96,1,EA,SURFACE CLOSER,4041 DEL SCUSH TBSRT,LCN,689,,LCN,Aluminum painted,False,157,"[80.1, 214.1, 531.9, 225.2]",
183,,False,,"156, 157",0.96,3,EA,SILENCER,SR64,IVE,GRY,,Ives,Gray,False,157,"[80.1, 227.5, 528.0, 238.6]",
184,,False,,157,0.97,1,EA,PIVOT SET,7230F SET,IVE,630,,Ives,Satin stainless steel,False,157,"[80.1, 528.1, 528.0, 539.2]",
184,,False,,157,0.97,1,EA,INTERMEDIATE PIVOT,7230F INT,IVE,630,,Ives,Satin stainless steel,False,157,"[80.1, 541.6, 528.0, 552.7]",
184,,False,,157,0.97,1,EA,PUSH/PULL LATCH,"HL6 5"" A L",SCH,626,,Schlage,Satin chrome,False,157,"[80.1, 555.1, 533.0, 566.2]",
184,,False,,157,0.97,1,EA,SURFACE CLOSER,4041 DEL SCUSH TBSRT,LCN,689,,LCN,Aluminum painted,False,157,"[80.1, 568.5, 531.9, 579.6]",
184,,False,,157,0.97,1,EA,GASKETING,188SBK PSA,ZER,BK,,Zero International,Black,False,157,"[80.1, 582.1, 531.9, 593.2]",
185,,False,,"157, 158",0.94,3,EA,HEAVYWEIGHT HINGE,5BB1HW 4.5 X 4.5 - NRP AT OUTSWINGING LOCKING DOORS,IVE,652,,Ives,Satin chrome plated steel,False,158,"[80.1, 123.5, 528.0, 157.6]",
185,,False,,"157, 158",0.94,1,EA,PUSH/PULL LATCH,"HL6 5"" A",SCH,626,,Schlage,Satin chrome,False,158,"[80.1, 160.1, 533.0, 171.2]",
185,,False,,"157, 158",0.94,1,EA,OH STOP,90S X J BKT - AS REQUIRED - STOP TO BE MOUNTED ON ROOM SIDE,GLY,630,,Glynn-Johnson,Satin stainless steel,False,158,"[80.1, 173.5, 531.3, 207.7]",
185,,False,,"157, 158",0.94,1,EA,SURFACE CLOSER,4040XP REG TBSRT/ 4040XP EDA TBSRT - AS REQUIRED,LCN,689,,LCN,Aluminum painted,False,158,"[80.1, 210.0, 531.9, 232.6]",
185,,False,,"157, 158",0.94,3,EA,SILENCER,SR64,IVE,GRY,,Ives,Gray,False,158,"[80.1, 235.1, 528.0, 246.2]",
186,,False,,158,0.96,3,EA,HEAVYWEIGHT HINGE,5BB1HW 4.5 X 4.5 - NRP AT OUTSWINGING LOCKING DOORS,IVE,652,,Ives,Satin chrome plated steel,False,158,"[80.1, 495.1, 528.0, 529.2]",
186,,False,,158,0.96,1,EA,PUSH/PULL LATCH,"HL6 5"" A",SCH,626,,Schlage,Satin chrome,False,158,"[80.1, 531.5, 533.0, 542.6]",
186,,False,,158,0.96,1,EA,WALL STOP,WS401/402CCV,IVE,626,,Ives,Satin chrome,False,158,"[80.1, 545.1, 528.0, 556.2]",
186,,False,,158,0.96,3,EA,SILENCER,SR64,IVE,GRY,,Ives,Gray,False,158,"[80.1, 558.5, 528.0, 569.6]",
188,,False,,159,0.94,3,EA,HEAVYWEIGHT HINGE,5BB1HW 4.5 X 4.5 - NRP AT OUTSWINGING LOCKING DOORS,IVE,652,,Ives,Satin chrome plated steel,False,159,"[80.1, 189.0, 528.0, 223.2]",
188,,False,,159,0.94,1,EA,PUSH/PULL PRIVACY LATCH,"PL7/PL8 5""",SCH,626,,Schlage,Satin chrome,False,159,"[80.1, 225.5, 533.0, 248.1]",
188,,False,,159,0.94,1,EA,OH STOP,90S X J BKT - AS REQUIRED - STOP TO BE MOUNTED ON ROOM SIDE,GLY,630,,Glynn-Johnson,Satin stainless steel,False,159,"[80.1, 250.6, 531.3, 284.6]",
188,,False,,159,0.94,3,EA,SILENCER,SR64,IVE,GRY,,Ives,Gray,False,159,"[80.1, 287.1, 528.0, 298.2]",
189,,False,,"159, 160",0.95,1,EA,CENTER JAMB MOUNT PIVOT SET,7255J SET,IVE,626,,Ives,Satin chrome,False,159,"[80.1, 658.5, 528.0, 681.2]",
189,,False,,"159, 160",0.95,1,EA,PUSH/PULL PRIVACY LATCH,"PL7/PL8 5""",SCH,626,,Schlage,Satin chrome,False,159,"[80.1, 683.6, 533.0, 706.2]",
189,,False,,"159, 160",0.95,1,EA,EMER. STOP ASSEMBLY,299AS,IVE,630,,Ives,Satin stainless steel,False,160,"[80.1, 69.5, 528.0, 80.6]",
189,,False,,"159, 160",0.95,1,EA,OH STOP,100S,GLY,630,,Glynn-Johnson,Satin stainless steel,False,160,"[80.1, 83.0, 531.3, 94.2]",
189,,False,,"159, 160",0.95,1,EA,WALL STOP,WS401/402CCV,IVE,626,,Ives,Satin chrome,False,160,"[80.1, 96.5, 528.0, 107.6]",
190,,False,,160,0.96,3,EA,HEAVYWEIGHT HINGE,5BB1HW 4.5 X 4.5 - NRP AT OUTSWINGING LOCKING DOORS,IVE,652,,Ives,Satin chrome plated steel,False,160,"[80.1, 249.0, 528.0, 283.2]",
190,,False,,160,0.96,1,EA,BH PASSAGE LATCH,SPSL CL ON 16F,BES,630,,Best,Satin stainless steel,False,160,"[80.1, 285.5, 532.0, 296.6]",
190,,False,,160,0.96,1,EA,WALL STOP,WS401/402CCV,IVE,626,,Ives,Satin chrome,False,160,"[80.1, 299.1, 528.0, 310.2]",
190,,False,,160,0.96,3,EA,SILENCER,SR64,IVE,GRY,,Ives,Gray,False,160,"[80.1, 312.5, 528.0, 323.6]",
191,,False,,160,0.96,3,EA,HEAVYWEIGHT HINGE,5BB1HW 4.5 X 4.5 - NRP AT OUTSWINGING LOCKING DOORS,IVE,652,,Ives,Satin chrome plated steel,False,160,"[80.1, 451.6, 528.0, 485.6]",
191,,False,,160,0.96,1,EA,BH PASSAGE LATCH,SPSL CL ON 16F,BES,630,,Best,Satin stainless steel,False,160,"[80.1, 488.1, 532.0, 499.2]",
191,,False,,160,0.96,1,EA,OH STOP,100S,GLY,630,,Glynn-Johnson,Satin stainless steel,False,160,"[80.1, 501.5, 531.3, 512.6]",
191,,False,,160,0.96,3,EA,SILENCER,SR64,IVE,GRY,,Ives,Gray,False,160,"[80.1, 515.1, 528.0, 526.2]",
192,,False,,"160, 161",0.95,3,EA,HEAVYWEIGHT HINGE,5BB1HW 4.5 X 4.5 - NRP AT OUTSWINGING LOCKING DOORS,IVE,652,,Ives,Satin chrome plated steel,False,160,"[80.1, 667.5, 528.0, 701.7]",
192,,False,,"160, 161",0.95,1,EA,PUSH PLATE,"8200 4"" X 16""",IVE,630,,Ives,Satin stainless steel,False,161,"[80.1, 69.5, 528.0, 80.6]",
192,,False,,"160, 161",0.95,1,EA,PULL PLATE,"8303 10"" 4"" X 16""",IVE,630,,Ives,Satin stainless steel,False,161,"[80.1, 83.0, 528.0, 94.2]",
192,,False,,"160, 161",0.95,1,EA,AUTOMATIC OPERATOR,BY RELATED SECTION 08 71 13,B/O,,,By Others,,True,161,"[80.1, 96.5, 529.1, 119.1]",
192,,False,,"160, 161",0.95,2,EA,WAVE ACTUATOR,BY RELATED SECTION 08 71 13,B/O,,,By Others,,True,161,"[80.1, 121.6, 529.1, 144.2]",
192,,False,,"160, 161",0.95,1,EA,KICK PLATE,"8400 10"" HIGH LDW B-CS",IVE,630,,Ives,Satin stainless steel,False,161,"[80.1, 146.5, 528.0, 157.6]",
192,,False,,"160, 161",0.95,1,EA,WALL STOP,WS401/402CCV,IVE,626,,Ives,Satin chrome,False,161,"[80.1, 160.1, 528.0, 171.2]",
192,,False,,"160, 161",0.95,3,EA,SILENCER,SR64,IVE,GRY,,Ives,Gray,False,161,"[80.1, 173.5, 528.0, 184.6]",
193,,False,,"161, 162",0.96,3,EA,HEAVYWEIGHT HINGE,5BB1HW 4.5 X 4.5 - NRP AT OUTSWINGING LOCKING DOORS,IVE,652,,Ives,Satin chrome plated steel,False,161,"[80.1, 491.1, 528.0, 525.1]",
193,,False,,"161, 162",0.96,1,EA,PUSH PLATE,"8200 4"" X 16""",IVE,630,,Ives,Satin stainless steel,False,161,"[80.1, 527.6, 528.0, 538.7]",
193,,False,,"161, 162",0.96,1,EA,PULL PLATE,"8303 10"" 4"" X 16""",IVE,630,,Ives,Satin stainless steel,False,161,"[80.1, 541.0, 528.0, 552.1]",
193,,False,,"161, 162",0.96,1,EA,SURFACE CLOSER,4040XP REG TBSRT/ 4040XP EDA TBSRT - AS REQUIRED,LCN,689,,LCN,Aluminum painted,False,161,"[80.1, 554.6, 531.9, 577.2]",
193,,False,,"161, 162",0.96,1,EA,KICK PLATE,"8400 10"" HIGH LDW B-CS",IVE,630,,Ives,Satin stainless steel,False,161,"[80.1, 579.5, 528.0, 590.6]",
193,,False,,"161, 162",0.96,1,EA,WALL STOP,WS401/402CCV,IVE,626,,Ives,Satin chrome,False,161,"[80.1, 593.1, 528.0, 604.2]",
193,,False,,"161, 162",0.96,3,EA,SILENCER,SR64,IVE,GRY,,Ives,Gray,False,161,"[80.1, 606.6, 528.0, 617.7]",
194,,False,,162,0.96,3,EA,HEAVYWEIGHT HINGE,5BB1HW 4.5 X 4.5 - NRP AT OUTSWINGING LOCKING DOORS,IVE,652,,Ives,Satin chrome plated steel,False,162,"[80.1, 243.0, 528.0, 277.2]",
194,,False,,162,0.96,1,EA,PUSH PLATE,"8200 4"" X 16""",IVE,630,,Ives,Satin stainless steel,False,162,"[80.1, 279.5, 528.0, 290.6]",
194,,False,,162,0.96,1,EA,PULL PLATE,"8303 10"" 4"" X 16""",IVE,630,,Ives,Satin stainless steel,False,162,"[80.1, 293.1, 528.0, 304.2]",
194,,False,,162,0.96,1,EA,OH STOP,90S X J BKT - AS REQUIRED - STOP TO BE MOUNTED ON ROOM SIDE,GLY,630,,Glynn-Johnson,Satin stainless steel,False,162,"[80.1, 306.5, 531.3, 340.7]",
194,,False,,162,0.96,1,EA,SURFACE CLOSER,4040XP REG TBSRT/ 4040XP EDA TBSRT - AS REQUIRED,LCN,689,,LCN,Aluminum painted,False,162,"[80.1, 343.0, 531.9, 365.6]",
194,,False,,162,0.96,1,EA,KICK PLATE,"8400 10"" HIGH LDW B-CS",IVE,630,,Ives,Satin stainless steel,False,162,"[80.1, 368.1, 528.0, 379.2]",
194,,False,,162,0.96,1,EA,WALL STOP,WS401/402CCV,IVE,626,,Ives,Satin chrome,False,162,"[80.1, 381.5, 528.0, 392.6]",
194,,False,,162,0.96,3,EA,SILENCER,SR64,IVE,GRY,,Ives,Gray,False,162,"[80.1, 395.1, 528.0, 406.2]",
196,,False,,"162, 163",0.93,6,EA,HEAVYWEIGHT HINGE,5BB1HW 4.5 X 4.5 - NRP AT OUTSWINGING LOCKING DOORS,IVE,652,,Ives,Satin chrome plated steel,False,162,"[80.1, 557.1, 528.0, 591.1]",
196,,False,,"162, 163",0.93,1,EA,POWER TRANSFER,EPT10 CON,VON,689,,Von Duprin,Aluminum painted,True,162,"[80.1, 593.6, 533.6, 604.7]",
196,,False,,"162, 163",0.93,1,EA,CONST LATCHING BOLT,FB51T/FB61T - AS REQUIRED,IVE,630,,Ives,Satin stainless steel,False,162,"[80.1, 607.0, 528.0, 618.2]",
196,,False,,"162, 163",0.93,1,EA,INTEGRATED LOCK,AD-300-CY-70-MT-RHO-B 12/24 VDC - LEAD LINE LOCK - AS REQUIRED,SCE,626,,Schlage Electronics,Satin chrome,True,162,"[80.1, 620.6, 532.5, 666.2]",
196,,False,,"162, 163",0.93,1,EA,SFIC CONST. CORE - CONSTRUCTION PHASE,80-035 GRN,SCH,,,Schlage,,False,162,"[80.1, 668.6, 533.0, 691.2]",
196,,False,,"162, 163",0.93,1,EA,PERMANENT CORE - COMBINATED,1C72,BES,626,,Best,Satin chrome,False,163,"[80.1, 69.5, 532.0, 92.1]",
196,,False,,"162, 163",0.93,1,EA,COORDINATOR,COR X FL X MB - AS REQUIRED,IVE,713,,Ives,Dark bronze anodized,False,163,"[80.1, 94.6, 528.0, 117.2]",
196,,False,,"162, 163",0.93,2,EA,OH STOP,90S X J BKT - AS REQUIRED - STOP TO BE MOUNTED ON ROOM SIDE,GLY,630,,Glynn-Johnson,Satin stainless steel,False,163,"[80.1, 119.5, 531.3, 153.7]",
196,,False,,"162, 163",0.93,2,EA,DELAYED SURFACE CLOSER,4041 DEL REG TBSRT/ 4041 DEL EDA TBSRT - AS REQUIRED,LCN,689,,LCN,Aluminum painted,False,163,"[80.1, 156.0, 531.9, 190.2]",
196,,False,,"162, 163",0.93,2,EA,KICK PLATE,"8400 10"" HIGH LDW B-CS",IVE,630,,Ives,Satin stainless steel,False,163,"[80.1, 192.5, 528.0, 203.6]",
196,,False,,"162, 163",0.93,1,EA,GASKETING SET,188SBK PSA,ZER,BK,,Zero International,Black,False,163,"[80.1, 206.0, 531.9, 217.2]",
196,,False,,"162, 163",0.93,1,EA,WIRE HARNESS - IN DOOR,CON - LENGTH AS REQUIRED - FROM LOCK TO EPT,SCH,,,Schlage,,True,163,"[80.1, 219.5, 533.0, 242.1]",
196,,False,,"162, 163",0.93,1,EA,WIRE HARNESS CONNECTOR - IN FRAME,CON - 6W - FROM CON TO POWER SUPPLY,SCH,,,Schlage,,True,163,"[80.1, 244.6, 533.0, 278.6]",
196,,False,,"162, 163",0.93,1,EA,POWER SUPPLY - AS REQUIRED,BY DIVISION 28,B/O,,,By Others,,True,163,"[80.1, 281.1, 529.1, 303.7]",
196,,False,,"162, 163",0.93,,,DIAGRAMS,PROVIDE FACTORY POINT TO POINT WIRING DIAGRAMS,,,,,,False,163,"[141.9, 379.0, 414.3, 401.6]",
197,,False,,163,0.3,,,,,,,,,,,,,
211,,False,,"167, 168",0.93,6,EA,HEAVYWEIGHT HINGE,5BB1HW 4.5 X 4.5 - NRP AT OUTSWINGING LOCKING DOORS,IVE,652,,Ives,Satin chrome plated steel,False,167,"[80.1, 257.1, 526.3, 291.2]",
211,,False,,"167, 168",0.93,2,EA,POWER TRANSFER,EPT10 CON,VON,689,,Von Duprin,Aluminum painted,False,167,"[80.1, 293.6, 531.9, 304.7]",
211,,False,,"167, 168",0.93,1,EA,AUTO FLUSH BOLT,FB41T/FB31T - AS REQUIRED,IVE,630,,Ives,Satin stainless steel,False,167,"[80.1, 307.1, 526.3, 318.2]",
211,,False,,"167, 168",0.93,1,EA,"FAIL SECURE CYLINDRICAL LOCK, RX",9K37DEU 15D RQE - PROVIDE BRASS CONSTRUCTION CORE,BES,626,,Best,Satin chrome,False,167,"[80.1, 320.6, 530.8, 354.7]",
211,,False,,"167, 168",0.93,1,EA,PERMANENT CORE - COMBINATED,1C72,BES,626,,Best,Satin chrome,False,167,"[80.1, 357.0, 530.8, 379.7]",
211,,False,,"167, 168",0.93,1,EA,ELECTRIC STRIKE - FAIL SECURE VOLTAGE AS REQUIRED - PAIR DOORS,6223 FSE CON 12/16/24/28 VAC/VDC,VON,630,,Von Duprin,Satin stainless steel,False,167,"[80.1, 382.0, 531.9, 416.1]",
211,,False,,"167, 168",0.93,1,EA,AUTOMATIC OPERATOR,BY RELATED SECTION 08 71 13,B/O,,,By Others,,False,167,"[80.1, 418.6, 528.0, 429.7]",
211,,False,,"167, 168",0.93,1,EA,WAVE ACTUATOR,BY RELATED SECTION 08 71 13 - PUSH PLATE ACTUATOR AT 01-7103A,B/O,,,By Others,,False,167,"[80.1, 432.1, 528.0, 466.2]",
211,,False,,"167, 168",0.93,2,EA,ARMOR PLATE - AS REQUIRED,"8400/8402 34"" HIGH LDW B-CS",IVE,630,,Ives,Satin stainless steel,False,167,"[80.1, 468.5, 526.3, 491.2]",
211,,False,,"167, 168",0.93,1,EA,GASKETING SET,188SBK PSA,ZER,BK,,Zero International,Black,False,167,"[80.1, 493.6, 530.2, 504.7]",
211,,False,,"167, 168",0.93,1,EA,ASTRAGAL - LENGTH AS REQUIRED,41AA,ZER,AA,,Zero International,Anodized aluminum,False,167,"[80.1, 507.1, 530.2, 529.7]",
211,,False,,"167, 168",0.93,1,EA,WIRE HARNESS - IN DOOR,CON - LENGTH AS REQUIRED - FROM ELECTRIC STRIKE TO EPT,SCH,,,Schlage,,False,167,"[80.1, 532.0, 531.3, 566.2]",
211,,False,,"167, 168",0.93,1,EA,WIRE HARNESS - IN DOOR,CON - LENGTH AS REQUIRED - FROM LOCK TO EPT,SCH,,,Schlage,,False,167,"[80.1, 568.5, 531.3, 591.1]",
211,,False,,"167, 168",0.93,2,EA,WIRE HARNESS CONNECTOR - IN FRAME,CON - 6W - FROM CON TO POWER SUPPLY,SCH,,,Schlage,,False,167,"[80.1, 593.6, 531.3, 616.2]",
211,,False,,"167, 168",0.93,1,EA,MULTITECH CREDENTIAL READER,PROVIDED BY DIV 28 - MTB15 OR MTB11 AS REQUIRED,SCE,BLK,,Schlage Electronics,Black,False,167,"[80.1, 618.6, 530.8, 641.2]",
211,,False,,"167, 168",0.93,2,EA,DOOR POSITION SWITCH - AS REQUIRED,BY DIVISION 28,B/O,,,By Others,,False,167,"[80.1, 643.5, 528.0, 666.2]",
211,,False,,"167, 168",0.93,1,EA,CREDENTIAL POWER SUPPLY DIAGRAMS,BY DIVISION 28 PROVIDE FACTORY POINT TO POINT WIRING DIAGRAMS,B/O,,,By Others,,False,167,"[80.1, 668.6, 528.0, 691.2]",
227,,False,,168,0.96,3,EA,PIVOT SET,7230F SET,IVE,630,,Ives,Satin stainless steel,False,168,"[80.1, 283.6, 528.0, 294.7]",
227,,False,,168,0.96,1,EA,INTERMEDIATE PIVOT,7230F INT,IVE,630,,Ives,Satin stainless steel,False,168,"[80.1, 297.0, 528.0, 308.1]",
227,,False,,168,0.96,1,EA,STOREROOM LOCK,9K37D 15D,BES,626,,Best,Satin chrome,False,168,"[80.1, 310.6, 532.0, 321.7]",
227,,False,,168,0.96,1,EA,SFIC CONST. CORE - CONSTRUCTION PHASE,"80-035 GRN [BULLETIN 023, 251218]",SCH,,,Schlage,,False,168,"[80.1, 324.0, 533.0, 358.2]",
227,,False,,168,0.96,1,EA,PERMANENT CORE - COMBINATED,1C72,BES,626,,Best,Satin chrome,False,168,"[80.1, 360.5, 532.0, 383.1]",
227,,False,,168,0.96,1,EA,SURFACE CLOSER,4040XP SCUSH SRI TBSRT,LCN,689,,LCN,Aluminum painted,False,168,"[80.1, 385.6, 531.9, 396.7]",
227,,False,,168,0.96,1,EA,RAIN DRIP,142AA - AS REQUIRED,ZER,AA,,Zero International,Anodized aluminum,False,168,"[80.1, 399.0, 531.9, 410.1]",
227,,False,,168,0.96,1,SET,GASKETING,429AA-S,ZER,AA,,Zero International,Anodized aluminum,False,168,"[80.1, 412.6, 531.9, 423.7]",
227,,False,,168,0.96,1,EA,DOOR SWEEP,39A,ZER,A,,Zero International,Anodized aluminum,False,168,"[80.1, 426.1, 531.9, 437.2]",
227,,False,,168,0.96,1,EA,ASTRAGAL - LENGTH AS REQUIRED,41AA,ZER,AA,,Zero International,Anodized aluminum,False,168,"[80.1, 439.6, 531.9, 462.1]",
227,,False,,168,0.96,1,EA,THRESHOLD,655A-E-V3-226,ZER,A,,Zero International,Anodized aluminum,False,168,"[80.1, 464.6, 531.9, 475.7]",
227,,False,,168,0.96,2,EA,DOOR POSITION SWITCH - AS REQUIRED,BY DIVISION 28,B/O,,,By Others,,True,168,"[80.1, 478.0, 529.1, 500.6]",
228,,False,,"168, 169",0.95,1,EA,PIVOT SET,7226 SET,IVE,626,,Ives,Satin chrome,False,168,"[80.1, 628.5, 528.0, 639.6]",
228,,False,,"168, 169",0.95,2,EA,INTERMEDIATE PIVOT,7226 INT,IVE,626,,Ives,Satin chrome,False,168,"[80.1, 642.1, 528.0, 653.2]",
228,,False,,"168, 169",0.95,1,EA,POWER TRANSFER,EPT10 CON,VON,689,,Von Duprin,Aluminum painted,True,168,"[80.1, 655.5, 533.6, 666.6]",
228,,False,,"168, 169",0.95,1,EA,ELEC PANIC HARDWARE,WPRX-OUT-98-EO-WH-CON- SNB,VON,630,,Von Duprin,Satin stainless steel,True,168,"[80.1, 669.1, 533.6, 691.7]",
228,,False,,"168, 169",0.95,1,EA,SURFACE CLOSER,4040XP REG SRI TBSRT,LCN,689,,LCN,Aluminum painted,False,168,"[80.1, 694.0, 531.9, 705.1]",
228,,False,,"168, 169",0.95,1,EA,WALL STOP,WS401/402CCV,IVE,626,,Ives,Satin chrome,False,169,"[80.1, 69.5, 528.0, 80.6]",
228,,False,,"168, 169",0.95,1,EA,RAIN DRIP,142AA - AS REQUIRED,ZER,AA,,Zero International,Anodized aluminum,False,169,"[80.1, 83.0, 531.9, 94.2]",
228,,False,,"168, 169",0.95,1,,SEALS,BY DOOR / FRAME MANUFACTURER,,,,,,False,169,"[80.1, 96.5, 359.7, 119.1]",
228,,False,,"168, 169",0.95,1,EA,DOOR SWEEP,39A,ZER,A,,Zero International,Anodized aluminum,False,169,"[80.1, 121.6, 531.9, 132.7]",
228,,False,,"168, 169",0.95,1,EA,THRESHOLD,656A-E-V3-W/HOLES-226,ZER,A,,Zero International,Anodized aluminum,False,169,"[80.1, 135.0, 531.9, 146.1]",
228,,False,,"168, 169",0.95,1,EA,WIRE HARNESS - IN DOOR,CON - LENGTH AS REQUIRED - FROM LOCK TO EPT,SCH,,,Schlage,,True,169,"[80.1, 148.6, 533.0, 171.2]",
228,,False,,"168, 169",0.95,1,EA,WIRE HARNESS CONNECTOR - IN FRAME,CON - 6W - FROM CON TO POWER SUPPLY,SCH,,,Schlage,,True,169,"[80.1, 173.5, 533.0, 207.7]",
228,,False,,"168, 169",0.95,1,EA,DOOR POSITION SWITCH - AS REQUIRED,BY DIVISION 28,B/O,,,By Others,,True,169,"[80.1, 210.0, 529.1, 232.6]",
240,,False,,169,0.84,,,,ALL HARDWARE BY DOOR MANUFACTURER,,,,,,False,169,"[270.5, 408.5, 397.3, 431.2]",
241,,False,,169,0.87,,EA,ALL HARDWARE,BY MRI DOOR MANUFACTURER,,,,,,False,169,"[108.5, 559.0, 353.8, 581.6]",
243,,False,,"169, 170",0.95,3,EA,HEAVYWEIGHT HINGE,5BB1HW 4.5 X 4.5 - NRP AT OUTSWINGING LOCKING DOORS,IVE,652,,Ives,Satin chrome plated steel,False,170,"[80.1, 69.5, 528.0, 103.6]",
243,,False,,"169, 170",0.95,1,EA,"FIRE RIM EXIT, EXIT ONLY",99-EO-F,VON,626,,Von Duprin,Satin chrome,False,170,"[80.1, 106.1, 533.6, 128.6]",
243,,False,,"169, 170",0.95,1,EA,FIRE/LIFE HOLDER,4040SEH SEH TBWMS120V AC/DC,LCN,689,,LCN,Aluminum painted,True,170,"[80.1, 131.0, 531.9, 153.7]",
243,,False,,"169, 170",0.95,1,EA,SURFACE CLOSER,4040XP CUSH,LCN,689,,LCN,Aluminum painted,False,170,"[80.1, 156.0, 531.9, 167.1]",
243,,False,,"169, 170",0.95,1,EA,KICK PLATE,"8400 10"" HIGH LDW B-CS",IVE,630,,Ives,Satin stainless steel,False,170,"[80.1, 169.6, 528.0, 180.7]",
243,,False,,"169, 170",0.95,1,EA,GASKETING SET,188SBK PSA,ZER,BK,,Zero International,Black,False,170,"[80.1, 183.0, 531.9, 194.1]",
244,,False,,"170, 171",0.94,2,EA,PIVOT SET,7226F SET,IVE,630,,Ives,Satin stainless steel,False,170,"[80.1, 443.1, 528.0, 454.2]",
244,,False,,"170, 171",0.94,2,EA,INTERMEDIATE PIVOT,7226F INT,IVE,630,,Ives,Satin stainless steel,False,170,"[80.1, 456.5, 528.0, 467.6]",
244,,False,,"170, 171",0.94,2,EA,POWER TRANSFER,EPT10 CON,VON,689,,Von Duprin,Aluminum painted,True,170,"[80.1, 470.1, 533.6, 481.2]",
244,,False,,"170, 171",0.94,2,EA,ELEC FIRE EXIT HARDWARE,RX-LC-QEL-9849-EO-F-CON- SNB 24 VDC,VON,630,,Von Duprin,Satin stainless steel,True,170,"[80.1, 483.5, 533.6, 506.2]",
244,,False,,"170, 171",0.94,1,EA,RIM CYLINDER,IE72-PATD - AS REQUIRED - PROVIDE BRASS CONSTRUCTION CORE,BES,626,,Best,Satin chrome,False,170,"[80.1, 508.6, 532.0, 542.6]",
244,,False,,"170, 171",0.94,1,EA,PERMANENT CORE - COMBINATED,1C72,BES,626,,Best,Satin chrome,False,170,"[80.1, 545.1, 532.0, 567.6]",
244,,False,,"170, 171",0.94,1,EA,AUTOMATIC OPERATOR,BY RELATED SECTION 08 71 13,B/O,,,By Others,,True,170,"[80.1, 570.1, 529.1, 592.7]",
244,,False,,"170, 171",0.94,1,,WAVE ACTUATOR,BY RELATED SECTION 08 71 13,,,,,,True,170,"[80.1, 595.0, 406.7, 617.7]",
244,,False,,"170, 171",0.94,1,EA,GASKETING SET,188SBK PSA,ZER,BK,,Zero International,Black,False,170,"[80.1, 620.1, 531.9, 631.2]",
244,,False,,"170, 171",0.94,2,SET,ASTRAGAL SET,8193AA-S,ZER,AA,,Zero International,Anodized aluminum,False,170,"[80.1, 633.6, 531.9, 644.7]",
244,,False,,"170, 171",0.94,2,EA,WIRE HARNESS - IN DOOR,CON - LENGTH AS REQUIRED - FROM LOCK TO EPT,SCH,,,Schlage,,True,170,"[80.1, 647.1, 533.0, 669.6]",
244,,False,,"170, 171",0.94,2,EA,WIRE HARNESS CONNECTOR - IN FRAME,CON - 6W - FROM CON TO POWER SUPPLY,SCH,,,Schlage,,True,170,"[80.1, 672.1, 533.0, 706.2]",
244,,False,,"170, 171",0.94,1,EA,MULTITECH CREDENTIAL READER,PROVIDED BY DIV 28 - MTB15 OR MTB11 AS REQUIRED,SCE,BLK,,Schlage Electronics,Black,True,171,"[80.1, 69.5, 532.5, 92.1]",
244,,False,,"170, 171",0.94,2,EA,DOOR POSITION SWITCH - AS REQUIRED,BY DIVISION 28,B/O,,,By Others,,True,171,"[80.1, 94.6, 529.1, 117.2]",
244,,False,,"170, 171",0.94,1,EA,POWER SUPPLY,PS904 900-4RL-FA 900-BBK 120/240 VAC,VON,,,Von Duprin,,True,171,"[80.1, 119.5, 533.6, 142.2]",
245,,False,,171,0.91,4,EA,PATCH FITTINGS,BY GLASS DOOR MANUFACTURER,,,,,,False,171,"[80.1, 331.6, 353.8, 354.1]",
245,,False,,171,0.91,2,EA,PIVOT SET,BY GLASS DOOR MANUFACTURER,,,,,,False,171,"[80.1, 356.6, 353.8, 379.2]",
245,,False,,171,0.91,2,EA,MAGNETIC LOCK - COORDINATE WITH GLASS,M490P HDB490 ATS/LED 12/24 VDC,SCE,628,,Schlage Electronics,"Satin aluminum, clear anodized",True,171,"[80.1, 381.5, 532.5, 415.7]",
245,,False,,171,0.91,2,PR,BACK TO BACK LONG DOOR PULLS,BY GLASS DOOR MANUFACTURER,,,,,,False,171,"[80.1, 418.0, 353.8, 440.6]",
245,,False,,171,0.91,2,EA,OVERHEAD CONCEALED CLOSER,BY GLASS DOOR MANUFACTURER,,,,,,False,171,"[80.1, 443.1, 353.8, 465.7]",
245,,False,,171,0.91,1,EA,REQUEST TO EXIT / MOTION SENSOR,FURNISHED BY DIVISION 28,B/O,,,By Others,,True,171,"[80.1, 468.1, 529.1, 490.7]",
245,,False,,171,0.91,1,EA,MULTITECH CREDENTIAL READER,PROVIDED BY DIV 28 - MTB15 OR MTB11 AS REQUIRED,SCE,BLK,,Schlage Electronics,Black,True,171,"[80.1, 493.0, 532.5, 515.6]",
245,,False,,171,0.91,1,EA,CREDENTIAL POWER SUPPLY,BY DIVISION 28,B/O,,,By Others,,True,171,"[80.1, 518.1, 529.1, 540.7]",
246,,False,,"171, 172",0.95,3,EA,HEAVYWEIGHT HINGE,5BB1HW 4.5 X 4.5 - NRP AT OUTSWINGING LOCKING DOORS,IVE,652,,Ives,Satin chrome plated steel,False,172,"[80.1, 69.5, 528.0, 103.6]",
246,,False,,"171, 172",0.95,1,EA,BH DOUBLE CYLINDER,SPSL ML W1 16F,BES,630,,Best,Satin stainless steel,False,172,"[80.1, 106.1, 532.0, 117.2]",
246,,False,,"171, 172",0.95,2,EA,PERMANENT CORE - COMBINATED,1C72,BES,626,,Best,Satin chrome,False,172,"[80.1, 119.5, 532.0, 142.2]",
246,,False,,"171, 172",0.95,1,EA,WALL STOP,WS401/402CCV,IVE,626,,Ives,Satin chrome,False,172,"[80.1, 144.5, 528.0, 155.6]",
247,,False,,"172, 173",0.91,2,EA,PATCH FITTINGS,BY GLASS DOOR MANUFACTURER,,,,,,False,172,"[80.1, 520.0, 353.8, 542.6]",
247,,False,,"172, 173",0.91,1,EA,PIVOT SET,BY GLASS DOOR MANUFACTURER,,,,,,False,172,"[80.1, 545.1, 353.8, 567.6]",
247,,False,,"172, 173",0.91,1,EA,MAGNETIC LOCK - COORDINATE WITH GLASS,M490P HDB490 ATS/LED 12/24 VDC,SCE,628,,Schlage Electronics,"Satin aluminum, clear anodized",True,172,"[80.1, 570.1, 532.5, 604.2]",
247,,False,,"172, 173",0.91,1,PR,BACK TO BACK LONG DOOR PULLS,BY GLASS DOOR MANUFACTURER,,,,,,False,172,"[80.1, 606.6, 353.8, 629.2]",
247,,False,,"172, 173",0.91,1,EA,OVERHEAD CONCEALED CLOSER,BY GLASS DOOR MANUFACTURER,,,,,,False,172,"[80.1, 631.5, 353.8, 654.2]",
247,,False,,"172, 173",0.91,1,EA,REQUEST TO EXIT / MOTION SENSOR,FURNISHED BY DIVISION 28,B/O,,,By Others,,True,172,"[80.1, 656.6, 529.1, 679.2]",
247,,False,,"172, 173",0.91,1,EA,MULTITECH CREDENTIAL READER,PROVIDED BY DIV 28 - MTB15 OR MTB11 AS REQUIRED,SCE,BLK,,Schlage Electronics,Black,True,172,"[80.1, 681.6, 532.5, 704.2]",
247,,False,,"172, 173",0.91,1,EA,CREDENTIAL POWER SUPPLY,BY DIVISION 28,B/O,,,By Others,,True,173,"[80.1, 69.5, 529.1, 92.1]",
247,,False,,"172, 173",0.91,1,EA,POWER SUPPLY,"PS904 900-4RL-FA 900-BBK 120/240 VAC [BULLETIN 023, 251218]",VON,,,Von Duprin,,True,173,"[80.1, 94.6, 533.6, 128.6]",
250,,False,,"173, 174",0.93,6,EA,HEAVYWEIGHT HINGE,5BB1HW 4.5 X 4.5 - NRP AT OUTSWINGING LOCKING DOORS,IVE,652,,Ives,Satin chrome plated steel,False,173,"[80.1, 302.6, 528.0, 336.7]",
250,,False,,"173, 174",0.93,2,EA,POWER TRANSFER,EPT10 CON,VON,689,,Von Duprin,Aluminum painted,True,173,"[80.1, 339.0, 533.6, 350.1]",
250,,False,,"173, 174",0.93,2,EA,ELEC FIRE EXIT HARDWARE,RX-LC-QEL-9827-EO-F- LBR/LBRAFL-499F-CON-SNB 24 VDC,VON,630,,Von Duprin,Satin stainless steel,True,173,"[80.1, 352.6, 533.6, 386.6]",
250,,False,,"173, 174",0.93,2,EA,MAGNETIC LOCK,M490P ATS/LED 12/24 VDC X PLATES X BKTS - AS REQUIRED,SCE,628,,Schlage Electronics,"Satin aluminum, clear anodized",True,173,"[80.1, 412.0, 532.5, 446.2]",
250,,False,,"173, 174",0.93,2,EA,AUTOMATIC OPERATOR,BY RELATED SECTION 08 71 13,B/O,,,By Others,,True,173,"[80.1, 448.6, 529.1, 471.1]",
250,,False,,"173, 174",0.93,1,EA,WALL STOP,WS401/402CCV,IVE,626,,Ives,Satin chrome,False,173,"[80.1, 473.6, 528.0, 484.7]",
250,,False,,"173, 174",0.93,2,EA,WIRE HARNESS - IN DOOR,CON - LENGTH AS REQUIRED - FROM LOCK TO EPT,SCH,,,Schlage,,True,173,"[80.1, 487.0, 533.0, 509.6]",
250,,False,,"173, 174",0.93,2,EA,WIRE HARNESS CONNECTOR - IN FRAME,CON - 6W - FROM CON TO POWER SUPPLY,SCH,,,Schlage,,True,173,"[80.1, 512.1, 533.0, 546.1]",
250,,False,,"173, 174",0.93,1,EA,MULTITECH CREDENTIAL READER,PROVIDED BY DIV 28 - MTB15 OR MTB11 AS REQUIRED,SCE,BLK,,Schlage Electronics,Black,True,173,"[80.1, 548.6, 532.5, 571.2]",
250,,False,,"173, 174",0.93,2,EA,DOOR POSITION SWITCH - AS REQUIRED,BY DIVISION 28,B/O,,,By Others,,True,173,"[80.1, 573.5, 529.1, 596.2]",
250,,False,,"173, 174",0.93,1,EA,POWER SUPPLY,PS904 900-4RL-FA 900-BBK 120/240 VAC,VON,,,Von Duprin,,True,173,"[80.1, 598.5, 533.6, 621.2]",
251,,False,,174,0.95,1,EA,PIVOT SET,7230F SET,IVE,630,,Ives,Satin stainless steel,False,174,"[80.1, 277.6, 528.0, 288.7]",
251,,False,,174,0.95,1,EA,INTERMEDIATE PIVOT,7230F INT,IVE,630,,Ives,Satin stainless steel,False,174,"[80.1, 291.0, 528.0, 302.1]",
251,,False,,174,0.95,1,EA,MAGNETIC LOCK,M490P ATS/LED 12/24 VDC X PLATES X BKTS - AS REQUIRED,SCE,628,,Schlage Electronics,"Satin aluminum, clear anodized",True,174,"[80.1, 304.6, 532.5, 338.6]",
251,,False,,174,0.95,1,EA,PUSH PLATE,"8200 4"" X 16""",IVE,630,,Ives,Satin stainless steel,False,174,"[80.1, 341.1, 528.0, 352.2]",
251,,False,,174,0.95,1,EA,PULL PLATE,"8303 10"" 4"" X 16""",IVE,630,,Ives,Satin stainless steel,False,174,"[80.1, 354.5, 528.0, 365.6]",
251,,False,,174,0.95,1,EA,AUTOMATIC OPERATOR,BY RELATED SECTION 08 71 13,B/O,,,By Others,,True,174,"[80.1, 368.1, 529.1, 390.7]",
251,,False,,174,0.95,2,EA,WAVE ACTUATOR,BY RELATED SECTION 08 71 13 - PROVIDE ADDITIONAL WAVE PLATES AS REQUIRED PER ARCHITECTURAL DRAWINGS.,B/O,,,By Others,,True,174,"[80.1, 393.0, 529.1, 450.1]",
251,,False,,174,0.95,1,EA,ARMOR PLATE - AS REQUIRED,"8400/8402 34"" HIGH LDW B-CS",IVE,630,,Ives,Satin stainless steel,False,174,"[80.1, 452.6, 528.0, 475.2]",
251,,False,,174,0.95,2,EA,SILENCER,SR64,IVE,GRY,,Ives,Gray,False,174,"[80.1, 477.5, 528.0, 488.6]",
252,,False,,"174, 175",0.93,3,EA,HEAVYWEIGHT HINGE,5BB1HW 4.5 X 4.5 - NRP AT OUTSWINGING LOCKING DOORS,IVE,652,,Ives,Satin chrome plated steel,False,175,"[80.1, 69.5, 528.0, 103.6]",
252,,False,,"174, 175",0.93,1,EA,POWER TRANSFER,EPT10 CON,VON,689,,Von Duprin,Aluminum painted,True,175,"[80.1, 106.1, 533.6, 117.2]",
252,,False,,"174, 175",0.93,1,EA,FIRE EXIT HARDWARE,"98-L-BE-F-RX996-06SS-CON- SNB [BULLETIN 023, 251218]",VON,630,,Von Duprin,Satin stainless steel,False,175,"[80.1, 119.5, 533.6, 153.7]",
252,,False,,"174, 175",0.93,1,EA,DELAYED EGRESS MAG,M490DEP MTG BRKT & VOLTAGE AS REQ,SCE,628,,Schlage Electronics,"Satin aluminum, clear anodized",True,175,"[80.1, 156.0, 532.5, 178.6]",
252,,False,,"174, 175",0.93,1,EA,SURFACE CLOSER,4040XP SCUSH TBSRT,LCN,689,,LCN,Aluminum painted,False,175,"[80.1, 181.1, 531.9, 192.2]",
252,,False,,"174, 175",0.93,1,EA,KICK PLATE,"8400 10"" HIGH LDW B-CS",IVE,630,,Ives,Satin stainless steel,False,175,"[80.1, 194.5, 528.0, 205.6]",
252,,False,,"174, 175",0.93,1,EA,WIRE HARNESS - IN DOOR,"CON - LENGTH AS REQUIRED - FROM LOCK TO EPT [BULLETIN 023, 251218]",SCH,,,Schlage,,True,175,"[80.1, 208.1, 533.0, 242.1]",
252,,False,,"174, 175",0.93,1,EA,WIRE HARNESS CONNECTOR - IN FRAME,"CON - 6W - FROM CON TO POWER SUPPLY [BULLETIN 023, 251218]",SCH,,,Schlage,,True,175,"[80.1, 244.6, 533.0, 278.6]",
252,,False,,"174, 175",0.93,1,EA,POWER SUPPLY - AS REQUIRED,BY DIVISION 28,B/O,,,By Others,,True,175,"[80.1, 281.1, 529.1, 303.7]",
252,,False,,"174, 175",0.93,1,EA,MULTITECH CREDENTIAL READER,PROVIDED BY DIV 28 - MTB15 OR MTB11 AS REQUIRED,SCE,BLK,,Schlage Electronics,Black,True,175,"[80.1, 306.0, 532.5, 328.7]",
252,,False,,"174, 175",0.93,1,EA,CREDENTIAL POWER SUPPLY,BY DIVISION 28,B/O,,,By Others,,True,175,"[80.1, 331.0, 529.1, 353.6]",
252,,False,,"174, 175",0.93,1,,DIAGRAMS,PROVIDE FACTORY POINT TO POINT WIRING DIAGRAMS,,,,,,False,175,"[80.1, 477.1, 414.3, 499.7]",
253,,False,,"175, 176",0.96,2,EA,PIVOT SET,7230F SET,IVE,630,,Ives,Satin stainless steel,False,175,"[80.1, 627.6, 528.0, 638.7]",
253,,False,,"175, 176",0.96,2,EA,INTERMEDIATE PIVOT,7230F INT,IVE,630,,Ives,Satin stainless steel,False,175,"[80.1, 641.1, 528.0, 652.2]",
253,,False,,"175, 176",0.96,1,EA,CONST LATCHING BOLT,FB51T/FB61T - AS REQUIRED,IVE,630,,Ives,Satin stainless steel,False,175,"[80.1, 654.6, 528.0, 665.7]",
253,,False,,"175, 176",0.96,1,EA,PUSH/PULL LATCH,"HL6 5"" A L",SCH,626,,Schlage,Satin chrome,False,175,"[80.1, 668.1, 533.0, 679.2]",
253,,False,,"175, 176",0.96,1,EA,OH STOP,90S X J BKT - AS REQUIRED - STOP TO BE MOUNTED ON ROOM SIDE,GLY,630,,Glynn-Johnson,Satin stainless steel,False,176,"[80.1, 69.5, 531.3, 103.6]",
253,,False,,"175, 176",0.96,1,EA,WALL STOP,WS401/402CCV,IVE,626,,Ives,Satin chrome,False,176,"[80.1, 106.1, 528.0, 117.2]",
253,,False,,"175, 176",0.96,1,EA,ASTRAGAL,Overlapping Lead Lined Astragal by Lead Lined Door Mfgr.,B/O,,,By Others,,False,176,"[80.1, 119.5, 529.1, 142.2]",
254,,False,,176,0.9,6,EA,HEAVYWEIGHT HINGE,5BB1HW 4.5 X 4.5 - NRP AT OUTSWINGING LOCKING DOORS,IVE,652,,Ives,Satin chrome plated steel,False,176,"[80.1, 354.5, 528.0, 388.7]",
254,,False,,176,0.9,1,EA,FIRE EXIT HARDWARE,9827-L-BE-L-LBR/LBRAFL- 06SS-499F-SNB,VON,630/62 6,,Von Duprin,,False,176,"[80.1, 391.0, 533.6, 413.6]",finish
254,,False,,176,0.9,1,EA,FIRE EXIT HARDWARE,9827-L-BE-L-LBR/LBRAFL- 06SS-499F-SNB,VON,630/62 6,,Von Duprin,,False,176,"[80.1, 439.0, 533.6, 461.6]",finish
254,,False,,176,0.9,2,EA,FIRE/LIFE HOLDER,4040SEH SEH TBWMS120V AC/DC,LCN,689,,LCN,Aluminum painted,True,176,"[80.1, 487.0, 531.9, 509.6]",
254,,False,,176,0.9,2,EA,SURFACE CLOSER,4040XP CUSH,LCN,689,,LCN,Aluminum painted,False,176,"[80.1, 512.1, 531.9, 523.2]",
255,,False,,"176, 177",0.94,1,EA,PIVOT SET,7230F SET,IVE,630,,Ives,Satin stainless steel,False,177,"[80.1, 112.1, 528.0, 123.2]",
255,,False,,"176, 177",0.94,1,EA,INTERMEDIATE PIVOT,7230F INT,IVE,630,,Ives,Satin stainless steel,False,177,"[80.1, 125.5, 528.0, 136.6]",
255,,False,,"176, 177",0.94,1,EA,POWER TRANSFER,EPT10 CON,VON,689,,Von Duprin,Aluminum painted,True,177,"[80.1, 139.1, 533.6, 150.2]",
255,,False,,"176, 177",0.94,1,EA,INTEGRATED LOCK,AD-300-CY-70-MT-RHO-B 12/24 VDC,SCE,626,,Schlage Electronics,Satin chrome,True,177,"[80.1, 152.5, 532.5, 175.2]",
255,,False,,"176, 177",0.94,1,EA,SFIC CONST. CORE - CONSTRUCTION PHASE,80-035 GRN,SCH,,,Schlage,,False,177,"[80.1, 177.5, 533.0, 200.1]",
255,,False,,"176, 177",0.94,1,EA,PERMANENT CORE - COMBINATED,1C72,BES,626,,Best,Satin chrome,False,177,"[80.1, 202.6, 532.0, 225.2]",
255,,False,,"176, 177",0.94,1,EA,SURFACE CLOSER,4040XP REG TBSRT/ 4040XP EDA TBSRT - AS REQUIRED,LCN,689,,LCN,Aluminum painted,False,177,"[80.1, 227.5, 531.9, 250.2]",
255,,False,,"176, 177",0.94,1,EA,WALL STOP,WS401/402CCV,IVE,626,,Ives,Satin chrome,False,177,"[80.1, 252.5, 528.0, 263.6]",
255,,False,,"176, 177",0.94,3,EA,SILENCER,SR64,IVE,GRY,,Ives,Gray,False,177,"[80.1, 266.1, 528.0, 277.2]",
255,,False,,"176, 177",0.94,1,EA,WIRE HARNESS - IN DOOR,CON - LENGTH AS REQUIRED - FROM LOCK TO EPT,SCH,,,Schlage,,True,177,"[80.1, 279.5, 533.0, 302.1]",
255,,False,,"176, 177",0.94,1,EA,WIRE HARNESS CONNECTOR - IN FRAME,CON - 6W - FROM CON TO POWER SUPPLY,SCH,,,Schlage,,True,177,"[80.1, 304.6, 533.0, 338.6]",
255,,False,,"176, 177",0.94,1,EA,POWER SUPPLY - AS REQUIRED,BY DIVISION 28,B/O,,,By Others,,True,177,"[80.1, 341.1, 529.1, 363.7]",
255,,False,,"176, 177",0.94,,,DIAGRAMS,PROVIDE FACTORY POINT TO POINT WIRING DIAGRAMS,,,,,,False,177,"[141.9, 414.0, 414.3, 436.7]",
258,,False,,"177, 178",0.91,4,EA,PATCH FITTINGS,BY GLASS DOOR MANUFACTURER,,,,,,False,177,"[80.1, 635.6, 353.8, 658.2]",
258,,False,,"177, 178",0.91,2,EA,PIVOT SET,BY GLASS DOOR MANUFACTURER,,,,,,False,177,"[80.1, 660.6, 353.8, 683.2]",
258,,False,,"177, 178",0.91,2,EA,MAGNETIC LOCK - COORDINATE WITH GLASS,M490P HDB490 ATS/LED 12/24 VDC,SCE,628,,Schlage Electronics,"Satin aluminum, clear anodized",True,178,"[80.1, 69.5, 532.5, 103.6]",
258,,False,,"177, 178",0.91,2,PR,BACK TO BACK LONG DOOR PULLS,BY GLASS DOOR MANUFACTURER,,,,,,False,178,"[80.1, 106.1, 353.8, 128.6]",
258,,False,,"177, 178",0.91,1,EA,AUTOMATIC OPERATOR,BY RELATED SECTION 08 71 13,B/O,,,By Others,,True,178,"[80.1, 131.0, 529.1, 153.7]",
258,,False,,"177, 178",0.91,2,EA,WAVE ACTUATOR,BY RELATED SECTION 08 71 13,B/O,,,By Others,,True,178,"[80.1, 156.0, 529.1, 178.6]",
258,,False,,"177, 178",0.91,1,EA,REQUEST TO EXIT / MOTION SENSOR,FURNISHED BY DIVISION 28,B/O,,,By Others,,True,178,"[80.1, 181.1, 529.1, 203.6]",
258,,False,,"177, 178",0.91,1,EA,MULTITECH CREDENTIAL READER,PROVIDED BY DIV 28 - MTB15 OR MTB11 AS REQUIRED,SCE,BLK,,Schlage Electronics,Black,True,178,"[80.1, 206.0, 532.5, 228.7]",
258,,False,,"177, 178",0.91,1,EA,CREDENTIAL POWER SUPPLY,BY DIVISION 28,B/O,,,By Others,,True,178,"[80.1, 231.0, 529.1, 253.6]",
263,,False,,"178, 179",0.93,3,EA,HEAVYWEIGHT HINGE,5BB1HW 4.5 X 4.5 - NRP AT OUTSWINGING LOCKING DOORS,IVE,652,,Ives,Satin chrome plated steel,False,178,"[80.1, 533.1, 528.0, 567.1]",
263,,False,,"178, 179",0.93,1,EA,POWER TRANSFER,EPT10 CON,VON,689,,Von Duprin,Aluminum painted,True,178,"[80.1, 569.6, 533.6, 580.7]",
263,,False,,"178, 179",0.93,1,EA,INTEGRATED PRIVACY LOCK,AD-300-CY-40-MT-RHO-B 12/24 VDC,SCE,626,,Schlage Electronics,Satin chrome,True,178,"[80.1, 583.0, 532.5, 605.7]",
263,,False,,"178, 179",0.93,1,EA,SFIC CONST. CORE - CONSTRUCTION PHASE,80-035 GRN,SCH,,,Schlage,,False,178,"[80.1, 608.1, 533.0, 630.6]",
263,,False,,"178, 179",0.93,1,EA,PERMANENT CORE - COMBINATED,1C72,BES,626,,Best,Satin chrome,False,178,"[80.1, 633.1, 532.5, 655.7]",
263,,False,,"178, 179",0.93,1,EA,DELAYED SURFACE CLOSER,4041 DEL REG TBSRT/ 4041 DEL EDA TBSRT - AS REQUIRED,LCN,689,,LCN,Aluminum painted,False,178,"[80.1, 658.0, 532.5, 692.2]",
263,,False,,"178, 179",0.93,1,EA,WALL STOP,WS401/402CCV,IVE,626,,Ives,Satin chrome,False,178,"[80.1, 694.5, 528.0, 705.6]",
263,,False,,"178, 179",0.93,3,EA,SILENCER,SR64,IVE,GRY,,Ives,Gray,False,179,"[80.1, 69.5, 528.0, 80.6]",
263,,False,,"178, 179",0.93,,,DIAGRAMS,PROVIDE FACTORY POINT TO POINT WIRING DIAGRAMS,,,,,,False,179,"[141.9, 215.5, 415.0, 238.2]",
265,,False,,"179, 180",0.94,3,EA,HEAVYWEIGHT HINGE,5BB1HW 4.5 X 4.5 - NRP AT OUTSWINGING LOCKING DOORS,IVE,652,,Ives,Satin chrome plated steel,False,179,"[80.1, 412.0, 528.0, 446.2]",
265,,False,,"179, 180",0.94,1,EA,POWER TRANSFER,EPT10 CON,VON,689,,Von Duprin,Aluminum painted,True,179,"[80.1, 448.6, 533.6, 459.7]",
265,,False,,"179, 180",0.94,1,EA,"FAIL SECURE CYLINDRICAL LOCK, RX",9K37DEU 15D RQE - PROVIDE BRASS CONSTRUCTION CORE,BES,626,,Best,Satin chrome,True,179,"[80.1, 462.1, 532.5, 496.2]",
265,,False,,"179, 180",0.94,1,EA,PERMANENT CORE - COMBINATED,1C72,BES,626,,Best,Satin chrome,False,179,"[80.1, 498.5, 532.5, 521.2]",
265,,False,,"179, 180",0.94,1,EA,SURFACE CLOSER,4040XP REG TBSRT/ 4040XP EDA TBSRT - AS REQUIRED,LCN,689,,LCN,Aluminum painted,False,179,"[80.1, 523.6, 532.5, 546.1]",
265,,False,,"179, 180",0.94,1,EA,KICK PLATE,"8400 10"" HIGH LDW B-CS",IVE,630,,Ives,Satin stainless steel,False,179,"[80.1, 548.6, 528.0, 559.7]",
265,,False,,"179, 180",0.94,1,EA,WALL STOP,WS401/402CCV,IVE,626,,Ives,Satin chrome,False,179,"[80.1, 562.0, 528.0, 573.1]",
265,,False,,"179, 180",0.94,1,EA,GASKETING SET,188SBK PSA,ZER,BK,,Zero International,Black,False,179,"[80.1, 575.6, 531.9, 586.7]",
265,,False,,"179, 180",0.94,1,EA,DOOR SWEEP,39A,ZER,A,,Zero International,Anodized aluminum,False,179,"[80.1, 589.0, 531.9, 600.1]",
265,,False,,"179, 180",0.94,1,EA,THRESHOLD,655A-EL-V3-226,ZER,A,,Zero International,Anodized aluminum,False,179,"[80.1, 602.6, 531.9, 613.7]",
265,,False,,"179, 180",0.94,1,EA,WIRE HARNESS - IN DOOR,CON - LENGTH AS REQUIRED - FROM LOCK TO EPT,SCH,,,Schlage,,True,179,"[80.1, 616.0, 533.0, 638.7]",
265,,False,,"179, 180",0.94,1,EA,WIRE HARNESS CONNECTOR - IN FRAME,CON - 6W - FROM CON TO POWER SUPPLY,SCH,,,Schlage,,True,179,"[80.1, 641.1, 533.0, 675.2]",
265,,False,,"179, 180",0.94,1,EA,POWER SUPPLY - AS REQUIRED,BY DIVISION 28,B/O,,,By Others,,True,179,"[80.1, 677.6, 529.7, 700.2]",
265,,False,,"179, 180",0.94,1,EA,MULTITECH CREDENTIAL READER,PROVIDED BY DIV 28 - MTB15 OR MTB11 AS REQUIRED,SCE,BLK,,Schlage Electronics,Black,True,180,"[80.1, 69.5, 532.5, 92.1]",
265,,False,,"179, 180",0.94,1,EA,DOOR POSITION SWITCH - AS REQUIRED,BY DIVISION 28,B/O,,,By Others,,True,180,"[80.1, 94.6, 529.7, 117.2]",
266,,False,,180,0.96,3,EA,HEAVYWEIGHT HINGE,5BB1HW 4.5 X 4.5 - NRP AT OUTSWINGING LOCKING DOORS,IVE,652,,Ives,Satin chrome plated steel,False,180,"[80.1, 485.1, 528.0, 519.1]",
266,,False,,180,0.96,1,EA,PUSH/PULL LATCH,"HL6 5"" A",SCH,626,,Schlage,Satin chrome,False,180,"[80.1, 521.6, 533.0, 532.7]",
266,,False,,180,0.96,1,EA,SURFACE CLOSER,4040XP SCUSH TBSRT,LCN,689,,LCN,Aluminum painted,False,180,"[80.1, 535.0, 532.5, 546.1]",
266,,False,,180,0.96,1,EA,GASKETING SET,188SBK PSA,ZER,BK,,Zero International,Black,False,180,"[80.1, 548.6, 531.9, 559.7]",
266,,False,,180,0.96,1,EA,DOOR BOTTOM,369AA-Z49,ZER,AA,,Zero International,Anodized aluminum,False,180,"[80.1, 562.0, 531.9, 573.1]",
267,,False,,"180, 181",0.96,6,EA,HEAVYWEIGHT HINGE,5BB1HW 4.5 X 4.5 - NRP AT OUTSWINGING LOCKING DOORS,IVE,652,,Ives,Satin chrome plated steel,False,181,"[80.1, 135.0, 528.0, 169.2]",
267,,False,,"180, 181",0.96,1,EA,CONST LATCHING BOLT,FB51T/FB61T - AS REQUIRED,IVE,630,,Ives,Satin stainless steel,False,181,"[80.1, 171.5, 528.0, 182.6]",
267,,False,,"180, 181",0.96,1,EA,PASSAGE SET,9K30N 15D,BES,626,,Best,Satin chrome,False,181,"[80.1, 185.0, 532.5, 196.2]",
267,,False,,"180, 181",0.96,1,EA,SURFACE CLOSER,4040XP REG TBSRT/ 4040XP EDA TBSRT - AS REQUIRED,LCN,689,,LCN,Aluminum painted,False,181,"[80.1, 198.5, 532.5, 221.1]",
267,,False,,"180, 181",0.96,2,EA,KICK PLATE,"8400 10"" HIGH LDW B-CS",IVE,630,,Ives,Satin stainless steel,False,181,"[80.1, 223.6, 528.0, 234.7]",
267,,False,,"180, 181",0.96,2,EA,WALL STOP,WS401/402CCV,IVE,626,,Ives,Satin chrome,False,181,"[80.1, 237.0, 528.0, 248.1]",
268,,False,,"181, 182",0.94,6,EA,HEAVYWEIGHT HINGE,5BB1HW 4.5 X 4.5 - NRP AT OUTSWINGING LOCKING DOORS,IVE,652,,Ives,Satin chrome plated steel,False,181,"[80.1, 520.0, 528.0, 554.2]",
268,,False,,"181, 182",0.94,2,EA,FIRE EXIT HARDWARE,9827-EO-F-LBR/LBRAFL-499F- SNB,VON,626,,Von Duprin,Satin chrome,False,181,"[80.1, 556.5, 533.6, 579.1]",
268,,False,,"181, 182",0.94,2,EA,DELAYED SURFACE CLOSER,4041 DEL REG TBSRT/ 4041 DEL EDA TBSRT - AS REQUIRED,LCN,689,,LCN,Aluminum painted,False,181,"[80.1, 581.6, 532.5, 615.6]",
268,,False,,"181, 182",0.94,2,EA,KICK PLATE,"8400 10"" HIGH LDW B-CS",IVE,630,,Ives,Satin stainless steel,False,181,"[80.1, 618.1, 528.0, 629.2]",
268,,False,,"181, 182",0.94,2,EA,WALL STOP,WS401/402CCV,IVE,626,,Ives,Satin chrome,False,181,"[80.1, 631.5, 528.0, 642.6]",
269,,False,,182,0.94,6,EA,HEAVYWEIGHT HINGE,5BB1HW 4.5 X 4.5 - NRP AT OUTSWINGING LOCKING DOORS,IVE,652,,Ives,Satin chrome plated steel,False,182,"[80.1, 302.6, 528.0, 336.7]",
269,,False,,182,0.94,1,EA,POWER TRANSFER,EPT10 CON,VON,689,,Von Duprin,Aluminum painted,True,182,"[80.1, 339.0, 533.6, 350.1]",
269,,False,,182,0.94,1,EA,CONST LATCHING BOLT,FB51T/FB61T - AS REQUIRED,IVE,630,,Ives,Satin stainless steel,False,182,"[80.1, 352.6, 528.0, 363.7]",
269,,False,,182,0.94,1,EA,INTEGRATED LOCK,AD-300-CY-70-MT-RHO-B 12/24 VDC,SCE,626,,Schlage Electronics,Satin chrome,True,182,"[80.1, 366.0, 532.5, 388.7]",
269,,False,,182,0.94,1,EA,OH STOP,90S X J BKT - AS REQUIRED - STOP TO BE MOUNTED ON ROOM SIDE,GLY,630,,Glynn-Johnson,Satin stainless steel,False,182,"[80.1, 391.0, 531.6, 425.1]",
269,,False,,182,0.94,1,EA,WALL STOP,WS401/402CCV,IVE,626,,Ives,Satin chrome,False,182,"[80.1, 427.6, 528.0, 438.7]",
269,,False,,182,0.94,2,EA,WIRE HARNESS - IN DOOR,CON - LENGTH AS REQUIRED - FROM LOCK TO EPT,SCH,,,Schlage,,True,182,"[80.1, 441.1, 533.0, 463.7]",
269,,False,,182,0.94,2,EA,WIRE HARNESS CONNECTOR - IN FRAME,CON - 6W - FROM CON TO POWER SUPPLY,SCH,,,Schlage,,True,182,"[80.1, 466.0, 533.0, 500.2]",
269,,False,,182,0.94,1,EA,POWER SUPPLY - AS REQUIRED,BY DIVISION 28,B/O,,,By Others,,True,182,"[80.1, 502.6, 529.7, 525.1]",
270,,False,,183,0.9,1,EA,MULTITECH CREDENTIAL READER,PROVIDED BY DIV 28 - MTB15 OR MTB11 AS REQUIRED,SCE,BLK,,Schlage Electronics,Black,True,183,"[80.1, 310.0, 532.5, 332.6]",
270,,False,,183,0.9,1,EA,CREDENTIAL POWER SUPPLY,BY DIVISION 28,B/O,,,By Others,,True,183,"[80.1, 335.1, 529.7, 357.7]",
270,,False,,183,0.9,,EA,ALL HARDWARE,BY SLIDING DOOR MANUFACTURER,,,,,,False,183,"[108.5, 360.0, 360.2, 382.7]",
