set_number,set_description,not_used,doors,set_pages,set_confidence,qty,unit,description,catalog_number,mfr,finish,notes,mfr_name,finish_name,electrified,component_page,component_bbox,low_confidence_fields
001,,False,,715,0.93,1,EA,MORTISE CYLINDER,20-061 ICX W/KEYED CONST. CORE,SCH,626,,Schlage,Satin chrome,,715,"[80.1, 488.2, 529.6, 510.8]",
001,,False,,715,0.93,1,EA,FSIC PERMANENT CORE,23-030,SCH,626,,Schlage,Satin chrome,,715,"[80.1, 513.2, 529.6, 524.3]",
001,,False,,715,0.93,1,,NOTE,BALANCE OF HARDWARE BY DOOR Mfr,,,,,,,715,"[80.1, 526.7, 430.5, 549.4]",
005,,False,,715,0.87,,EA,NOTE,ALL HARDWARE BY DOOR MANUFACTURER,,,,,,,715,"[111.3, 635.8, 417.7, 658.5]",
005.1,,False,,716,0.87,,EA,NOTE,ALL HARDWARE BY DOOR MANUFACTURER,,,,,,,716,"[111.3, 115.8, 417.7, 138.4]",
101,,False,,716,0.95,3,EA,HINGE,5BB1 4.5 X 4.5,IVE,652,"(PROVIDE NRP @ OUTSWING, LOCKABLE DOORS)",Ives,Satin chrome plated steel,,716,"[80.1, 196.0, 524.7, 230.1]",
101,,False,,716,0.95,1,EA,MORTISE LOCK,64-8205 FEJ 26D OFFICE FUNCTION,SAR,626,,Sargent,Satin chrome,,716,"[80.1, 232.4, 529.1, 255.1]",
101,,False,,716,0.95,1,EA,LFIC PERMANENT CORE,MATCH EXISTING KEY SYSTEM,SAR,626,,Sargent,Satin chrome,,716,"[80.1, 257.6, 529.1, 268.7]",
101,,False,,716,0.95,1,EA,SURFACE CLOSER,"4040XP RW/PA TBWMS X MTG BRKT, SPCR & PLATE AS REQ",LCN,689,,LCN,Aluminum painted,,716,"[80.1, 271.0, 528.6, 293.6]",
101,,False,,716,0.95,1,EA,KICK PLATE,"8400 10"" X 2"" LDW B-CS",IVE,630,,Ives,Satin stainless steel,,716,"[80.1, 296.0, 524.7, 307.1]",
101,,False,,716,0.95,1,EA,WALL STOP,WS406/407CCV,IVE,630,,Ives,Satin stainless steel,,716,"[80.1, 309.5, 524.7, 320.6]",
101,,False,,716,0.95,1,EA,GASKETING,488S PSA H & J (USE SILENCERS @ NON-RATED DOORS),ZER,BK,,Zero International,Black,,716,"[80.1, 323.0, 528.6, 345.6]",
101.1,,False,,716,0.95,3,EA,HINGE,5BB1 4.5 X 4.5,IVE,652,"(PROVIDE NRP @ OUTSWING, LOCKABLE DOORS)",Ives,Satin chrome plated steel,,716,"[80.1, 403.1, 524.7, 437.3]",
101.1,,False,,716,0.95,1,EA,CYLINDRICAL LOCK,10-64-10XG05 LL 26D OFFICE FUNCTION,SAR,626,,Sargent,Satin chrome,,716,"[80.1, 439.6, 529.1, 462.2]",
101.1,,False,,716,0.95,1,EA,LFIC PERMANENT CORE,MATCH EXISTING KEY SYSTEM,SAR,626,,Sargent,Satin chrome,,716,"[80.1, 464.7, 529.1, 475.8]",
101.1,,False,,716,0.95,1,EA,SURFACE CLOSER,"4040XP RW/PA TBWMS X MTG BRKT, SPCR & PLATE AS REQ",LCN,689,,LCN,Aluminum painted,,716,"[80.1, 478.1, 528.6, 500.8]",
101.1,,False,,716,0.95,1,EA,KICK PLATE,"8400 10"" X 2"" LDW B-CS",IVE,630,,Ives,Satin stainless steel,,716,"[80.1, 503.2, 524.7, 514.3]",
101.1,,False,,716,0.95,1,EA,WALL STOP,WS406/407CCV,IVE,630,,Ives,Satin stainless steel,,716,"[80.1, 516.7, 524.7, 527.8]",
101.1,,False,,716,0.95,1,EA,GASKETING,488S PSA H & J (USE SILENCERS @ NON-RATED DOORS),ZER,BK,,Zero International,Black,,716,"[80.1, 530.2, 528.6, 552.7]",
101AC,,False,,716,0.95,1,EA,CONT. HINGE,112XY,IVE,628,,Ives,"Satin aluminum, clear anodized",,716,"[80.1, 610.3, 524.7, 621.4]",
101AC,,False,,716,0.95,1,EA,MORTISE LOCK,64-8205 FEJ 26D OFFICE FUNCTION,SAR,626,,Sargent,Satin chrome,,716,"[80.1, 623.8, 529.1, 646.5]",
101AC,,False,,716,0.95,1,EA,LFIC PERMANENT CORE,MATCH EXISTING KEY SYSTEM,SAR,626,,Sargent,Satin chrome,,716,"[80.1, 648.8, 529.1, 659.9]",
101AC,,False,,716,0.95,1,EA,SURFACE CLOSER,"4040XP SCUSH X TBWMS X MTG BRKT, SPCR & PLATE AS REQ",LCN,689,,LCN,Aluminum painted,,716,"[80.1, 662.4, 528.6, 685.0]",
101AC,,False,,716,0.95,1,SET,SEAL,PERIMETER SEAL BY FRAME MFR,,,,,,,716,"[80.1, 687.3, 454.8, 698.4]",
101T.1,,False,,717,0.95,4,EA,HINGE,5BB1 4.5 X 4.5,IVE,652,"(PROVIDE NRP @ OUTSWING, LOCKABLE DOORS)",Ives,Satin chrome plated steel,,717,"[80.1, 115.8, 524.7, 150.0]",
101T.1,,False,,717,0.95,1,EA,CYLINDRICAL LOCK,10-64-10XG05 LL 26D OFFICE FUNCTION,SAR,626,,Sargent,Satin chrome,,717,"[80.1, 152.3, 529.1, 174.9]",
101T.1,,False,,717,0.95,1,EA,LFIC PERMANENT CORE,MATCH EXISTING KEY SYSTEM,SAR,626,,Sargent,Satin chrome,,717,"[80.1, 177.4, 529.1, 188.5]",
101T.1,,False,,717,0.95,1,EA,SURFACE CLOSER,"4040XP RW/PA TBWMS X MTG BRKT, SPCR & PLATE AS REQ",LCN,689,,LCN,Aluminum painted,,717,"[80.1, 190.8, 528.6, 213.4]",
101T.1,,False,,717,0.95,1,EA,KICK PLATE,"8400 10"" X 2"" LDW B-CS",IVE,630,,Ives,Satin stainless steel,,717,"[80.1, 215.9, 524.7, 227.0]",
101T.1,,False,,717,0.95,1,EA,WALL STOP,WS406/407CCV,IVE,630,,Ives,Satin stainless steel,,717,"[80.1, 229.3, 524.7, 240.4]",
101T.1,,False,,717,0.95,1,EA,GASKETING,488S PSA H & J (USE SILENCERS @ NON-RATED DOORS),ZER,BK,,Zero International,Black,,717,"[80.1, 242.9, 528.6, 265.4]",
103.1,,False,,717,0.95,3,EA,HINGE,5BB1 4.5 X 4.5,IVE,652,,Ives,Satin chrome plated steel,,717,"[80.1, 323.0, 524.7, 334.1]",
103.1,,False,,717,0.95,1,EA,CYLINDRICAL LOCK,10-64-10XG05 LL 26D OFFICE FUNCTION,SAR,626,,Sargent,Satin chrome,,717,"[80.1, 336.5, 529.1, 359.1]",
103.1,,False,,717,0.95,1,EA,LFIC PERMANENT CORE,MATCH EXISTING KEY SYSTEM,SAR,626,,Sargent,Satin chrome,,717,"[80.1, 361.5, 529.1, 372.6]",
103.1,,False,,717,0.95,1,EA,WALL STOP,WS406/407CCV,IVE,630,,Ives,Satin stainless steel,,717,"[80.1, 375.0, 524.7, 386.1]",
103.1,,False,,717,0.95,1,EA,GASKETING,488S PSA H & J (USE SILENCERS @ NON-RATED DOORS) (PERIMETER SEAL BY ALF MFR @ ALF),ZER,BK,,Zero International,Black,,717,"[80.1, 388.5, 528.6, 434.2]",
103K.1,,False,,717,0.95,3,EA,HINGE,5BB1 4.5 X 4.5,IVE,652,"(PROVIDE NRP @ OUTSWING, LOCKABLE DOORS)",Ives,Satin chrome plated steel,,717,"[76.0, 491.7, 520.6, 525.7]",
103K.1,,False,,717,0.95,1,EA,CYLINDRICAL LOCK,10-64-10XG05 LL 26D OFFICE FUNCTION,SAR,626,,Sargent,Satin chrome,,717,"[76.0, 528.2, 525.0, 550.8]",
103K.1,,False,,717,0.95,1,EA,CYLINDER,AS REQUIRED CYLINDER FOR KEYSWITCH,SAR,626,,Sargent,Satin chrome,,717,"[76.0, 553.1, 525.0, 575.8]",
103K.1,,False,,717,0.95,2,EA,LFIC PERMANENT CORE,MATCH EXISTING KEY SYSTEM,SAR,626,,Sargent,Satin chrome,,717,"[76.0, 578.2, 525.0, 589.4]",
103K.1,,False,,717,0.95,1,EA,WALL STOP,WS406/407CCV,IVE,630,,Ives,Satin stainless steel,,717,"[76.0, 591.7, 520.6, 602.8]",
103K.1,,False,,717,0.95,3,EA,SILENCER,SR64,IVE,GRY,,Ives,Gray,,717,"[76.0, 605.1, 520.6, 616.2]",
103K.1,,False,,717,0.95,1,EA,KEY SWITCH,AS SPECIFIED IN DIVISION 28,B/O,,,By Others,,,717,"[76.0, 618.7, 521.7, 629.8]",
103T.1,,False,,718,0.95,4,EA,HINGE,5BB1 4.5 X 4.5,IVE,652,,Ives,Satin chrome plated steel,,718,"[76.0, 115.8, 520.6, 126.9]",
103T.1,,False,,718,0.95,1,EA,CYLINDRICAL LOCK,10-64-10XG05 LL 26D OFFICE FUNCTION,SAR,626,,Sargent,Satin chrome,,718,"[76.0, 129.4, 525.0, 152.0]",
103T.1,,False,,718,0.95,1,EA,LFIC PERMANENT CORE,MATCH EXISTING KEY SYSTEM,SAR,626,,Sargent,Satin chrome,,718,"[76.0, 154.3, 525.0, 165.4]",
103T.1,,False,,718,0.95,1,EA,WALL STOP,WS406/407CCV,IVE,630,,Ives,Satin stainless steel,,718,"[76.0, 167.9, 520.6, 179.0]",
103T.1,,False,,718,0.95,1,EA,GASKETING,488S PSA H & J (USE SILENCERS @ NON-RATED DOORS) (PERIMETER SEAL BY ALF MFR @ ALF),ZER,BK,,Zero International,Black,,718,"[76.0, 181.3, 524.5, 227.0]",
200,,False,,718,0.95,6,EA,HINGE,5BB1HW 5 X 4.5,IVE,652,"(PROVIDE NRP @ OUTSWING, LOCKABLE DOORS)",Ives,Satin chrome plated steel,,718,"[76.0, 284.6, 520.6, 318.6]",
200,,False,,718,0.95,1,EA,AUTO FLUSH BOLT,FB31P/FB41P AS REQ,IVE,630,,Ives,Satin stainless steel,,718,"[76.0, 321.0, 520.6, 332.1]",
200,,False,,718,0.95,1,EA,DUST PROOF STRIKE,DP2,IVE,626,,Ives,Satin chrome,,718,"[76.0, 334.5, 520.6, 345.6]",
200,,False,,718,0.95,1,EA,MORTISE LOCK,64-8204 FEJ 26D STOREROOM FUNCTION,SAR,626,,Sargent,Satin chrome,,718,"[76.0, 348.0, 525.0, 370.7]",
200,,False,,718,0.95,1,EA,LFIC PERMANENT CORE,MATCH EXISTING KEY SYSTEM,SAR,626,,Sargent,Satin chrome,,718,"[76.0, 373.0, 525.0, 384.1]",
200,,False,,718,0.95,1,EA,COORDINATOR,COR X FL X MB X HW PREPS,IVE,628,,Ives,"Satin aluminum, clear anodized",,718,"[76.0, 386.6, 520.6, 397.7]",
200,,False,,718,0.95,2,EA,SURFACE CLOSER,"4040XP RW/PA TBWMS X MTG BRKT, SPCR & PLATE AS REQ",LCN,689,,LCN,Aluminum painted,,718,"[76.0, 400.0, 524.5, 422.6]",
200,,False,,718,0.95,2,EA,KICK PLATE,"8400 10"" X 1"" LDW B-CS",IVE,630,,Ives,Satin stainless steel,,718,"[76.0, 425.0, 520.6, 436.1]",
200,,False,,718,0.95,2,EA,WALL STOP,WS406/407CCV,IVE,630,,Ives,Satin stainless steel,,718,"[76.0, 438.5, 520.6, 449.6]",
200,,False,,718,0.95,1,EA,GASKETING,488S PSA H & J (USE SILENCERS @ NON-RATED DOORS),ZER,BK,,Zero International,Black,,718,"[76.0, 452.0, 524.5, 474.6]",
200,,False,,718,0.95,1,SET,MEETING STILE,8193AA (2 PCS - 1 SET) (OMIT @ NON-RATED DOORS),ZER,AA,,Zero International,Anodized aluminum,,718,"[76.0, 477.1, 524.5, 499.6]",
200AC,,False,,719,0.95,2,EA,CONT. HINGE,112XY,IVE,628,,Ives,"Satin aluminum, clear anodized",,719,"[76.0, 115.8, 520.6, 126.9]",
200AC,,False,,719,0.95,1,EA,AUTO FLUSH BOLT,FB31P/FB41P AS REQ,IVE,630,,Ives,Satin stainless steel,,719,"[76.0, 129.4, 520.6, 140.5]",
200AC,,False,,719,0.95,1,EA,DUST PROOF STRIKE,DP2,IVE,626,,Ives,Satin chrome,,719,"[76.0, 142.8, 520.6, 153.9]",
200AC,,False,,719,0.95,1,EA,MORTISE LOCK,64-8204 FEJ 26D STOREROOM FUNCTION,SAR,626,,Sargent,Satin chrome,,719,"[76.0, 156.4, 525.0, 179.0]",
200AC,,False,,719,0.95,1,EA,LFIC PERMANENT CORE,MATCH EXISTING KEY SYSTEM,SAR,626,,Sargent,Satin chrome,,719,"[76.0, 181.3, 525.0, 192.4]",
200AC,,False,,719,0.95,1,EA,COORDINATOR,COR X FL X MB X HW PREPS,IVE,628,,Ives,"Satin aluminum, clear anodized",,719,"[76.0, 194.9, 520.6, 206.0]",
200AC,,False,,719,0.95,2,EA,SURFACE CLOSER,"4040XP SCUSH X TBWMS X MTG BRKT, SPCR & PLATE AS REQ",LCN,689,,LCN,Aluminum painted,,719,"[76.0, 208.3, 524.5, 231.0]",
200AC,,False,,719,0.95,1,SET,SEAL,PERIMETER SEAL BY FRAME MFR,,,,,,,719,"[76.0, 233.3, 450.8, 244.4]",
200AC,,False,,719,0.95,1,SET,ASTRAGAL,MEETING STILE SEAL BY DOOR MANUFACTURER,,,,,,,719,"[76.0, 246.9, 439.2, 269.5]",
200C,,False,,719,0.95,6,EA,HINGE,5BB1 4.5 X 4.5,IVE,652,"(PROVIDE NRP @ OUTSWING, LOCKABLE DOORS)",Ives,Satin chrome plated steel,,719,"[76.0, 367.5, 520.6, 401.6]",
200C,,False,,719,0.95,1,EA,AUTO FLUSH BOLT,FB31P/FB41P AS REQ,IVE,630,,Ives,Satin stainless steel,,719,"[76.0, 404.0, 520.6, 415.1]",
200C,,False,,719,0.95,1,EA,DUST PROOF STRIKE,DP2,IVE,626,,Ives,Satin chrome,,719,"[76.0, 417.5, 520.6, 428.6]",
200C,,False,,719,0.95,1,EA,MORTISE LOCK,64-8204 FEJ 26D STOREROOM FUNCTION,SAR,626,,Sargent,Satin chrome,,719,"[76.0, 431.0, 525.0, 453.6]",
200C,,False,,719,0.95,1,EA,LFIC PERMANENT CORE,MATCH EXISTING KEY SYSTEM,SAR,626,,Sargent,Satin chrome,,719,"[76.0, 456.1, 525.0, 467.2]",
200C,,False,,719,0.95,1,EA,COORDINATOR,COR X FL X MB X HW PREPS,IVE,628,,Ives,"Satin aluminum, clear anodized",,719,"[76.0, 469.5, 520.6, 480.6]",
200C,,False,,719,0.95,2,EA,SURFACE CLOSER,"4040XP SCUSH X TBWMS X MTG BRKT, SPCR & PLATE AS REQ",LCN,689,,LCN,Aluminum painted,,719,"[76.0, 483.1, 524.5, 505.6]",
200C,,False,,719,0.95,1,SET,SEAL,PERIMETER SEAL BY FRAME MFR,,,,,,,719,"[76.0, 508.0, 450.8, 519.1]",
200C,,False,,719,0.95,1,SET,ASTRAGAL,MEETING STILE SEAL BY DOOR MANUFACTURER,,,,,,,719,"[76.0, 521.5, 439.2, 544.1]",
200CT,,False,,720,0.95,8,EA,HINGE,5BB1 4.5 X 4.5,IVE,652,"(PROVIDE NRP @ OUTSWING, LOCKABLE DOORS)",Ives,Satin chrome plated steel,,720,"[76.0, 115.8, 520.6, 150.0]",
200CT,,False,,720,0.95,1,EA,AUTO FLUSH BOLT,FB31P/FB41P AS REQ,IVE,630,,Ives,Satin stainless steel,,720,"[76.0, 152.3, 520.6, 163.4]",
200CT,,False,,720,0.95,1,EA,DUST PROOF STRIKE,DP2,IVE,626,,Ives,Satin chrome,,720,"[76.0, 165.8, 520.6, 177.0]",
200CT,,False,,720,0.95,1,EA,MORTISE LOCK,64-8204 FEJ 26D STOREROOM FUNCTION,SAR,626,,Sargent,Satin chrome,,720,"[76.0, 179.3, 525.0, 201.9]",
200CT,,False,,720,0.95,1,EA,LFIC PERMANENT CORE,MATCH EXISTING KEY SYSTEM,SAR,626,,Sargent,Satin chrome,,720,"[76.0, 204.4, 525.0, 215.5]",
200CT,,False,,720,0.95,1,EA,COORDINATOR,COR X FL X MB X HW PREPS,IVE,628,,Ives,"Satin aluminum, clear anodized",,720,"[76.0, 217.8, 520.6, 228.9]",
200CT,,False,,720,0.95,2,EA,SURFACE CLOSER,"4040XP SCUSH X TBWMS X MTG BRKT, SPCR & PLATE AS REQ",LCN,689,,LCN,Aluminum painted,,720,"[76.0, 231.4, 524.5, 254.0]",
200CT,,False,,720,0.95,1,SET,SEAL,PERIMETER SEAL BY FRAME MFR,,,,,,,720,"[76.0, 256.4, 450.8, 267.5]",
200CT,,False,,720,0.95,1,SET,ASTRAGAL,MEETING STILE SEAL BY DOOR MANUFACTURER,,,,,,,720,"[76.0, 269.9, 439.2, 292.4]",
200S1,,False,,720,0.95,6,EA,HINGE,5BB1HW 5 X 4.5,IVE,652,"(PROVIDE NRP @ OUTSWING, LOCKABLE DOORS)",Ives,Satin chrome plated steel,,720,"[76.0, 350.0, 520.6, 384.1]",
200S1,,False,,720,0.95,1,EA,AUTO FLUSH BOLT,FB31P/FB41P AS REQ,IVE,630,,Ives,Satin stainless steel,,720,"[76.0, 386.6, 520.6, 397.7]",
200S1,,False,,720,0.95,1,EA,DUST PROOF STRIKE,DP2,IVE,626,,Ives,Satin chrome,,720,"[76.0, 400.0, 520.6, 411.1]",
200S1,,False,,720,0.95,1,EA,MORTISE LOCK,64-8204 FEJ 26D STOREROOM FUNCTION,SAR,626,,Sargent,Satin chrome,,720,"[76.0, 413.6, 525.0, 436.1]",
200S1,,False,,720,0.95,1,EA,LFIC PERMANENT CORE,MATCH EXISTING KEY SYSTEM,SAR,626,,Sargent,Satin chrome,,720,"[76.0, 438.5, 525.0, 449.6]",
200S1,,False,,720,0.95,1,EA,COORDINATOR,COR X FL X MB X HW PREPS,IVE,628,,Ives,"Satin aluminum, clear anodized",,720,"[76.0, 452.0, 520.6, 463.1]",
200S1,,False,,720,0.95,1,EA,OH STOP,100S SERIES X SIZE & MOUNTING AS REQ,GLY,630,,Glynn-Johnson,Satin stainless steel,,720,"[76.0, 465.5, 524.5, 488.2]",
200S1,,False,,720,0.95,2,EA,SURFACE CLOSER,"4040XP RW/PA TBWMS X MTG BRKT, SPCR & PLATE AS REQ",LCN,689,,LCN,Aluminum painted,,720,"[76.0, 490.5, 524.5, 513.1]",
200S1,,False,,720,0.95,2,EA,KICK PLATE,"8400 10"" X 1"" LDW B-CS",IVE,630,,Ives,Satin stainless steel,,720,"[76.0, 515.5, 520.6, 526.6]",
200S1,,False,,720,0.95,1,EA,WALL STOP,WS406/407CCV,IVE,630,,Ives,Satin stainless steel,,720,"[76.0, 529.0, 520.6, 540.1]",
200S1,,False,,720,0.95,1,EA,GASKETING,488S PSA H & J (USE SILENCERS @ NON-RATED DOORS),ZER,BK,,Zero International,Black,,720,"[76.0, 542.5, 524.5, 565.1]",
200S1,,False,,720,0.95,1,SET,MEETING STILE,8193AA (2 PCS - 1 SET) (OMIT @ NON-RATED DOORS),ZER,AA,,Zero International,Anodized aluminum,,720,"[76.0, 567.5, 524.5, 590.2]",
201,,False,,721,0.95,3,EA,HINGE,5BB1 4.5 X 4.5,IVE,652,"(PROVIDE NRP @ OUTSWING, LOCKABLE DOORS)",Ives,Satin chrome plated steel,,721,"[76.0, 115.8, 520.6, 150.0]",
201,,False,,721,0.95,1,EA,MORTISE LOCK,64-8204 FEJ 26D STOREROOM FUNCTION,SAR,626,,Sargent,Satin chrome,,721,"[76.0, 152.3, 525.0, 174.9]",
201,,False,,721,0.95,1,EA,LFIC PERMANENT CORE,MATCH EXISTING KEY SYSTEM,SAR,626,,Sargent,Satin chrome,,721,"[76.0, 177.4, 525.0, 188.5]",
201,,False,,721,0.95,1,EA,SURFACE CLOSER,"4040XP RW/PA TBWMS X MTG BRKT, SPCR & PLATE AS REQ",LCN,689,,LCN,Aluminum painted,,721,"[76.0, 190.8, 524.5, 213.4]",
201,,False,,721,0.95,1,EA,KICK PLATE,"8400 10"" X 2"" LDW B-CS",IVE,630,,Ives,Satin stainless steel,,721,"[76.0, 215.9, 520.6, 227.0]",
201,,False,,721,0.95,1,EA,WALL STOP,WS406/407CCV,IVE,630,,Ives,Satin stainless steel,,721,"[76.0, 229.3, 520.6, 240.4]",
201,,False,,721,0.95,1,EA,GASKETING,488S PSA H & J (USE SILENCERS @ NON-RATED DOORS),ZER,BK,,Zero International,Black,,721,"[76.0, 242.9, 524.5, 265.4]",
201.1,,False,,721,0.95,3,EA,HINGE,5BB1 4.5 X 4.5,IVE,652,"(PROVIDE NRP @ OUTSWING, LOCKABLE DOORS)",Ives,Satin chrome plated steel,,721,"[76.0, 323.0, 520.6, 357.1]",
201.1,,False,,721,0.95,1,EA,CYLINDRICAL LOCK,10-64-10XG04 LL 26D STOREROOM FUNCTION,SAR,626,,Sargent,Satin chrome,,721,"[76.0, 359.6, 525.0, 382.1]",
201.1,,False,,721,0.95,1,EA,LFIC PERMANENT CORE,MATCH EXISTING KEY SYSTEM,SAR,626,,Sargent,Satin chrome,,721,"[76.0, 384.5, 525.0, 395.6]",
201.1,,False,,721,0.95,1,EA,SURFACE CLOSER,"4040XP RW/PA TBWMS X MTG BRKT, SPCR & PLATE AS REQ",LCN,689,,LCN,Aluminum painted,,721,"[76.0, 398.0, 524.5, 420.6]",
201.1,,False,,721,0.95,1,EA,KICK PLATE,"8400 10"" X 2"" LDW B-CS",IVE,630,,Ives,Satin stainless steel,,721,"[76.0, 423.1, 520.6, 434.2]",
201.1,,False,,721,0.95,1,EA,WALL STOP,WS406/407CCV,IVE,630,,Ives,Satin stainless steel,,721,"[76.0, 436.5, 520.6, 447.6]",
201.1,,False,,721,0.95,1,EA,GASKETING,488S PSA H & J (USE SILENCERS @ NON-RATED DOORS),ZER,BK,,Zero International,Black,,721,"[76.0, 450.1, 524.5, 472.6]",
201C,,False,,721,0.94,3,EA,HINGE,5BB1 4.5 X 4.5,IVE,652,"(PROVIDE NRP @ OUTSWING, LOCKABLE DOORS)",Ives,Satin chrome plated steel,,721,"[76.0, 530.2, 520.6, 564.2]",
201C,,False,,721,0.94,1,EA,MORTISE LOCK,64-8204 FEJ 26D STOREROOM FUNCTION,SAR,626,,Sargent,Satin chrome,,721,"[76.0, 566.7, 525.0, 589.4]",
201C,,False,,721,0.94,1,EA,LFIC PERMANENT CORE,MATCH EXISTING KEY SYSTEM,SAR,626,,Sargent,Satin chrome,,721,"[76.0, 591.7, 525.0, 602.8]",
201C,,False,,721,0.94,1,EA,SURFACE CLOSER,"4040XP SCUSH X TBWMS X MTG BRKT, SPCR & PLATE AS REQ",LCN,689,,LCN,Aluminum painted,,721,"[76.0, 605.1, 524.5, 627.8]",
201C,,False,,721,0.94,1,EA,KICK PLATE,"8400 10"" X 2"" LDW B-CS",IVE,630,,Ives,Satin stainless steel,,721,"[76.0, 630.2, 520.6, 641.3]",
201C,,False,,721,0.94,1,EA,GASKETING,488S PSA H & J (USE SILENCERS @ NON-RATED DOORS),ZER,BK,,Zero International,Black,,721,"[76.0, 643.6, 524.5, 666.3]",
201C.1,,False,,722,0.94,3,EA,HINGE,5BB1 4.5 X 4.5,IVE,652,"(PROVIDE NRP @ OUTSWING, LOCKABLE DOORS)",Ives,Satin chrome plated steel,,722,"[76.0, 115.8, 520.6, 150.0]",
201C.1,,False,,722,0.94,1,EA,CYLINDRICAL LOCK,10-64-10XG04 LL 26D STOREROOM FUNCTION,SAR,626,,Sargent,Satin chrome,,722,"[76.0, 152.3, 525.0, 174.9]",
201C.1,,False,,722,0.94,1,EA,LFIC PERMANENT CORE,MATCH EXISTING KEY SYSTEM,SAR,626,,Sargent,Satin chrome,,722,"[76.0, 177.4, 525.0, 188.5]",
201C.1,,False,,722,0.94,1,EA,SURFACE CLOSER,"4040XP SCUSH X TBWMS X MTG BRKT, SPCR & PLATE AS REQ",LCN,689,,LCN,Aluminum painted,,722,"[76.0, 190.8, 524.5, 213.4]",
201C.1,,False,,722,0.94,1,EA,KICK PLATE,"8400 10"" X 2"" LDW B-CS",IVE,630,,Ives,Satin stainless steel,,722,"[76.0, 215.9, 520.6, 227.0]",
201C.1,,False,,722,0.94,1,EA,GASKETING,488S PSA H & J (USE SILENCERS @ NON-RATED DOORS),ZER,BK,,Zero International,Black,,722,"[76.0, 229.3, 524.5, 252.0]",
201CT,,False,,722,0.94,4,EA,HINGE,5BB1 4.5 X 4.5,IVE,652,"(PROVIDE NRP @ OUTSWING, LOCKABLE DOORS)",Ives,Satin chrome plated steel,,722,"[76.0, 309.5, 520.6, 343.7]",
201CT,,False,,722,0.94,1,EA,MORTISE LOCK,64-8204 FEJ 26D STOREROOM FUNCTION,SAR,626,,Sargent,Satin chrome,,722,"[76.0, 346.0, 525.0, 368.6]",
201CT,,False,,722,0.94,1,EA,LFIC PERMANENT CORE,MATCH EXISTING KEY SYSTEM,SAR,626,,Sargent,Satin chrome,,722,"[76.0, 371.0, 525.0, 382.1]",
201CT,,False,,722,0.94,1,EA,SURFACE CLOSER,"4040XP SCUSH X TBWMS X MTG BRKT, SPCR & PLATE AS REQ",LCN,689,,LCN,Aluminum painted,,722,"[76.0, 384.5, 524.5, 407.1]",
201CT,,False,,722,0.94,1,EA,KICK PLATE,"8400 10"" X 2"" LDW B-CS",IVE,630,,Ives,Satin stainless steel,,722,"[76.0, 409.5, 520.6, 420.6]",
201CT,,False,,722,0.94,1,EA,GASKETING,488S PSA H & J (USE SILENCERS @ NON-RATED DOORS),ZER,BK,,Zero International,Black,,722,"[76.0, 423.1, 524.5, 445.7]",
201T,,False,,722,0.95,4,EA,HINGE,5BB1 4.5 X 4.5,IVE,652,"(PROVIDE NRP @ OUTSWING, LOCKABLE DOORS)",Ives,Satin chrome plated steel,,722,"[76.0, 503.2, 520.6, 537.2]",
201T,,False,,722,0.95,1,EA,MORTISE LOCK,64-8204 FEJ 26D STOREROOM FUNCTION,SAR,626,,Sargent,Satin chrome,,722,"[76.0, 539.7, 525.0, 562.3]",
201T,,False,,722,0.95,1,EA,LFIC PERMANENT CORE,MATCH EXISTING KEY SYSTEM,SAR,626,,Sargent,Satin chrome,,722,"[76.0, 564.7, 525.0, 575.8]",
201T,,False,,722,0.95,1,EA,SURFACE CLOSER,"4040XP RW/PA TBWMS X MTG BRKT, SPCR & PLATE AS REQ",LCN,689,,LCN,Aluminum painted,,722,"[76.0, 578.2, 524.5, 600.8]",
201T,,False,,722,0.95,1,EA,KICK PLATE,"8400 10"" X 2"" LDW B-CS",IVE,630,,Ives,Satin stainless steel,,722,"[76.0, 603.2, 520.6, 614.3]",
201T,,False,,722,0.95,1,EA,WALL STOP,WS406/407CCV,IVE,630,,Ives,Satin stainless steel,,722,"[76.0, 616.6, 520.6, 627.8]",
201T,,False,,722,0.95,1,EA,GASKETING,488S PSA H & J (USE SILENCERS @ NON-RATED DOORS),ZER,BK,,Zero International,Black,,722,"[76.0, 630.2, 524.5, 652.8]",
201TW,,False,,723,0.95,4,EA,HINGE,5BB1HW 5 X 4.5,IVE,652,"(PROVIDE NRP @ OUTSWING, LOCKABLE DOORS)",Ives,Satin chrome plated steel,,723,"[76.0, 115.8, 520.6, 150.0]",
201TW,,False,,723,0.95,1,EA,MORTISE LOCK,64-8204 FEJ 26D STOREROOM FUNCTION,SAR,626,,Sargent,Satin chrome,,723,"[76.0, 152.3, 525.0, 174.9]",
201TW,,False,,723,0.95,1,EA,LFIC PERMANENT CORE,MATCH EXISTING KEY SYSTEM,SAR,626,,Sargent,Satin chrome,,723,"[76.0, 177.4, 525.0, 188.5]",
201TW,,False,,723,0.95,1,EA,SURFACE CLOSER,"4040XP RW/PA TBWMS X MTG BRKT, SPCR & PLATE AS REQ",LCN,689,,LCN,Aluminum painted,,723,"[76.0, 190.8, 524.5, 213.4]",
201TW,,False,,723,0.95,1,EA,KICK PLATE,"8400 10"" X 2"" LDW B-CS",IVE,630,,Ives,Satin stainless steel,,723,"[76.0, 215.9, 520.6, 227.0]",
201TW,,False,,723,0.95,1,EA,WALL STOP,WS406/407CCV,IVE,630,,Ives,Satin stainless steel,,723,"[76.0, 229.3, 520.6, 240.4]",
201TW,,False,,723,0.95,1,EA,GASKETING,488S PSA H & J (USE SILENCERS @ NON-RATED DOORS),ZER,BK,,Zero International,Black,,723,"[76.0, 242.9, 524.5, 265.4]",
201W,,False,,723,0.95,3,EA,HINGE,5BB1HW 5 X 4.5,IVE,652,"(PROVIDE NRP @ OUTSWING, LOCKABLE DOORS)",Ives,Satin chrome plated steel,,723,"[76.0, 323.0, 520.6, 357.1]",
201W,,False,,723,0.95,1,EA,MORTISE LOCK,64-8204 FEJ 26D STOREROOM FUNCTION,SAR,626,,Sargent,Satin chrome,,723,"[76.0, 359.6, 525.0, 382.1]",
201W,,False,,723,0.95,1,EA,LFIC PERMANENT CORE,MATCH EXISTING KEY SYSTEM,SAR,626,,Sargent,Satin chrome,,723,"[76.0, 384.5, 525.0, 395.6]",
201W,,False,,723,0.95,1,EA,SURFACE CLOSER,"4040XP RW/PA TBWMS X MTG BRKT, SPCR & PLATE AS REQ",LCN,689,,LCN,Aluminum painted,,723,"[76.0, 398.0, 524.5, 420.6]",
201W,,False,,723,0.95,1,EA,KICK PLATE,"8400 10"" X 2"" LDW B-CS",IVE,630,,Ives,Satin stainless steel,,723,"[76.0, 423.1, 520.6, 434.2]",
201W,,False,,723,0.95,1,EA,WALL STOP,WS406/407CCV,IVE,630,,Ives,Satin stainless steel,,723,"[76.0, 436.5, 520.6, 447.6]",
201W,,False,,723,0.95,1,EA,GASKETING,488S PSA H & J (USE SILENCERS @ NON-RATED DOORS),ZER,BK,,Zero International,Black,,723,"[76.0, 450.1, 524.5, 472.6]",
203.1,,False,,723,0.95,3,EA,HINGE,5BB1 4.5 X 4.5,IVE,652,"(PROVIDE NRP @ OUTSWING, LOCKABLE DOORS)",Ives,Satin chrome plated steel,,723,"[76.0, 530.2, 520.6, 564.2]",
203.1,,False,,723,0.95,1,EA,CYLINDRICAL LOCK,10-64-10XG04 LL 26D STOREROOM FUNCTION,SAR,626,,Sargent,Satin chrome,,723,"[76.0, 566.7, 525.0, 589.4]",
203.1,,False,,723,0.95,1,EA,LFIC PERMANENT CORE,MATCH EXISTING KEY SYSTEM,SAR,626,,Sargent,Satin chrome,,723,"[76.0, 591.7, 525.0, 602.8]",
203.1,,False,,723,0.95,1,EA,WALL STOP,WS406/407CCV,IVE,630,,Ives,Satin stainless steel,,723,"[76.0, 605.1, 520.6, 616.2]",
203.1,,False,,723,0.95,3,EA,SILENCER,SR64,IVE,GRY,,Ives,Gray,,723,"[76.0, 618.7, 520.6, 629.8]",
204,,False,,724,0.96,6,EA,HINGE,5BB1HW 4.5 X 4.5 NRP,IVE,630,,Ives,Satin stainless steel,,724,"[76.0, 115.8, 520.6, 126.9]",
204,,False,,724,0.96,1,EA,AUTO FLUSH BOLT,FB31P/FB41P AS REQ,IVE,630,,Ives,Satin stainless steel,,724,"[76.0, 129.4, 520.6, 140.5]",
204,,False,,724,0.96,1,EA,DUST PROOF STRIKE,DP2,IVE,626,,Ives,Satin chrome,,724,"[76.0, 142.8, 520.6, 153.9]",
204,,False,,724,0.96,1,EA,MORTISE LOCK,64-8204 FEJ 26D STOREROOM FUNCTION,SAR,626,,Sargent,Satin chrome,,724,"[76.0, 156.4, 525.0, 179.0]",
204,,False,,724,0.96,1,EA,LFIC PERMANENT CORE,MATCH EXISTING KEY SYSTEM,SAR,626,,Sargent,Satin chrome,,724,"[76.0, 181.3, 525.0, 192.4]",
204,,False,,724,0.96,1,EA,COORDINATOR,COR X FL X MB X HW PREPS,IVE,628,,Ives,"Satin aluminum, clear anodized",,724,"[76.0, 194.9, 520.6, 206.0]",
204,,False,,724,0.96,2,EA,SURFACE CLOSER,"4040XP SCUSH X TBWMS X MTG BRKT, SPCR & PLATE AS REQ",LCN,689,,LCN,Aluminum painted,,724,"[76.0, 208.3, 524.5, 231.0]",
204,,False,,724,0.96,2,EA,KICK PLATE,"8400 10"" X 1"" LDW B-CS",IVE,630,,Ives,Satin stainless steel,,724,"[76.0, 233.3, 520.6, 244.4]",
204,,False,,724,0.96,1,EA,RAIN DRIP,"142AA DW + 4""",ZER,AA,(OMIT @ COVERED OPENINGS),Zero International,Anodized aluminum,,724,"[76.0, 246.9, 524.5, 269.5]",
204,,False,,724,0.96,1,SET,GASKETING,328AA H & J,ZER,AA,,Zero International,Anodized aluminum,,724,"[76.0, 271.8, 524.5, 282.9]",
204,,False,,724,0.96,1,SET,MEETING STILE,8193AA (2 PCS - 1 SET),ZER,AA,,Zero International,Anodized aluminum,,724,"[76.0, 285.4, 524.5, 296.5]",
204,,False,,724,0.96,2,EA,DOOR SWEEP,8198AA,ZER,AA,,Zero International,Anodized aluminum,,724,"[76.0, 298.8, 524.5, 309.9]",
204,,False,,724,0.96,1,EA,THRESHOLD,65A,ZER,A,,Zero International,Anodized aluminum,,724,"[76.0, 312.4, 524.5, 323.5]",
204T,,False,,724,0.96,8,EA,HINGE,5BB1HW 4.5 X 4.5 NRP,IVE,630,,Ives,Satin stainless steel,,724,"[76.0, 381.0, 520.6, 392.1]",
204T,,False,,724,0.96,1,EA,AUTO FLUSH BOLT,FB31P/FB41P AS REQ,IVE,630,,Ives,Satin stainless steel,,724,"[76.0, 394.5, 520.6, 405.6]",
204T,,False,,724,0.96,1,EA,DUST PROOF STRIKE,DP2,IVE,626,,Ives,Satin chrome,,724,"[76.0, 408.1, 520.6, 419.2]",
204T,,False,,724,0.96,1,EA,MORTISE LOCK,64-8204 FEJ 26D STOREROOM FUNCTION,SAR,626,,Sargent,Satin chrome,,724,"[76.0, 421.5, 525.0, 444.1]",
204T,,False,,724,0.96,1,EA,LFIC PERMANENT CORE,MATCH EXISTING KEY SYSTEM,SAR,626,,Sargent,Satin chrome,,724,"[76.0, 446.6, 525.0, 457.7]",
204T,,False,,724,0.96,1,EA,COORDINATOR,COR X FL X MB X HW PREPS,IVE,628,,Ives,"Satin aluminum, clear anodized",,724,"[76.0, 460.0, 520.6, 471.1]",
204T,,False,,724,0.96,2,EA,SURFACE CLOSER,"4040XP SCUSH X TBWMS X MTG BRKT, SPCR & PLATE AS REQ",LCN,689,,LCN,Aluminum painted,,724,"[76.0, 473.5, 524.5, 496.1]",
204T,,False,,724,0.96,2,EA,KICK PLATE,"8400 10"" X 1"" LDW B-CS",IVE,630,,Ives,Satin stainless steel,,724,"[76.0, 498.5, 520.6, 509.6]",
204T,,False,,724,0.96,1,EA,RAIN DRIP,"142AA DW + 4""",ZER,AA,(OMIT @ COVERED OPENINGS),Zero International,Anodized aluminum,,724,"[76.0, 512.0, 524.5, 534.6]",
204T,,False,,724,0.96,1,SET,GASKETING,328AA H & J,ZER,AA,,Zero International,Anodized aluminum,,724,"[76.0, 537.1, 524.5, 548.2]",
204T,,False,,724,0.96,1,SET,MEETING STILE,8193AA (2 PCS - 1 SET),ZER,AA,,Zero International,Anodized aluminum,,724,"[76.0, 550.5, 524.5, 561.6]",
204T,,False,,724,0.96,2,EA,DOOR SWEEP,8198AA,ZER,AA,,Zero International,Anodized aluminum,,724,"[76.0, 564.1, 524.5, 575.2]",
204T,,False,,724,0.96,1,EA,THRESHOLD,65A,ZER,A,,Zero International,Anodized aluminum,,724,"[76.0, 577.5, 524.5, 588.6]",
205,,False,,725,0.96,3,EA,HINGE,5BB1HW 4.5 X 4.5 NRP,IVE,630,,Ives,Satin stainless steel,,725,"[76.0, 115.8, 520.6, 126.9]",
205,,False,,725,0.96,1,EA,MORTISE LOCK,64-8204 FEJ 26D STOREROOM FUNCTION,SAR,626,,Sargent,Satin chrome,,725,"[76.0, 129.4, 525.0, 152.0]",
205,,False,,725,0.96,1,EA,LFIC PERMANENT CORE,MATCH EXISTING KEY SYSTEM,SAR,626,,Sargent,Satin chrome,,725,"[76.0, 154.3, 525.0, 165.4]",
205,,False,,725,0.96,1,EA,SURFACE CLOSER,"4040XP SCUSH X TBWMS X MTG BRKT, SPCR & PLATE AS REQ",LCN,689,,LCN,Aluminum painted,,725,"[76.0, 167.9, 524.5, 190.4]",
205,,False,,725,0.96,1,EA,KICK PLATE,"8400 10"" X 2"" LDW B-CS",IVE,630,,Ives,Satin stainless steel,,725,"[76.0, 192.8, 520.6, 204.0]",
205,,False,,725,0.96,1,EA,RAIN DRIP,"142AA DW + 4""",ZER,AA,(OMIT @ COVERED OPENINGS),Zero International,Anodized aluminum,,725,"[76.0, 206.3, 524.5, 228.9]",
205,,False,,725,0.96,1,SET,GASKETING,328AA H & J,ZER,AA,,Zero International,Anodized aluminum,,725,"[76.0, 231.4, 524.5, 242.5]",
205,,False,,725,0.96,1,EA,DOOR SWEEP,8198AA,ZER,AA,,Zero International,Anodized aluminum,,725,"[76.0, 244.8, 524.5, 255.9]",
205,,False,,725,0.96,1,EA,THRESHOLD,65A,ZER,A,,Zero International,Anodized aluminum,,725,"[76.0, 258.4, 524.5, 269.5]",
205I,,False,,725,0.95,3,EA,HINGE,5BB1HW 4.5 X 4.5,IVE,652,"(PROVIDE NRP @ OUTSWING, LOCKABLE DOORS)",Ives,Satin chrome plated steel,,725,"[76.0, 327.0, 520.6, 361.1]",
205I,,False,,725,0.95,1,EA,MORTISE LOCK,64-8204 FEJ 26D STOREROOM FUNCTION,SAR,626,,Sargent,Satin chrome,,725,"[76.0, 363.5, 525.0, 386.1]",
205I,,False,,725,0.95,1,EA,LFIC PERMANENT CORE,MATCH EXISTING KEY SYSTEM,SAR,626,,Sargent,Satin chrome,,725,"[76.0, 388.5, 525.0, 399.6]",
205I,,False,,725,0.95,1,EA,SURFACE CLOSER,"4040XP RW/PA TBWMS X MTG BRKT, SPCR & PLATE AS REQ",LCN,689,,LCN,Aluminum painted,,725,"[76.0, 402.0, 524.5, 424.7]",
205I,,False,,725,0.95,1,EA,KICK PLATE,"8400 10"" X 2"" LDW B-CS",IVE,630,,Ives,Satin stainless steel,,725,"[76.0, 427.0, 520.6, 438.1]",
205I,,False,,725,0.95,1,EA,WALL STOP,WS406/407CCV,IVE,630,,Ives,Satin stainless steel,,725,"[76.0, 440.6, 520.6, 451.7]",
205I,,False,,725,0.95,1,EA,RAIN DRIP,"142AA DW + 4""",ZER,AA,(OMIT @ COVERED OPENINGS),Zero International,Anodized aluminum,,725,"[76.0, 454.0, 524.5, 476.6]",
205I,,False,,725,0.95,1,SET,GASKETING,328AA H & J,ZER,AA,,Zero International,Anodized aluminum,,725,"[76.0, 479.0, 524.5, 490.1]",
205I,,False,,725,0.95,1,EA,DOOR SWEEP,8198AA,ZER,AA,,Zero International,Anodized aluminum,,725,"[76.0, 492.5, 524.5, 503.6]",
205I,,False,,725,0.95,1,EA,THRESHOLD,655A,ZER,A,,Zero International,Anodized aluminum,,725,"[76.0, 506.0, 524.5, 517.1]",
205IS,,False,,726,0.95,3,EA,HINGE,5BB1HW 4.5 X 4.5,IVE,652,"(PROVIDE NRP @ OUTSWING, LOCKABLE DOORS)",Ives,Satin chrome plated steel,,726,"[76.0, 115.8, 520.6, 150.0]",
205IS,,False,,726,0.95,1,EA,MORTISE LOCK,64-8204 FEJ 26D STOREROOM FUNCTION,SAR,626,,Sargent,Satin chrome,,726,"[76.0, 152.3, 525.0, 174.9]",
205IS,,False,,726,0.95,1,EA,LFIC PERMANENT CORE,MATCH EXISTING KEY SYSTEM,SAR,626,,Sargent,Satin chrome,,726,"[76.0, 177.4, 525.0, 188.5]",
205IS,,False,,726,0.95,1,EA,OH STOP,900S SERIES X SIZE & MTG AS REQ,GLY,630,,Glynn-Johnson,Satin stainless steel,,726,"[76.0, 190.8, 524.5, 213.4]",
205IS,,False,,726,0.95,1,EA,SURFACE CLOSER,"4040XP RW/PA TBWMS X MTG BRKT, SPCR & PLATE AS REQ",LCN,689,,LCN,Aluminum painted,,726,"[76.0, 215.9, 524.5, 238.4]",
205IS,,False,,726,0.95,1,EA,KICK PLATE,"8400 10"" X 2"" LDW B-CS",IVE,630,,Ives,Satin stainless steel,,726,"[76.0, 240.9, 520.6, 252.0]",
205IS,,False,,726,0.95,1,EA,RAIN DRIP,"142AA DW + 4""",ZER,AA,(OMIT @ COVERED OPENINGS),Zero International,Anodized aluminum,,726,"[76.0, 254.3, 524.5, 276.9]",
205IS,,False,,726,0.95,1,EA,GASKETING,8303AA H & J,ZER,AA,,Zero International,Anodized aluminum,,726,"[76.0, 279.4, 524.5, 290.5]",
205IS,,False,,726,0.95,1,EA,DOOR SWEEP,8198AA,ZER,AA,,Zero International,Anodized aluminum,,726,"[76.0, 292.8, 524.5, 303.9]",
205IS,,False,,726,0.95,1,EA,THRESHOLD,655A,ZER,A,,Zero International,Anodized aluminum,,726,"[76.0, 306.4, 524.5, 317.5]",
205TW,,False,,726,0.96,4,EA,HINGE,5BB1HW 5 X 4.5 NRP,IVE,630,,Ives,Satin stainless steel,,726,"[76.0, 375.0, 520.6, 386.1]",
205TW,,False,,726,0.96,1,EA,MORTISE LOCK,64-8204 FEJ 26D STOREROOM FUNCTION,SAR,626,,Sargent,Satin chrome,,726,"[76.0, 388.5, 525.0, 411.1]",
205TW,,False,,726,0.96,1,EA,LFIC PERMANENT CORE,MATCH EXISTING KEY SYSTEM,SAR,626,,Sargent,Satin chrome,,726,"[76.0, 413.6, 525.0, 424.7]",
205TW,,False,,726,0.96,1,EA,SURFACE CLOSER,"4040XP SCUSH X TBWMS X MTG BRKT, SPCR & PLATE AS REQ",LCN,689,,LCN,Aluminum painted,,726,"[76.0, 427.0, 524.5, 449.6]",
205TW,,False,,726,0.96,1,EA,KICK PLATE,"8400 10"" X 2"" LDW B-CS",IVE,630,,Ives,Satin stainless steel,,726,"[76.0, 452.0, 520.6, 463.1]",
205TW,,False,,726,0.96,1,EA,RAIN DRIP,"142AA DW + 4""",ZER,AA,(OMIT @ COVERED OPENINGS),Zero International,Anodized aluminum,,726,"[76.0, 465.5, 524.5, 488.2]",
205TW,,False,,726,0.96,1,SET,GASKETING,328AA H & J,ZER,AA,,Zero International,Anodized aluminum,,726,"[76.0, 490.5, 524.5, 501.6]",
205TW,,False,,726,0.96,1,EA,DOOR SWEEP,8198AA,ZER,AA,,Zero International,Anodized aluminum,,726,"[76.0, 504.1, 524.5, 515.2]",
205TW,,False,,726,0.96,1,EA,THRESHOLD,65A,ZER,A,,Zero International,Anodized aluminum,,726,"[76.0, 517.5, 524.5, 528.6]",
206,,False,,727,0.95,6,EA,HINGE,5BB1HW 5 X 4.5,IVE,652,"(PROVIDE NRP @ OUTSWING, LOCKABLE DOORS)",Ives,Satin chrome plated steel,,727,"[76.0, 115.8, 520.6, 150.0]",
206,,False,,727,0.95,1,EA,AUTO FLUSH BOLT,FB31P/FB41P AS REQ,IVE,630,,Ives,Satin stainless steel,,727,"[76.0, 152.3, 520.6, 163.4]",
206,,False,,727,0.95,1,EA,DUST PROOF STRIKE,DP2,IVE,626,,Ives,Satin chrome,,727,"[76.0, 165.8, 520.6, 177.0]",
206,,False,,727,0.95,1,EA,MORTISE LOCK,64-8204 FEJ 26D STOREROOM FUNCTION,SAR,626,,Sargent,Satin chrome,,727,"[76.0, 179.3, 525.0, 201.9]",
206,,False,,727,0.95,1,EA,LFIC PERMANENT CORE,MATCH EXISTING KEY SYSTEM,SAR,626,,Sargent,Satin chrome,,727,"[76.0, 204.4, 525.0, 215.5]",
206,,False,,727,0.95,1,EA,COORDINATOR,COR X FL X MB X HW PREPS,IVE,628,,Ives,"Satin aluminum, clear anodized",,727,"[76.0, 217.8, 520.6, 228.9]",
206,,False,,727,0.95,2,EA,OH STOP,100S SERIES X SIZE & MOUNTING AS REQ,GLY,630,,Glynn-Johnson,Satin stainless steel,,727,"[76.0, 231.4, 524.5, 254.0]",
206,,False,,727,0.95,2,EA,SURFACE CLOSER,"4040XP RW/PA TBWMS X MTG BRKT, SPCR & PLATE AS REQ",LCN,689,,LCN,Aluminum painted,,727,"[76.0, 256.4, 524.5, 279.0]",
206,,False,,727,0.95,2,EA,KICK PLATE,"8400 10"" X 1"" LDW B-CS",IVE,630,,Ives,Satin stainless steel,,727,"[76.0, 281.3, 520.6, 292.4]",
206,,False,,727,0.95,1,EA,GASKETING,488S PSA H & J (USE SILENCERS @ NON-RATED DOORS),ZER,BK,,Zero International,Black,,727,"[76.0, 294.9, 524.5, 317.5]",
206,,False,,727,0.95,1,SET,MEETING STILE,8193AA (2 PCS - 1 SET) (OMIT @ NON-RATED DOORS),ZER,AA,,Zero International,Anodized aluminum,,727,"[76.0, 319.8, 524.5, 342.5]",
341,,False,,727,0.94,3,EA,HINGE,5BB1 4.5 X 4.5,IVE,652,"(PROVIDE NRP @ OUTSWING, LOCKABLE DOORS)",Ives,Satin chrome plated steel,,727,"[76.0, 400.0, 520.6, 434.2]",
341,,False,,727,0.94,1,EA,MORTISE LOCK,V04-8265 LNJ PRIVACY FUNCTION W/INSIDE INDICATOR,SAR,626,,Sargent,Satin chrome,,727,"[76.0, 436.5, 525.0, 470.6]",
341,,False,,727,0.94,1,EA,SURFACE CLOSER,"4040XP RW/PA TBWMS X MTG BRKT, SPCR & PLATE AS REQ",LCN,689,,LCN,Aluminum painted,,727,"[76.0, 473.0, 524.5, 495.6]",
341,,False,,727,0.94,1,EA,KICK PLATE,"8400 10"" X 2"" LDW B-CS",IVE,630,,Ives,Satin stainless steel,,727,"[76.0, 498.1, 520.6, 509.2]",
341,,False,,727,0.94,1,EA,WALL STOP,WS406/407CCV,IVE,630,,Ives,Satin stainless steel,,727,"[76.0, 511.5, 520.6, 522.6]",
341,,False,,727,0.94,1,EA,GASKETING,488S PSA H & J (USE SILENCERS @ NON-RATED DOORS),ZER,BK,,Zero International,Black,,727,"[76.0, 525.1, 524.5, 547.6]",
341T,,False,,728,0.94,4,EA,HINGE,5BB1 4.5 X 4.5,IVE,652,"(PROVIDE NRP @ OUTSWING, LOCKABLE DOORS)",Ives,Satin chrome plated steel,,728,"[76.0, 115.8, 520.6, 150.0]",
341T,,False,,728,0.94,1,EA,MORTISE LOCK,V04-8265 LNJ PRIVACY FUNCTION W/INSIDE INDICATOR,SAR,626,,Sargent,Satin chrome,,728,"[76.0, 152.3, 525.0, 186.4]",
341T,,False,,728,0.94,1,EA,SURFACE CLOSER,"4040XP RW/PA TBWMS X MTG BRKT, SPCR & PLATE AS REQ",LCN,689,,LCN,Aluminum painted,,728,"[76.0, 188.9, 524.5, 211.4]",
341T,,False,,728,0.94,1,EA,KICK PLATE,"8400 10"" X 2"" LDW B-CS",IVE,630,,Ives,Satin stainless steel,,728,"[76.0, 213.8, 520.6, 225.0]",
341T,,False,,728,0.94,1,EA,WALL STOP,WS406/407CCV,IVE,630,,Ives,Satin stainless steel,,728,"[76.0, 227.3, 520.6, 238.4]",
341T,,False,,728,0.94,1,EA,GASKETING,488S PSA H & J (USE SILENCERS @ NON-RATED DOORS),ZER,BK,,Zero International,Black,,728,"[76.0, 240.9, 524.5, 263.5]",
341TW,,False,,728,0.94,4,EA,HINGE,5BB1HW 5 X 4.5,IVE,652,"(PROVIDE NRP @ OUTSWING, LOCKABLE DOORS)",Ives,Satin chrome plated steel,,728,"[76.0, 338.6, 520.6, 372.6]",
341TW,,False,,728,0.94,1,EA,MORTISE LOCK,V04-8265 LNJ PRIVACY FUNCTION W/INSIDE INDICATOR,SAR,626,,Sargent,Satin chrome,,728,"[76.0, 375.0, 525.0, 409.1]",
341TW,,False,,728,0.94,1,EA,SURFACE CLOSER,"4040XP RW/PA TBWMS X MTG BRKT, SPCR & PLATE AS REQ",LCN,689,,LCN,Aluminum painted,,728,"[76.0, 411.5, 524.5, 434.2]",
341TW,,False,,728,0.94,1,EA,KICK PLATE,"8400 10"" X 2"" LDW B-CS",IVE,630,,Ives,Satin stainless steel,,728,"[76.0, 436.5, 520.6, 447.6]",
341TW,,False,,728,0.94,1,EA,WALL STOP,WS406/407CCV,IVE,630,,Ives,Satin stainless steel,,728,"[76.0, 450.1, 520.6, 461.2]",
341TW,,False,,728,0.94,1,EA,GASKETING,488S PSA H & J (USE SILENCERS @ NON-RATED DOORS),ZER,BK,,Zero International,Black,,728,"[76.0, 463.5, 524.5, 486.1]",
381,,False,,728,0.95,3,EA,HINGE,5BB1 4.5 X 4.5,IVE,630,"(PROVIDE NRP @ OUTSWING, LOCKABLE DOORS)",Ives,Satin stainless steel,,728,"[76.0, 561.2, 520.6, 595.4]",
381,,False,,728,0.95,1,EA,MORTISE LOCK,V04-8265 LNJ,SAR,630,,Sargent,Satin stainless steel,,728,"[76.0, 597.7, 525.0, 608.8]",
381,,False,,728,0.95,1,EA,SURFACE CLOSER,"4040XP RW/PA SRI TBWMS X MTG BRKT, SPCR & PLATE AS REQ",LCN,689,,LCN,Aluminum painted,,728,"[76.0, 611.1, 524.5, 633.8]",
381,,False,,728,0.95,1,EA,KICK PLATE,"8400 10"" X 2"" LDW B-CS",IVE,630,,Ives,Satin stainless steel,,728,"[76.0, 636.2, 520.6, 647.3]",
381,,False,,728,0.95,1,EA,WALL STOP,WS406/407CCV,IVE,630,,Ives,Satin stainless steel,,728,"[76.0, 649.6, 520.6, 660.8]",
381,,False,,728,0.95,1,EA,GASKETING,488S PSA H & J (USE SILENCERS @ NON-RATED DOORS),ZER,BK,,Zero International,Black,,728,"[76.0, 663.2, 524.5, 685.8]",
401,,False,,729,0.94,3,EA,HINGE,5BB1 4.5 X 4.5,IVE,652,"(PROVIDE NRP @ OUTSWING, LOCKABLE DOORS)",Ives,Satin chrome plated steel,,729,"[76.0, 115.8, 520.6, 150.0]",
401,,False,,729,0.94,1,EA,MORTISE LOCK,8215 LE2J 26D PASSAGE FUNCTION,SAR,626,,Sargent,Satin chrome,,729,"[76.0, 152.3, 525.0, 174.9]",
401,,False,,729,0.94,1,EA,SURFACE CLOSER,"4040XP RW/PA TBWMS X MTG BRKT, SPCR & PLATE AS REQ",LCN,689,,LCN,Aluminum painted,,729,"[76.0, 177.4, 524.5, 200.0]",
401,,False,,729,0.94,1,EA,KICK PLATE,"8400 10"" X 2"" LDW B-CS",IVE,630,,Ives,Satin stainless steel,,729,"[76.0, 202.3, 520.6, 213.4]",
401,,False,,729,0.94,1,EA,WALL STOP,WS406/407CCV,IVE,630,,Ives,Satin stainless steel,,729,"[76.0, 215.9, 520.6, 227.0]",
401,,False,,729,0.94,1,EA,GASKETING,488S PSA H & J (USE SILENCERS @ NON-RATED DOORS),ZER,BK,,Zero International,Black,,729,"[76.0, 229.3, 524.5, 252.0]",
551T,,False,,729,0.95,4,EA,HINGE,5BB1 4.5 X 4.5,IVE,652,"(PROVIDE NRP @ OUTSWING, LOCKABLE DOORS)",Ives,Satin chrome plated steel,,729,"[76.0, 309.5, 520.6, 343.7]",
551T,,False,,729,0.95,1,EA,MORTISE LOCK,64-8240 FEJ 26D CLASSROOM SECURITY,SAR,626,,Sargent,Satin chrome,,729,"[76.0, 346.0, 525.0, 368.6]",
551T,,False,,729,0.95,2,EA,LFIC PERMANENT CORE,MATCH EXISTING KEY SYSTEM,SAR,626,,Sargent,Satin chrome,,729,"[76.0, 371.0, 525.0, 382.1]",
551T,,False,,729,0.95,1,EA,SURFACE CLOSER,"4040XP RW/PA TBWMS X MTG BRKT, SPCR & PLATE AS REQ",LCN,689,,LCN,Aluminum painted,,729,"[76.0, 384.5, 524.5, 407.1]",
551T,,False,,729,0.95,1,EA,KICK PLATE,"8400 10"" X 2"" LDW B-CS",IVE,630,,Ives,Satin stainless steel,,729,"[76.0, 409.5, 520.6, 420.6]",
551T,,False,,729,0.95,1,EA,WALL STOP,WS406/407CCV,IVE,630,,Ives,Satin stainless steel,,729,"[76.0, 423.1, 520.6, 434.2]",
551T,,False,,729,0.95,1,EA,GASKETING,488S PSA H & J (USE SILENCERS @ NON-RATED DOORS),ZER,BK,,Zero International,Black,,729,"[76.0, 436.5, 524.5, 459.1]",
700CR,,False,,729,0.95,6,EA,HINGE,5BB1HW 4.5 X 4.5,IVE,652,"(PROVIDE NRP @ OUTSWING, LOCKABLE DOORS)",Ives,Satin chrome plated steel,,729,"[76.0, 516.7, 520.6, 550.8]",
700CR,,False,,729,0.95,2,EA,FIRE RATED EXIT DEVICE,12-43-TB-LC-8613 ETL 26D/32D LENGTH & HEIGHT AS REQ,SAR,626,,Sargent,Satin chrome,,729,"[76.0, 553.1, 525.0, 575.8]",
700CR,,False,,729,0.95,2,EA,CYLINDER,AS REQUIRED,SAR,626,,Sargent,Satin chrome,,729,"[76.0, 578.2, 525.0, 589.4]",
700CR,,False,,729,0.95,2,EA,LFIC PERMANENT CORE,MATCH EXISTING KEY SYSTEM,SAR,626,,Sargent,Satin chrome,,729,"[76.0, 591.7, 525.0, 602.8]",
700CR,,False,,729,0.95,2,EA,SURFACE CLOSER,"4040XP SCUSH X TBWMS X MTG BRKT, SPCR & PLATE AS REQ",LCN,689,,LCN,Aluminum painted,,729,"[76.0, 605.1, 524.5, 627.8]",
700CR,,False,,729,0.95,2,EA,KICK PLATE,"8400 10"" X 1"" LDW B-CS",IVE,630,,Ives,Satin stainless steel,,729,"[76.0, 630.2, 520.6, 641.3]",
700CR,,False,,729,0.95,1,EA,GASKETING,488S PSA H & J,ZER,BK,,Zero International,Black,,729,"[76.0, 643.6, 524.5, 654.8]",
700CR,,False,,729,0.95,1,SET,MEETING STILE,8193AA (2 PCS - 1 SET) (OMIT @ NON-RATED DOORS),ZER,AA,,Zero International,Anodized aluminum,,729,"[76.0, 657.2, 524.5, 679.8]",
701AC,,False,,730,0.95,1,EA,CONT. HINGE,112XY,IVE,628,,Ives,"Satin aluminum, clear anodized",,730,"[76.0, 115.8, 520.6, 126.9]",
701AC,,False,,730,0.95,1,EA,EXIT DEVICE,LD-43-TB-LC-8813 ETL 26D/32D LENGTH AS REQ,SAR,626,,Sargent,Satin chrome,,730,"[76.0, 129.4, 525.0, 152.0]",
701AC,,False,,730,0.95,1,EA,CYLINDER,AS REQUIRED,SAR,626,,Sargent,Satin chrome,,730,"[76.0, 154.3, 525.0, 165.4]",
701AC,,False,,730,0.95,1,EA,LFIC PERMANENT CORE,MATCH EXISTING KEY SYSTEM,SAR,626,,Sargent,Satin chrome,,730,"[76.0, 167.9, 525.0, 179.0]",
701AC,,False,,730,0.95,1,EA,SURFACE CLOSER,"4040XP SCUSH X TBWMS X MTG BRKT, SPCR & PLATE AS REQ",LCN,689,,LCN,Aluminum painted,,730,"[76.0, 181.3, 524.5, 204.0]",
701AC,,False,,730,0.95,1,SET,SEAL,PERIMETER SEAL BY FRAME MFR,,,,,,,730,"[76.0, 206.3, 450.8, 217.4]",
711C,,False,,730,0.95,3,EA,HINGE,5BB1HW 4.5 X 4.5,IVE,652,"(PROVIDE NRP @ OUTSWING, LOCKABLE DOORS)",Ives,Satin chrome plated steel,,730,"[76.0, 275.0, 520.6, 309.1]",
711C,,False,,730,0.95,1,EA,EXIT DEVICE,LD-43-TB-LC-8804 ETJ 26D/32D LENGTH AS REQ,SAR,626,,Sargent,Satin chrome,,730,"[76.0, 311.6, 525.0, 334.1]",
711C,,False,,730,0.95,1,EA,_CYLINDER,AS REQUIRED,SAR,626,,Sargent,Satin chrome,,730,"[76.0, 336.5, 525.0, 347.6]",
711C,,False,,730,0.95,1,EA,LFIC PERMANENT CORE,MATCH EXISTING KEY SYSTEM,SAR,626,,Sargent,Satin chrome,,730,"[76.0, 350.0, 525.0, 361.1]",
711C,,False,,730,0.95,1,EA,SURFACE CLOSER,"4040XP SCUSH X TBWMS X MTG BRKT, SPCR & PLATE AS REQ",LCN,689,,LCN,Aluminum painted,,730,"[76.0, 363.5, 524.5, 386.1]",
711C,,False,,730,0.95,1,EA,KICK PLATE,"8400 10"" X 2"" LDW B-CS",IVE,630,,Ives,Satin stainless steel,,730,"[76.0, 388.5, 520.6, 399.6]",
711C,,False,,730,0.95,1,EA,GASKETING,488S PSA H & J (USE SILENCERS @ NON-RATED DOORS),ZER,BK,,Zero International,Black,,730,"[76.0, 402.0, 524.5, 424.7]",
711CR,,False,,730,0.95,3,EA,HINGE,5BB1HW 4.5 X 4.5,IVE,652,"(PROVIDE NRP @ OUTSWING, LOCKABLE DOORS)",Ives,Satin chrome plated steel,,730,"[76.0, 482.2, 520.6, 516.2]",
711CR,,False,,730,0.95,1,EA,FIRE RATED EXIT DEVICE,12-43-TB-LC-8804 ETJ 26D/32D LENGTH AS REQ,SAR,626,,Sargent,Satin chrome,,730,"[76.0, 518.7, 525.0, 541.3]",
711CR,,False,,730,0.95,1,EA,_CYLINDER,AS REQUIRED,SAR,626,,Sargent,Satin chrome,,730,"[76.0, 543.7, 525.0, 554.8]",
711CR,,False,,730,0.95,1,EA,LFIC PERMANENT CORE,MATCH EXISTING KEY SYSTEM,SAR,626,,Sargent,Satin chrome,,730,"[76.0, 557.2, 525.0, 568.3]",
711CR,,False,,730,0.95,1,EA,SURFACE CLOSER,"4040XP SCUSH X TBWMS X MTG BRKT, SPCR & PLATE AS REQ",LCN,689,,LCN,Aluminum painted,,730,"[76.0, 570.7, 524.5, 593.3]",
711CR,,False,,730,0.95,1,EA,KICK PLATE,"8400 10"" X 2"" LDW B-CS",IVE,630,,Ives,Satin stainless steel,,730,"[76.0, 595.6, 520.6, 606.8]",
711CR,,False,,730,0.95,1,EA,GASKETING,488S PSA H & J,ZER,BK,,Zero International,Black,,730,"[76.0, 609.2, 524.5, 620.3]",
714,,False,,731,0.96,6,EA,HINGE,5BB1HW 4.5 X 4.5 NRP,IVE,630,,Ives,Satin stainless steel,,731,"[76.0, 115.8, 520.6, 126.9]",
714,,False,,731,0.96,1,EA,EXIT DEVICE,LD-43-TB-8610 32D LENGTH & HEIGHT AS REQ,SAR,630,,Sargent,Satin stainless steel,,731,"[76.0, 129.4, 525.0, 152.0]",
714,,False,,731,0.96,1,EA,EXIT DEVICE,LD-43-TB-LC-8606 ETJ 106 26D/32D LENGTH & HEIGHT AS REQ,SAR,626,,Sargent,Satin chrome,,731,"[76.0, 154.3, 525.0, 188.5]",
714,,False,,731,0.96,1,EA,CYLINDER,AS REQUIRED,SAR,626,,Sargent,Satin chrome,,731,"[76.0, 190.8, 525.0, 201.9]",
714,,False,,731,0.96,1,EA,LFIC PERMANENT CORE,MATCH EXISTING KEY SYSTEM,SAR,626,,Sargent,Satin chrome,,731,"[76.0, 204.4, 525.0, 215.5]",
714,,False,,731,0.96,2,EA,SURFACE CLOSER,"4040XP SCUSH X TBWMS X MTG BRKT, SPCR & PLATE AS REQ",LCN,689,,LCN,Aluminum painted,,731,"[76.0, 217.8, 524.5, 240.4]",
714,,False,,731,0.96,2,EA,KICK PLATE,"8400 10"" X 1"" LDW B-CS",IVE,630,,Ives,Satin stainless steel,,731,"[76.0, 242.9, 520.6, 254.0]",
714,,False,,731,0.96,1,EA,RAIN DRIP,"142AA DW + 4""",ZER,AA,(OMIT @ COVERED OPENINGS),Zero International,Anodized aluminum,,731,"[76.0, 256.4, 524.5, 279.0]",
714,,False,,731,0.96,1,SET,GASKETING,328AA H & J,ZER,AA,,Zero International,Anodized aluminum,,731,"[76.0, 281.3, 524.5, 292.4]",
714,,False,,731,0.96,1,SET,MEETING STILE,8193AA (2 PCS - 1 SET),ZER,AA,,Zero International,Anodized aluminum,,731,"[76.0, 294.9, 524.5, 306.0]",
714,,False,,731,0.96,2,EA,DOOR SWEEP,8198AA,ZER,AA,,Zero International,Anodized aluminum,,731,"[76.0, 308.3, 524.5, 319.4]",
714,,False,,731,0.96,1,EA,THRESHOLD,655A,ZER,A,,Zero International,Anodized aluminum,,731,"[76.0, 321.9, 524.5, 333.0]",
714A,,False,,731,0.95,2,EA,CONT. HINGE,112XY,IVE,628,,Ives,"Satin aluminum, clear anodized",,731,"[76.0, 390.5, 520.6, 401.6]",
714A,,False,,731,0.95,1,EA,EXIT DEVICE,LD-43-TB-8610 32D LENGTH & HEIGHT AS REQ,SAR,630,,Sargent,Satin stainless steel,,731,"[76.0, 404.0, 525.0, 426.6]",
714A,,False,,731,0.95,1,EA,EXIT DEVICE,LD-43-TB-LC-8606 ETJ 106 26D/32D LENGTH & HEIGHT AS REQ,SAR,626,,Sargent,Satin chrome,,731,"[76.0, 429.1, 525.0, 463.1]",
714A,,False,,731,0.95,1,EA,CYLINDER,AS REQUIRED,SAR,626,,Sargent,Satin chrome,,731,"[76.0, 465.5, 525.0, 476.6]",
714A,,False,,731,0.95,1,EA,LFIC PERMANENT CORE,MATCH EXISTING KEY SYSTEM,SAR,626,,Sargent,Satin chrome,,731,"[76.0, 479.0, 525.0, 490.1]",
714A,,False,,731,0.95,2,EA,SURFACE CLOSER,"4040XP SCUSH X TBWMS X MTG BRKT, SPCR & PLATE AS REQ",LCN,689,,LCN,Aluminum painted,,731,"[76.0, 492.5, 524.5, 515.2]",
714A,,False,,731,0.95,1,EA,RAIN DRIP,"142AA DW + 4""",ZER,AA,(OMIT @ COVERED OPENINGS),Zero International,Anodized aluminum,,731,"[76.0, 517.5, 524.5, 540.1]",
714A,,False,,731,0.95,1,SET,SEAL,PERIMETER SEAL BY FRAME MFR,,,,,,,731,"[76.0, 542.5, 450.8, 553.6]",
714A,,False,,731,0.95,1,SET,ASTRAGAL,MEETING STILE SEAL BY DOOR MANUFACTURER,,,,,,,731,"[76.0, 556.0, 439.2, 578.6]",
714A,,False,,731,0.95,2,EA,DOOR SWEEP,8198AA,ZER,AA,,Zero International,Anodized aluminum,,731,"[76.0, 581.0, 524.5, 592.1]",
714A,,False,,731,0.95,1,EA,THRESHOLD,655A,ZER,A,,Zero International,Anodized aluminum,,731,"[76.0, 594.6, 524.5, 605.7]",
714RTW,,False,,732,0.96,8,EA,HINGE,5BB1HW 5 X 4.5 NRP,IVE,630,,Ives,Satin stainless steel,,732,"[76.0, 115.8, 520.6, 126.9]",
714RTW,,False,,732,0.96,1,EA,FIRE RATED EXIT DEVICE,12-43-TB-8610 32D LENGTH & HEIGHT AS REQ,SAR,626,,Sargent,Satin chrome,,732,"[76.0, 129.4, 525.0, 152.0]",
714RTW,,False,,732,0.96,1,EA,FIRE RATED EXIT DEVICE,12-43-TB-LC-8606 ETJ 106 26D/32D LENGTH & HEIGHT AS REQ,SAR,626,,Sargent,Satin chrome,,732,"[76.0, 154.3, 525.0, 177.0]",
714RTW,,False,,732,0.96,1,EA,CYLINDER,AS REQUIRED,SAR,626,,Sargent,Satin chrome,,732,"[76.0, 179.3, 525.0, 190.4]",
714RTW,,False,,732,0.96,1,EA,LFIC PERMANENT CORE,MATCH EXISTING KEY SYSTEM,SAR,626,,Sargent,Satin chrome,,732,"[76.0, 192.8, 525.0, 204.0]",
714RTW,,False,,732,0.96,2,EA,SURFACE CLOSER,"4040XP SCUSH X TBWMS X MTG BRKT, SPCR & PLATE AS REQ",LCN,689,,LCN,Aluminum painted,,732,"[76.0, 206.3, 524.5, 228.9]",
714RTW,,False,,732,0.96,2,EA,KICK PLATE,"8400 10"" X 1"" LDW B-CS",IVE,630,,Ives,Satin stainless steel,,732,"[76.0, 231.4, 520.6, 242.5]",
714RTW,,False,,732,0.96,1,EA,RAIN DRIP,"142AA DW + 4""",ZER,AA,(OMIT @ COVERED OPENINGS),Zero International,Anodized aluminum,,732,"[76.0, 244.8, 524.5, 267.5]",
714RTW,,False,,732,0.96,1,SET,GASKETING,328AA H & J,ZER,AA,,Zero International,Anodized aluminum,,732,"[76.0, 269.9, 524.5, 281.0]",
714RTW,,False,,732,0.96,1,SET,MEETING STILE,8193AA (2 PCS - 1 SET),ZER,AA,,Zero International,Anodized aluminum,,732,"[76.0, 283.4, 524.5, 294.5]",
714RTW,,False,,732,0.96,2,EA,DOOR SWEEP,8198AA,ZER,AA,,Zero International,Anodized aluminum,,732,"[76.0, 296.9, 524.5, 308.0]",
714RTW,,False,,732,0.96,1,EA,THRESHOLD,655A,ZER,A,,Zero International,Anodized aluminum,,732,"[76.0, 310.4, 524.5, 321.5]",
714T,,False,,732,0.96,8,EA,HINGE,5BB1HW 4.5 X 4.5 NRP,IVE,630,,Ives,Satin stainless steel,,732,"[76.0, 379.0, 520.6, 390.1]",
714T,,False,,732,0.96,1,EA,EXIT DEVICE,LD-43-TB-8610 32D LENGTH & HEIGHT AS REQ,SAR,630,,Sargent,Satin stainless steel,,732,"[76.0, 392.6, 525.0, 415.1]",
714T,,False,,732,0.96,1,EA,EXIT DEVICE,LD-43-TB-LC-8606 ETJ 106 26D/32D LENGTH & HEIGHT AS REQ,SAR,626,,Sargent,Satin chrome,,732,"[76.0, 417.5, 525.0, 451.7]",
714T,,False,,732,0.96,1,EA,CYLINDER,AS REQUIRED,SAR,626,,Sargent,Satin chrome,,732,"[76.0, 454.0, 525.0, 465.1]",
714T,,False,,732,0.96,1,EA,LFIC PERMANENT CORE,MATCH EXISTING KEY SYSTEM,SAR,626,,Sargent,Satin chrome,,732,"[76.0, 467.5, 525.0, 478.6]",
714T,,False,,732,0.96,2,EA,SURFACE CLOSER,"4040XP SCUSH X TBWMS X MTG BRKT, SPCR & PLATE AS REQ",LCN,689,,LCN,Aluminum painted,,732,"[76.0, 481.0, 524.5, 503.6]",
714T,,False,,732,0.96,2,EA,KICK PLATE,"8400 10"" X 1"" LDW B-CS",IVE,630,,Ives,Satin stainless steel,,732,"[76.0, 506.0, 520.6, 517.1]",
714T,,False,,732,0.96,1,EA,RAIN DRIP,"142AA DW + 4""",ZER,AA,(OMIT @ COVERED OPENINGS),Zero International,Anodized aluminum,,732,"[76.0, 519.5, 524.5, 542.2]",
714T,,False,,732,0.96,1,SET,GASKETING,328AA H & J,ZER,AA,,Zero International,Anodized aluminum,,732,"[76.0, 544.5, 524.5, 555.6]",
714T,,False,,732,0.96,1,SET,MEETING STILE,8193AA (2 PCS - 1 SET),ZER,AA,,Zero International,Anodized aluminum,,732,"[76.0, 558.1, 524.5, 569.2]",
714T,,False,,732,0.96,2,EA,DOOR SWEEP,8198AA,ZER,AA,,Zero International,Anodized aluminum,,732,"[76.0, 571.5, 524.5, 582.6]",
714T,,False,,732,0.96,1,EA,THRESHOLD,655A,ZER,A,,Zero International,Anodized aluminum,,732,"[76.0, 585.1, 524.5, 596.2]",
715RWT,,False,,733,0.96,4,EA,HINGE,5BB1HW 5 X 4.5 NRP,IVE,630,,Ives,Satin stainless steel,,733,"[76.0, 115.8, 520.6, 126.9]",
715RWT,,False,,733,0.96,1,EA,FIRE RATED EXIT DEVICE,12-43-TB-LC-8804 ETJ 26D/32D LENGTH AS REQ,SAR,626,,Sargent,Satin chrome,,733,"[76.0, 129.4, 525.0, 152.0]",
715RWT,,False,,733,0.96,1,EA,_CYLINDER,AS REQUIRED,SAR,626,,Sargent,Satin chrome,,733,"[76.0, 154.3, 525.0, 165.4]",
715RWT,,False,,733,0.96,1,EA,LFIC PERMANENT CORE,MATCH EXISTING KEY SYSTEM,SAR,626,,Sargent,Satin chrome,,733,"[76.0, 167.9, 525.0, 179.0]",
715RWT,,False,,733,0.96,1,EA,SURFACE CLOSER,"4040XP SCUSH X TBWMS X MTG BRKT, SPCR & PLATE AS REQ",LCN,689,,LCN,Aluminum painted,,733,"[76.0, 181.3, 524.5, 204.0]",
715RWT,,False,,733,0.96,1,EA,KICK PLATE,"8400 10"" X 2"" LDW B-CS",IVE,630,,Ives,Satin stainless steel,,733,"[76.0, 206.3, 520.6, 217.4]",
715RWT,,False,,733,0.96,1,EA,RAIN DRIP,"142AA DW + 4""",ZER,AA,(OMIT @ COVERED OPENINGS),Zero International,Anodized aluminum,,733,"[76.0, 219.8, 524.5, 242.5]",
715RWT,,False,,733,0.96,1,SET,GASKETING,328AA H & J,ZER,AA,,Zero International,Anodized aluminum,,733,"[76.0, 244.8, 524.5, 255.9]",
715RWT,,False,,733,0.96,1,EA,DOOR SWEEP,8198AA,ZER,AA,,Zero International,Anodized aluminum,,733,"[76.0, 258.4, 524.5, 269.5]",
715RWT,,False,,733,0.96,1,EA,THRESHOLD,65A,ZER,A,,Zero International,Anodized aluminum,,733,"[76.0, 271.8, 524.5, 282.9]",
715T,,False,,733,0.96,4,EA,HINGE,5BB1HW 4.5 X 4.5 NRP,IVE,630,,Ives,Satin stainless steel,,733,"[76.0, 340.5, 520.6, 351.6]",
715T,,False,,733,0.96,1,EA,EXIT DEVICE,LD-43-TB-LC-8804 ETJ 26D/32D LENGTH AS REQ,SAR,626,,Sargent,Satin chrome,,733,"[76.0, 354.0, 525.0, 376.7]",
715T,,False,,733,0.96,1,EA,_CYLINDER,AS REQUIRED,SAR,626,,Sargent,Satin chrome,,733,"[76.0, 379.0, 525.0, 390.1]",
715T,,False,,733,0.96,1,EA,LFIC PERMANENT CORE,MATCH EXISTING KEY SYSTEM,SAR,626,,Sargent,Satin chrome,,733,"[76.0, 392.6, 525.0, 403.7]",
715T,,False,,733,0.96,1,EA,SURFACE CLOSER,"4040XP SCUSH X TBWMS X MTG BRKT, SPCR & PLATE AS REQ",LCN,689,,LCN,Aluminum painted,,733,"[76.0, 406.0, 524.5, 428.6]",
715T,,False,,733,0.96,1,EA,KICK PLATE,"8400 10"" X 2"" LDW B-CS",IVE,630,,Ives,Satin stainless steel,,733,"[76.0, 431.0, 520.6, 442.1]",
715T,,False,,733,0.96,1,EA,RAIN DRIP,"142AA DW + 4""",ZER,AA,(OMIT @ COVERED OPENINGS),Zero International,Anodized aluminum,,733,"[76.0, 444.5, 524.5, 467.2]",
715T,,False,,733,0.96,1,SET,GASKETING,328AA H & J,ZER,AA,,Zero International,Anodized aluminum,,733,"[76.0, 469.5, 524.5, 480.6]",
715T,,False,,733,0.96,1,EA,DOOR SWEEP,8198AA,ZER,AA,,Zero International,Anodized aluminum,,733,"[76.0, 483.1, 524.5, 494.2]",
715T,,False,,733,0.96,1,EA,THRESHOLD,65A,ZER,A,,Zero International,Anodized aluminum,,733,"[76.0, 496.5, 524.5, 507.6]",
715TW,,False,,734,0.96,4,EA,HINGE,5BB1HW 5 X 4.5 NRP,IVE,630,,Ives,Satin stainless steel,,734,"[76.0, 115.8, 520.6, 126.9]",
715TW,,False,,734,0.96,1,EA,EXIT DEVICE,LD-43-TB-LC-8804 ETJ 26D/32D LENGTH AS REQ,SAR,626,,Sargent,Satin chrome,,734,"[76.0, 129.4, 525.0, 152.0]",
715TW,,False,,734,0.96,1,EA,_CYLINDER,AS REQUIRED,SAR,626,,Sargent,Satin chrome,,734,"[76.0, 154.3, 525.0, 165.4]",
715TW,,False,,734,0.96,1,EA,LFIC PERMANENT CORE,MATCH EXISTING KEY SYSTEM,SAR,626,,Sargent,Satin chrome,,734,"[76.0, 167.9, 525.0, 179.0]",
715TW,,False,,734,0.96,1,EA,SURFACE CLOSER,"4040XP SCUSH X TBWMS X MTG BRKT, SPCR & PLATE AS REQ",LCN,689,,LCN,Aluminum painted,,734,"[76.0, 181.3, 524.5, 204.0]",
715TW,,False,,734,0.96,1,EA,KICK PLATE,"8400 10"" X 2"" LDW B-CS",IVE,630,,Ives,Satin stainless steel,,734,"[76.0, 206.3, 520.6, 217.4]",
715TW,,False,,734,0.96,1,EA,RAIN DRIP,"142AA DW + 4""",ZER,AA,(OMIT @ COVERED OPENINGS),Zero International,Anodized aluminum,,734,"[76.0, 219.8, 524.5, 242.5]",
715TW,,False,,734,0.96,1,SET,GASKETING,328AA H & J,ZER,AA,,Zero International,Anodized aluminum,,734,"[76.0, 244.8, 524.5, 255.9]",
715TW,,False,,734,0.96,1,EA,DOOR SWEEP,8198AA,ZER,AA,,Zero International,Anodized aluminum,,734,"[76.0, 258.4, 524.5, 269.5]",
715TW,,False,,734,0.96,1,EA,THRESHOLD,65A,ZER,A,,Zero International,Anodized aluminum,,734,"[76.0, 271.8, 524.5, 282.9]",
730C,,False,,734,0.94,6,EA,HINGE,5BB1HW 4.5 X 4.5,IVE,652,"(PROVIDE NRP @ OUTSWING, LOCKABLE DOORS)",Ives,Satin chrome plated steel,,734,"[76.0, 340.5, 520.6, 374.6]",
730C,,False,,734,0.94,2,EA,EXIT DEVICE,LD-43-TB-8615 ETJ 26D/32D LENGTH & HEIGHT AS REQ,SAR,626,,Sargent,Satin chrome,,734,"[76.0, 377.0, 525.0, 399.6]",
730C,,False,,734,0.94,2,EA,SURFACE CLOSER,"4040XP SCUSH X TBWMS X MTG BRKT, SPCR & PLATE AS REQ",LCN,689,,LCN,Aluminum painted,,734,"[76.0, 402.0, 524.5, 424.7]",
730C,,False,,734,0.94,2,EA,KICK PLATE,"8400 10"" X 1"" LDW B-CS",IVE,630,,Ives,Satin stainless steel,,734,"[76.0, 427.0, 520.6, 438.1]",
730C,,False,,734,0.94,2,EA,SILENCER,SR64,IVE,GRY,,Ives,Gray,,734,"[76.0, 440.6, 520.6, 451.7]",
730CR,,False,,734,0.95,6,EA,HINGE,5BB1HW 4.5 X 4.5,IVE,652,"(PROVIDE NRP @ OUTSWING, LOCKABLE DOORS)",Ives,Satin chrome plated steel,,734,"[76.0, 509.2, 520.6, 543.2]",
730CR,,False,,734,0.95,2,EA,EXIT DEVICE,12-43-TB-8615 ETJ 26D/32D,SAR,626,,Sargent,Satin chrome,,734,"[76.0, 545.7, 525.0, 556.8]",
730CR,,False,,734,0.95,2,EA,SURFACE CLOSER,"4040XP SCUSH X TBWMS X MTG BRKT, SPCR & PLATE AS REQ",LCN,689,,LCN,Aluminum painted,,734,"[76.0, 559.1, 524.5, 581.8]",
730CR,,False,,734,0.95,2,EA,KICK PLATE,"8400 10"" X 1"" LDW B-CS",IVE,630,,Ives,Satin stainless steel,,734,"[76.0, 584.2, 520.6, 595.4]",
730CR,,False,,734,0.95,1,EA,GASKETING,488S PSA H & J,ZER,BK,,Zero International,Black,,734,"[76.0, 597.7, 524.5, 608.8]",
730R,,False,,735,0.96,6,EA,HINGE,5BB1HW 4.5 X 4.5,IVE,652,"(PROVIDE NRP @ OUTSWING, LOCKABLE DOORS)",Ives,Satin chrome plated steel,,735,"[76.0, 115.8, 520.6, 150.0]",
730R,,False,,735,0.96,2,EA,EXIT DEVICE,12-43-TB-8615 ETJ 26D/32D,SAR,626,,Sargent,Satin chrome,,735,"[76.0, 152.3, 525.0, 163.4]",
730R,,False,,735,0.96,2,EA,SURFACE CLOSER,"4040XP RW/PA TBWMS X MTG BRKT, SPCR & PLATE AS REQ",LCN,689,,LCN,Aluminum painted,,735,"[76.0, 165.8, 524.5, 188.5]",
730R,,False,,735,0.96,2,EA,KICK PLATE,"8400 10"" X 1"" LDW B-CS",IVE,630,,Ives,Satin stainless steel,,735,"[76.0, 190.8, 520.6, 201.9]",
730R,,False,,735,0.96,2,EA,WALL STOP,WS406/407CCV,IVE,630,,Ives,Satin stainless steel,,735,"[76.0, 204.4, 520.6, 215.5]",
730R,,False,,735,0.96,1,EA,GASKETING,488S PSA H & J,ZER,BK,,Zero International,Black,,735,"[76.0, 217.8, 524.5, 228.9]",
731CRTW,,False,,735,0.94,4,EA,HINGE,5BB1HW 5 X 4.5,IVE,652,"(PROVIDE NRP @ OUTSWING, LOCKABLE DOORS)",Ives,Satin chrome plated steel,,735,"[76.0, 286.5, 520.6, 320.6]",
731CRTW,,False,,735,0.94,1,EA,EXIT DEVICE,12-8815 ETJ 26D/32D LENGTH AS REQ,SAR,626,,Sargent,Satin chrome,,735,"[76.0, 323.0, 525.0, 345.6]",
731CRTW,,False,,735,0.94,1,EA,SURFACE CLOSER,"4040XP SCUSH X TBWMS X MTG BRKT, SPCR & PLATE AS REQ",LCN,689,,LCN,Aluminum painted,,735,"[76.0, 348.0, 524.5, 370.7]",
731CRTW,,False,,735,0.94,1,EA,KICK PLATE,"8400 10"" X 2"" LDW B-CS",IVE,630,,Ives,Satin stainless steel,,735,"[76.0, 373.0, 520.6, 384.1]",
731CRTW,,False,,735,0.94,1,EA,GASKETING,488S PSA H & J,ZER,BK,,Zero International,Black,,735,"[76.0, 386.6, 524.5, 397.7]",
731CRW,,False,,735,0.94,3,EA,HINGE,5BB1HW 5 X 4.5,IVE,652,"(PROVIDE NRP @ OUTSWING, LOCKABLE DOORS)",Ives,Satin chrome plated steel,,735,"[76.0, 455.2, 520.6, 489.2]",
731CRW,,False,,735,0.94,1,EA,EXIT DEVICE,12-8815 ETJ 26D/32D LENGTH AS REQ,SAR,626,,Sargent,Satin chrome,,735,"[76.0, 491.7, 525.0, 514.3]",
731CRW,,False,,735,0.94,1,EA,SURFACE CLOSER,"4040XP SCUSH X TBWMS X MTG BRKT, SPCR & PLATE AS REQ",LCN,689,,LCN,Aluminum painted,,735,"[76.0, 516.7, 524.5, 539.3]",
731CRW,,False,,735,0.94,1,EA,KICK PLATE,"8400 10"" X 2"" LDW B-CS",IVE,630,,Ives,Satin stainless steel,,735,"[76.0, 541.6, 520.6, 552.7]",
731CRW,,False,,735,0.94,1,EA,GASKETING,488S PSA H & J,ZER,BK,,Zero International,Black,,735,"[76.0, 555.2, 524.5, 566.3]",
731R,,False,,736,0.95,3,EA,HINGE,5BB1HW 4.5 X 4.5,IVE,652,"(PROVIDE NRP @ OUTSWING, LOCKABLE DOORS)",Ives,Satin chrome plated steel,,736,"[76.0, 115.8, 520.6, 150.0]",
731R,,False,,736,0.95,1,EA,EXIT DEVICE,12-8815 ETJ 26D/32D LENGTH AS REQ,SAR,626,,Sargent,Satin chrome,,736,"[76.0, 152.3, 525.0, 174.9]",
731R,,False,,736,0.95,1,EA,SURFACE CLOSER,"4040XP RW/PA TBWMS X MTG BRKT, SPCR & PLATE AS REQ",LCN,689,,LCN,Aluminum painted,,736,"[76.0, 177.4, 524.5, 200.0]",
731R,,False,,736,0.95,1,EA,KICK PLATE,"8400 10"" X 2"" LDW B-CS",IVE,630,,Ives,Satin stainless steel,,736,"[76.0, 202.3, 520.6, 213.4]",
731R,,False,,736,0.95,1,EA,WALL STOP,WS406/407CCV,IVE,630,,Ives,Satin stainless steel,,736,"[76.0, 215.9, 520.6, 227.0]",
731R,,False,,736,0.95,1,EA,GASKETING,488S PSA H & J,ZER,BK,,Zero International,Black,,736,"[76.0, 229.3, 524.5, 240.4]",
731RW,,False,,736,0.95,3,EA,HINGE,5BB1HW 5 X 4.5,IVE,652,"(PROVIDE NRP @ OUTSWING, LOCKABLE DOORS)",Ives,Satin chrome plated steel,,736,"[76.0, 298.0, 520.6, 332.1]",
731RW,,False,,736,0.95,1,EA,EXIT DEVICE,12-8815 ETJ 26D/32D LENGTH AS REQ,SAR,626,,Sargent,Satin chrome,,736,"[76.0, 334.5, 525.0, 357.1]",
731RW,,False,,736,0.95,1,EA,SURFACE CLOSER,"4040XP RW/PA TBWMS X MTG BRKT, SPCR & PLATE AS REQ",LCN,689,,LCN,Aluminum painted,,736,"[76.0, 359.6, 524.5, 382.1]",
731RW,,False,,736,0.95,1,EA,KICK PLATE,"8400 10"" X 2"" LDW B-CS",IVE,630,,Ives,Satin stainless steel,,736,"[76.0, 384.5, 520.6, 395.6]",
731RW,,False,,736,0.95,1,EA,WALL STOP,WS406/407CCV,IVE,630,,Ives,Satin stainless steel,,736,"[76.0, 398.0, 520.6, 409.1]",
731RW,,False,,736,0.95,1,EA,GASKETING,488S PSA H & J,ZER,BK,,Zero International,Black,,736,"[76.0, 411.5, 524.5, 422.6]",
737R,,False,,736,0.94,3,EA,HINGE,5BB1HW 4.5 X 4.5,IVE,652,"(PROVIDE NRP @ OUTSWING, LOCKABLE DOORS)",Ives,Satin chrome plated steel,,736,"[76.0, 480.2, 520.6, 514.3]",
737R,,False,,736,0.94,1,EA,EXIT DEVICE,12-8815 ETJ 26D/32D LENGTH AS REQ,SAR,626,,Sargent,Satin chrome,,736,"[76.0, 516.7, 525.0, 539.3]",
737R,,False,,736,0.94,1,EA,OH STOP,100S SERIES X SIZE & MOUNTING AS REQ,GLY,630,,Glynn-Johnson,Satin stainless steel,,736,"[76.0, 541.6, 524.5, 564.2]",
737R,,False,,736,0.94,1,EA,SURFACE CLOSER,"4040XP RW/PA TBWMS X MTG BRKT, SPCR & PLATE AS REQ",LCN,689,,LCN,Aluminum painted,,736,"[76.0, 566.7, 524.5, 589.4]",
737R,,False,,736,0.94,1,EA,KICK PLATE,"8400 10"" X 2"" LDW B-CS",IVE,630,,Ives,Satin stainless steel,,736,"[76.0, 591.7, 520.6, 602.8]",
737R,,False,,736,0.94,1,EA,GASKETING,488S PSA H & J,ZER,BK,,Zero International,Black,,736,"[76.0, 605.1, 524.5, 616.2]",
800AL,,False,,737,0.95,2,EA,CONT. HINGE,112XY,IVE,628,,Ives,"Satin aluminum, clear anodized",,737,"[76.0, 115.8, 520.6, 126.9]",
800AL,,False,,737,0.95,1,EA,MS DEADBOLT,MS1850S SERIES X 4015 X 4016 X 4085 X 4089 (INDICATOR) (BACKSET AS REQ),ADA,628,,Adams Rite,"Satin aluminum, clear anodized",,737,"[76.0, 129.4, 525.0, 163.4]",
800AL,,False,,737,0.95,2,EA,CYLINDER,AS REQUIRED,SAR,626,,Sargent,Satin chrome,,737,"[76.0, 165.8, 525.0, 177.0]",
800AL,,False,,737,0.95,2,EA,LFIC PERMANENT CORE,MATCH EXISTING KEY SYSTEM,SAR,626,,Sargent,Satin chrome,,737,"[76.0, 179.3, 525.0, 190.4]",
800AL,,False,,737,0.95,2,EA,PUSH/PULL BAR,"9190-NO-10""",IVE,630,,Ives,Satin stainless steel,,737,"[76.0, 192.8, 520.6, 204.0]",
800AL,,False,,737,0.95,2,EA,SURFACE CLOSER,"4040XP SCUSH X TBWMS X MTG BRKT, SPCR & PLATE AS REQ",LCN,689,,LCN,Aluminum painted,,737,"[76.0, 206.3, 524.5, 228.9]",
800AL,,False,,737,0.95,1,SET,SEAL,PERIMETER SEAL BY FRAME MFR,,,,,,,737,"[76.0, 231.4, 450.8, 242.5]",
800AL,,False,,737,0.95,1,SET,ASTRAGAL,MEETING STILE SEAL BY DOOR MFR,,,,,,,737,"[76.0, 244.8, 439.2, 267.5]",
801,,False,,737,0.96,3,EA,HINGE,5BB1HW 4.5 X 4.5,IVE,652,"(PROVIDE NRP @ OUTSWING, LOCKABLE DOORS)",Ives,Satin chrome plated steel,,737,"[76.0, 325.0, 520.6, 359.1]",
801,,False,,737,0.96,1,EA,PUSH PLATE,"8200 4"" X 16""",IVE,630,,Ives,Satin stainless steel,,737,"[76.0, 361.5, 520.6, 372.6]",
801,,False,,737,0.96,1,EA,PULL PLATE,"8303 10"" 4"" X 16"" F",IVE,630,,Ives,Satin stainless steel,,737,"[76.0, 375.0, 520.6, 386.1]",
801,,False,,737,0.96,1,EA,SURFACE CLOSER,"4040XP RW/PA TBWMS X MTG BRKT, SPCR & PLATE AS REQ",LCN,689,,LCN,Aluminum painted,,737,"[76.0, 388.5, 524.5, 411.1]",
801,,False,,737,0.96,1,EA,KICK PLATE,"8400 10"" X 2"" LDW B-CS",IVE,630,,Ives,Satin stainless steel,,737,"[76.0, 413.6, 520.6, 424.7]",
801,,False,,737,0.96,1,EA,WALL STOP,WS406/407CCV,IVE,630,,Ives,Satin stainless steel,,737,"[76.0, 427.0, 520.6, 438.1]",
801,,False,,737,0.96,3,EA,SILENCER,SR64,IVE,GRY,,Ives,Gray,,737,"[76.0, 440.6, 520.6, 451.7]",
804AIL,,False,,738,0.95,2,EA,CONT. HINGE,112XY,IVE,628,,Ives,"Satin aluminum, clear anodized",,738,"[76.0, 115.8, 520.6, 126.9]",
804AIL,,False,,738,0.95,1,EA,MS DEADBOLT,MS1850S SERIES X 4015 X 4016 X 4085 X 4089 (INDICATOR) (BACKSET AS REQ),ADA,628,,Adams Rite,"Satin aluminum, clear anodized",,738,"[76.0, 129.4, 525.0, 163.4]",
804AIL,,False,,738,0.95,2,EA,CYLINDER,AS REQUIRED,SAR,626,,Sargent,Satin chrome,,738,"[76.0, 165.8, 525.0, 177.0]",
804AIL,,False,,738,0.95,2,EA,LFIC PERMANENT CORE,MATCH EXISTING KEY SYSTEM,SAR,626,,Sargent,Satin chrome,,738,"[76.0, 179.3, 525.0, 190.4]",
804AIL,,False,,738,0.95,2,EA,PUSH/PULL BAR,"9190-NO-10""",IVE,630,,Ives,Satin stainless steel,,738,"[76.0, 192.8, 520.6, 204.0]",
804AIL,,False,,738,0.95,2,EA,OH STOP,100S SERIES X SIZE & MOUNTING AS REQ,GLY,630,,Glynn-Johnson,Satin stainless steel,,738,"[76.0, 206.3, 524.5, 228.9]",
804AIL,,False,,738,0.95,2,EA,SURFACE CLOSER,"4040XP RW/PA TBWMS X MTG BRKT, SPCR & PLATE AS REQ",LCN,689,,LCN,Aluminum painted,,738,"[76.0, 231.4, 524.5, 254.0]",
804AIL,,False,,738,0.95,1,EA,RAIN DRIP,"142AA DW + 4""",ZER,AA,(OMIT @ COVERED OPENINGS),Zero International,Anodized aluminum,,738,"[76.0, 256.4, 524.5, 279.0]",
804AIL,,False,,738,0.95,1,SET,SEAL,PERIMETER SEAL BY FRAME MFR,,,,,,,738,"[76.0, 281.3, 450.8, 292.4]",
804AIL,,False,,738,0.95,1,SET,ASTRAGAL,MEETING STILE SEAL BY DOOR MFR,,,,,,,738,"[76.0, 294.9, 439.2, 317.5]",
804AIL,,False,,738,0.95,2,EA,DOOR SWEEP,8198AA,ZER,AA,,Zero International,Anodized aluminum,,738,"[76.0, 319.8, 524.5, 330.9]",
804AIL,,False,,738,0.95,1,EA,THRESHOLD,65A,ZER,A,,Zero International,Anodized aluminum,,738,"[76.0, 333.4, 524.5, 344.5]",
804AL,,False,,738,0.95,2,EA,CONT. HINGE,112XY,IVE,628,,Ives,"Satin aluminum, clear anodized",,738,"[76.0, 419.6, 520.6, 430.7]",
804AL,,False,,738,0.95,1,EA,MS DEADBOLT,MS1850S SERIES X 4015 X 4016 X 4085 X 4089 (INDICATOR) (BACKSET AS REQ),ADA,628,,Adams Rite,"Satin aluminum, clear anodized",,738,"[76.0, 433.0, 525.0, 467.2]",
804AL,,False,,738,0.95,2,EA,CYLINDER,AS REQUIRED,SAR,626,,Sargent,Satin chrome,,738,"[76.0, 469.5, 525.0, 480.6]",
804AL,,False,,738,0.95,2,EA,LFIC PERMANENT CORE,MATCH EXISTING KEY SYSTEM,SAR,626,,Sargent,Satin chrome,,738,"[76.0, 483.1, 525.0, 494.2]",
804AL,,False,,738,0.95,2,EA,PUSH/PULL BAR,"9190-NO-10""",IVE,630,,Ives,Satin stainless steel,,738,"[76.0, 496.5, 520.6, 507.6]",
804AL,,False,,738,0.95,2,EA,SURFACE CLOSER,"4040XP SCUSH X TBWMS X MTG BRKT, SPCR & PLATE AS REQ",LCN,689,,LCN,Aluminum painted,,738,"[76.0, 510.1, 524.5, 532.6]",
804AL,,False,,738,0.95,1,EA,RAIN DRIP,"142AA DW + 4""",ZER,AA,(OMIT @ COVERED OPENINGS),Zero International,Anodized aluminum,,738,"[76.0, 535.0, 524.5, 557.6]",
804AL,,False,,738,0.95,1,SET,SEAL,PERIMETER SEAL BY FRAME MFR,,,,,,,738,"[76.0, 560.0, 450.8, 571.1]",
804AL,,False,,738,0.95,1,SET,ASTRAGAL,MEETING STILE SEAL BY DOOR MFR,,,,,,,738,"[76.0, 573.6, 439.2, 596.2]",
804AL,,False,,738,0.95,2,EA,DOOR SWEEP,8198AA,ZER,AA,,Zero International,Anodized aluminum,,738,"[76.0, 598.5, 524.5, 609.6]",
804AL,,False,,738,0.95,1,EA,THRESHOLD,65A,ZER,A,,Zero International,Anodized aluminum,,738,"[76.0, 612.1, 524.5, 623.2]",
805ILTW,,False,,739,0.96,4,EA,HINGE,5BB1HW 5 X 4.5,IVE,630,,Ives,Satin stainless steel,,739,"[76.0, 115.8, 520.6, 126.9]",
805ILTW,,False,,739,0.96,1,EA,MORTISE DEADLOCK,64-V11-8222 26D,SAR,626,,Sargent,Satin chrome,,739,"[76.0, 129.4, 525.0, 140.5]",
805ILTW,,False,,739,0.96,2,EA,LFIC PERMANENT CORE,MATCH EXISTING KEY SYSTEM,SAR,626,,Sargent,Satin chrome,,739,"[76.0, 142.8, 525.0, 153.9]",
805ILTW,,False,,739,0.96,1,EA,90 DEG OFFSET PULL,"8190-O 10""",IVE,630,,Ives,Satin stainless steel,,739,"[76.0, 156.4, 520.6, 167.5]",
805ILTW,,False,,739,0.96,1,EA,DUMMY PUSH BAR,8893 26D,SAR,626,,Sargent,Satin chrome,,739,"[76.0, 169.8, 525.0, 180.9]",
805ILTW,,False,,739,0.96,1,EA,SURFACE CLOSER,"4040XP RW/PA TBWMS X MTG BRKT, SPCR & PLATE AS REQ",LCN,689,,LCN,Aluminum painted,,739,"[76.0, 183.4, 524.5, 206.0]",
805ILTW,,False,,739,0.96,1,EA,WALL STOP,WS406/407CCV,IVE,630,,Ives,Satin stainless steel,,739,"[76.0, 208.3, 520.6, 219.4]",
805ILTW,,False,,739,0.96,1,EA,RAIN DRIP,"142AA DW + 4""",ZER,AA,(OMIT @ COVERED OPENINGS),Zero International,Anodized aluminum,,739,"[76.0, 221.9, 524.5, 244.4]",
805ILTW,,False,,739,0.96,1,SET,GASKETING,328AA H & J,ZER,AA,,Zero International,Anodized aluminum,,739,"[76.0, 246.9, 524.5, 258.0]",
805ILTW,,False,,739,0.96,1,EA,DOOR SWEEP,8198AA,ZER,AA,,Zero International,Anodized aluminum,,739,"[76.0, 260.3, 524.5, 271.4]",
805ILTW,,False,,739,0.96,1,EA,THRESHOLD,655A,ZER,A,,Zero International,Anodized aluminum,,739,"[76.0, 273.9, 524.5, 285.0]",
952L,,False,,739,0.95,2,EA,POCKET DOOR KIT,9850 SERIES X SIZE AS REQ,HAG,,,Hager,,,739,"[76.0, 360.0, 526.1, 371.1]",
952L,,False,,739,0.95,1,EA,MULLION CONVERGING KIT,9639CS,HAG,,,Hager,,,739,"[76.0, 373.5, 526.1, 384.6]",
952L,,False,,739,0.95,1,EA,POCKET DOOR LOCK,CLASSROOM LOCK 2001ADAP- 3ST W/PULLS,ACC,626,,Accurate Lock & Hardware,Satin chrome,,739,"[76.0, 387.0, 525.6, 409.7]",
952L,,False,,739,0.95,1,EA,CYLINDER,AS REQUIRED,SAR,626,,Sargent,Satin chrome,,739,"[76.0, 412.0, 525.0, 423.1]",
952L,,False,,739,0.95,1,EA,LFIC PERMANENT CORE NOTE,MATCH EXISTING KEY SYSTEM BALANCE OF HARDWARE BY DOOR Mfr,SAR,626,,Sargent,Satin chrome,,739,"[76.0, 425.6, 525.0, 461.6]",
C001,,False,,740,0.95,1,EA,MORTISE CYLINDER,20-061 ICX W/KEYED CONST. CORE,SCH,626,,Schlage,Satin chrome,,740,"[76.0, 115.8, 525.6, 138.4]",
C001,,False,,740,0.95,1,EA,FSIC PERMANENT CORE,23-030,SCH,626,,Schlage,Satin chrome,,740,"[76.0, 140.9, 525.6, 152.0]",
C001,,False,,740,0.95,1,EA,CREDENTIAL READER,AS SPECIFIED IN DIVISION 28,UNK,,,Unknown,,,740,"[76.0, 154.3, 525.6, 165.4]",
C001,,False,,740,0.95,1,EA,DOOR CONTACT,674-OH,SCE,628,,Schlage Electronics,"Satin aluminum, clear anodized",,740,"[76.0, 167.9, 525.0, 179.0]",
C001,,False,,740,0.95,1,,NOTE,BALANCE OF HARDWARE BY DOOR Mfr,,,,,,,740,"[76.0, 181.3, 426.5, 204.0]",
C200,,False,,740,0.95,6,EA,HINGE,5BB1 4.5 X 4.5,IVE,652,,Ives,Satin chrome plated steel,,740,"[76.0, 290.6, 520.6, 301.7]",
C200,,False,,740,0.95,1,EA,POWER TRANSFER,EPT10 CON,VON,689,,Von Duprin,Aluminum painted,,740,"[76.0, 304.0, 526.2, 315.1]",
C200,,False,,740,0.95,1,EA,AUTO FLUSH BOLT,FB31P/FB41P AS REQ,IVE,630,,Ives,Satin stainless steel,,740,"[76.0, 317.6, 520.6, 328.7]",
C200,,False,,740,0.95,1,EA,DUST PROOF STRIKE,DP2,IVE,626,,Ives,Satin chrome,,740,"[76.0, 331.0, 520.6, 342.1]",
C200,,False,,740,0.95,1,EA,EU MORTISE LOCK,LX-RX-64-8271 LE2J 26D FAIL SECURE,SAR,626,,Sargent,Satin chrome,,740,"[76.0, 344.6, 525.0, 367.1]",
C200,,False,,740,0.95,1,EA,LFIC PERMANENT CORE,MATCH EXISTING KEY SYSTEM,SAR,626,,Sargent,Satin chrome,,740,"[76.0, 369.5, 525.0, 380.6]",
C200,,False,,740,0.95,1,EA,COORDINATOR,COR X FL X MB X HW PREPS,IVE,628,,Ives,"Satin aluminum, clear anodized",,740,"[76.0, 383.0, 520.6, 394.1]",
C200,,False,,740,0.95,2,EA,SURFACE CLOSER,"4040XP RW/PA TBWMS X MTG BRKT, SPCR & PLATE AS REQ",LCN,689,,LCN,Aluminum painted,,740,"[76.0, 396.5, 524.5, 419.2]",
C200,,False,,740,0.95,2,EA,KICK PLATE,"8400 10"" X 1"" LDW B-CS",IVE,630,,Ives,Satin stainless steel,,740,"[76.0, 421.5, 520.6, 432.6]",
C200,,False,,740,0.95,2,EA,WALL STOP,WS406/407CCV,IVE,630,,Ives,Satin stainless steel,,740,"[76.0, 435.1, 520.6, 446.2]",
C200,,False,,740,0.95,1,EA,GASKETING,488S PSA H & J (USE SILENCERS @ NON-RATED DOORS),ZER,BK,,Zero International,Black,,740,"[76.0, 448.5, 524.5, 471.1]",
C200,,False,,740,0.95,1,SET,MEETING STILE,8193AA (2 PCS - 1 SET) (OMIT @ NON-RATED DOORS),ZER,AA,,Zero International,Anodized aluminum,,740,"[76.0, 473.5, 524.5, 496.1]",
C200,,False,,740,0.95,1,EA,WIRE HARNESS (IN DOOR),ASSA ABLOY ELECTROLYNX TYPE & LENGTH AS REQ,MCK,,,McKinney,,,740,"[76.0, 498.5, 526.7, 521.2]",
C200,,False,,740,0.95,1,EA,WIRE HARNESS (TO POWER SUPPLY),QC-C006 - CONNECTION LEADS,MCK,,,McKinney,,,740,"[76.0, 523.5, 526.7, 546.1]",
C200,,False,,740,0.95,1,EA,CREDENTIAL READER,AS SPECIFIED IN DIVISION 28,UNK,,,Unknown,,,740,"[76.0, 548.5, 525.6, 559.6]",
C200,,False,,740,0.95,2,EA,DOOR POSITION SWITCH,AS SPECIFIED IN DIVISION 28,B/O,,,By Others,,,740,"[76.0, 562.0, 521.7, 573.1]",
C200,,False,,740,0.95,1,EA,POWER SUPPLY,AS SPECIFIED IN DIVISION 28,B/O,,,By Others,,,740,"[76.0, 575.5, 521.7, 586.6]",
C200C,,False,,741,0.95,6,EA,HINGE,5BB1 4.5 X 4.5,IVE,652,,Ives,Satin chrome plated steel,,741,"[76.0, 115.8, 520.6, 126.9]",
C200C,,False,,741,0.95,1,EA,POWER TRANSFER,EPT10 CON,VON,689,,Von Duprin,Aluminum painted,,741,"[76.0, 129.4, 526.2, 140.5]",
C200C,,False,,741,0.95,1,EA,AUTO FLUSH BOLT,FB31P/FB41P AS REQ,IVE,630,,Ives,Satin stainless steel,,741,"[76.0, 142.8, 520.6, 153.9]",
C200C,,False,,741,0.95,1,EA,DUST PROOF STRIKE,DP2,IVE,626,,Ives,Satin chrome,,741,"[76.0, 156.4, 520.6, 167.5]",
C200C,,False,,741,0.95,1,EA,EU MORTISE LOCK,LX-RX-64-8271 LE2J 26D FAIL SECURE,SAR,626,,Sargent,Satin chrome,,741,"[76.0, 169.8, 525.0, 192.4]",
C200C,,False,,741,0.95,1,EA,LFIC PERMANENT CORE,MATCH EXISTING KEY SYSTEM,SAR,626,,Sargent,Satin chrome,,741,"[76.0, 194.9, 525.0, 206.0]",
C200C,,False,,741,0.95,1,EA,COORDINATOR,COR X FL X MB X HW PREPS,IVE,628,,Ives,"Satin aluminum, clear anodized",,741,"[76.0, 208.3, 520.6, 219.4]",
C200C,,False,,741,0.95,2,EA,SURFACE CLOSER,"4040XP SCUSH X TBWMS X MTG BRKT, SPCR & PLATE AS REQ",LCN,689,,LCN,Aluminum painted,,741,"[76.0, 221.9, 524.5, 244.4]",
C200C,,False,,741,0.95,2,EA,KICK PLATE,"8400 10"" X 1"" LDW B-CS",IVE,630,,Ives,Satin stainless steel,,741,"[76.0, 246.9, 520.6, 258.0]",
C200C,,False,,741,0.95,1,EA,GASKETING,488S PSA H & J (USE SILENCERS @ NON-RATED DOORS),ZER,BK,,Zero International,Black,,741,"[76.0, 260.3, 524.5, 282.9]",
C200C,,False,,741,0.95,1,SET,MEETING STILE,8193AA (2 PCS - 1 SET) (OMIT @ NON-RATED DOORS),ZER,AA,,Zero International,Anodized aluminum,,741,"[76.0, 285.4, 524.5, 308.0]",
C200C,,False,,741,0.95,1,EA,WIRE HARNESS (IN DOOR),ASSA ABLOY ELECTROLYNX TYPE & LENGTH AS REQ,MCK,,,McKinney,,,741,"[76.0, 310.4, 526.7, 333.0]",
C200C,,False,,741,0.95,1,EA,WIRE HARNESS (TO POWER SUPPLY),QC-C006 - CONNECTION LEADS,MCK,,,McKinney,,,741,"[76.0, 335.3, 526.7, 357.9]",
C200C,,False,,741,0.95,1,EA,CREDENTIAL READER,AS SPECIFIED IN DIVISION 28,UNK,,,Unknown,,,741,"[76.0, 360.4, 525.6, 371.5]",
C200C,,False,,741,0.95,2,EA,DOOR POSITION SWITCH,AS SPECIFIED IN DIVISION 28,B/O,,,By Others,,,741,"[76.0, 373.8, 521.7, 384.9]",
C200C,,False,,741,0.95,1,EA,POWER SUPPLY,AS SPECIFIED IN DIVISION 28,B/O,,,By Others,,,741,"[76.0, 387.4, 521.7, 398.5]",
C200CT,,False,,742,0.95,8,EA,HINGE,5BB1 4.5 X 4.5,IVE,652,,Ives,Satin chrome plated steel,,742,"[76.0, 115.8, 520.6, 126.9]",
C200CT,,False,,742,0.95,1,EA,POWER TRANSFER,EPT10 CON,VON,689,,Von Duprin,Aluminum painted,,742,"[76.0, 129.4, 526.2, 140.5]",
C200CT,,False,,742,0.95,1,EA,AUTO FLUSH BOLT,FB31P/FB41P AS REQ,IVE,630,,Ives,Satin stainless steel,,742,"[76.0, 142.8, 520.6, 153.9]",
C200CT,,False,,742,0.95,1,EA,DUST PROOF STRIKE,DP2,IVE,626,,Ives,Satin chrome,,742,"[76.0, 156.4, 520.6, 167.5]",
C200CT,,False,,742,0.95,1,EA,EU MORTISE LOCK,LX-RX-64-8271 LE2J 26D FAIL SECURE,SAR,626,,Sargent,Satin chrome,,742,"[76.0, 169.8, 525.0, 192.4]",
C200CT,,False,,742,0.95,1,EA,LFIC PERMANENT CORE,MATCH EXISTING KEY SYSTEM,SAR,626,,Sargent,Satin chrome,,742,"[76.0, 194.9, 525.0, 206.0]",
C200CT,,False,,742,0.95,1,EA,COORDINATOR,COR X FL X MB X HW PREPS,IVE,628,,Ives,"Satin aluminum, clear anodized",,742,"[76.0, 208.3, 520.6, 219.4]",
C200CT,,False,,742,0.95,2,EA,SURFACE CLOSER,"4040XP SCUSH X TBWMS X MTG BRKT, SPCR & PLATE AS REQ",LCN,689,,LCN,Aluminum painted,,742,"[76.0, 221.9, 524.5, 244.4]",
C200CT,,False,,742,0.95,2,EA,KICK PLATE,"8400 10"" X 1"" LDW B-CS",IVE,630,,Ives,Satin stainless steel,,742,"[76.0, 246.9, 520.6, 258.0]",
C200CT,,False,,742,0.95,1,EA,GASKETING,488S PSA H & J (USE SILENCERS @ NON-RATED DOORS),ZER,BK,,Zero International,Black,,742,"[76.0, 260.3, 524.5, 282.9]",
C200CT,,False,,742,0.95,1,SET,MEETING STILE,8193AA (2 PCS - 1 SET) (OMIT @ NON-RATED DOORS),ZER,AA,,Zero International,Anodized aluminum,,742,"[76.0, 285.4, 524.5, 308.0]",
C200CT,,False,,742,0.95,1,EA,WIRE HARNESS (IN DOOR),ASSA ABLOY ELECTROLYNX TYPE & LENGTH AS REQ,MCK,,,McKinney,,,742,"[76.0, 310.4, 526.7, 333.0]",
C200CT,,False,,742,0.95,1,EA,WIRE HARNESS (TO POWER SUPPLY),QC-C006 - CONNECTION LEADS,MCK,,,McKinney,,,742,"[76.0, 335.3, 526.7, 357.9]",
C200CT,,False,,742,0.95,1,EA,CREDENTIAL READER,AS SPECIFIED IN DIVISION 28,UNK,,,Unknown,,,742,"[76.0, 360.4, 525.6, 371.5]",
C200CT,,False,,742,0.95,2,EA,DOOR POSITION SWITCH,AS SPECIFIED IN DIVISION 28,B/O,,,By Others,,,742,"[76.0, 373.8, 521.7, 384.9]",
C200CT,,False,,742,0.95,1,EA,POWER SUPPLY,AS SPECIFIED IN DIVISION 28,B/O,,,By Others,,,742,"[76.0, 387.4, 521.7, 398.5]",
C200S1,,False,,743,0.95,6,EA,HINGE,5BB1 4.5 X 4.5,IVE,652,,Ives,Satin chrome plated steel,,743,"[76.0, 115.8, 520.6, 126.9]",
C200S1,,False,,743,0.95,1,EA,POWER TRANSFER,EPT10 CON,VON,689,,Von Duprin,Aluminum painted,,743,"[76.0, 129.4, 526.2, 140.5]",
C200S1,,False,,743,0.95,1,EA,AUTO FLUSH BOLT,FB31P/FB41P AS REQ,IVE,630,,Ives,Satin stainless steel,,743,"[76.0, 142.8, 520.6, 153.9]",
C200S1,,False,,743,0.95,1,EA,DUST PROOF STRIKE,DP2,IVE,626,,Ives,Satin chrome,,743,"[76.0, 156.4, 520.6, 167.5]",
C200S1,,False,,743,0.95,1,EA,EU MORTISE LOCK,LX-RX-64-8271 LE2J 26D FAIL SECURE,SAR,626,,Sargent,Satin chrome,,743,"[76.0, 169.8, 525.0, 192.4]",
C200S1,,False,,743,0.95,1,EA,LFIC PERMANENT CORE,MATCH EXISTING KEY SYSTEM,SAR,626,,Sargent,Satin chrome,,743,"[76.0, 194.9, 525.0, 206.0]",
C200S1,,False,,743,0.95,1,EA,COORDINATOR,COR X FL X MB X HW PREPS,IVE,628,,Ives,"Satin aluminum, clear anodized",,743,"[76.0, 208.3, 520.6, 219.4]",
C200S1,,False,,743,0.95,1,EA,OH STOP,100S SERIES X SIZE & MOUNTING AS REQ,GLY,630,,Glynn-Johnson,Satin stainless steel,,743,"[76.0, 221.9, 524.5, 244.4]",
C200S1,,False,,743,0.95,2,EA,SURFACE CLOSER,"4040XP RW/PA TBWMS X MTG BRKT, SPCR & PLATE AS REQ",LCN,689,,LCN,Aluminum painted,,743,"[76.0, 246.9, 524.5, 269.5]",
C200S1,,False,,743,0.95,2,EA,KICK PLATE,"8400 10"" X 1"" LDW B-CS",IVE,630,,Ives,Satin stainless steel,,743,"[76.0, 271.8, 520.6, 282.9]",
C200S1,,False,,743,0.95,1,EA,WALL STOP,WS406/407CCV,IVE,630,,Ives,Satin stainless steel,,743,"[76.0, 285.4, 520.6, 296.5]",
C200S1,,False,,743,0.95,1,EA,GASKETING,488S PSA H & J (USE SILENCERS @ NON-RATED DOORS),ZER,BK,,Zero International,Black,,743,"[76.0, 298.8, 524.5, 321.5]",
C200S1,,False,,743,0.95,1,SET,MEETING STILE,8193AA (2 PCS - 1 SET) (OMIT @ NON-RATED DOORS),ZER,AA,,Zero International,Anodized aluminum,,743,"[76.0, 323.9, 524.5, 346.4]",
C200S1,,False,,743,0.95,1,EA,WIRE HARNESS (IN DOOR),ASSA ABLOY ELECTROLYNX TYPE & LENGTH AS REQ,MCK,,,McKinney,,,743,"[76.0, 348.9, 526.7, 371.5]",
C200S1,,False,,743,0.95,1,EA,WIRE HARNESS (TO POWER SUPPLY),QC-C006 - CONNECTION LEADS,MCK,,,McKinney,,,743,"[76.0, 373.8, 526.7, 396.5]",
C200S1,,False,,743,0.95,1,EA,CREDENTIAL READER,AS SPECIFIED IN DIVISION 28,UNK,,,Unknown,,,743,"[76.0, 398.8, 525.6, 409.9]",
C200S1,,False,,743,0.95,2,EA,DOOR POSITION SWITCH,AS SPECIFIED IN DIVISION 28,B/O,,,By Others,,,743,"[76.0, 412.4, 521.7, 423.5]",
C200S1,,False,,743,0.95,1,EA,POWER SUPPLY,AS SPECIFIED IN DIVISION 28,B/O,,,By Others,,,743,"[76.0, 425.8, 521.7, 436.9]",
C200T,,False,,744,0.95,8,EA,HINGE,5BB1 4.5 X 4.5,IVE,652,,Ives,Satin chrome plated steel,,744,"[76.0, 115.8, 520.6, 126.9]",
C200T,,False,,744,0.95,1,EA,POWER TRANSFER,EPT10 CON,VON,689,,Von Duprin,Aluminum painted,,744,"[76.0, 129.4, 526.2, 140.5]",
C200T,,False,,744,0.95,1,EA,AUTO FLUSH BOLT,FB31P/FB41P AS REQ,IVE,630,,Ives,Satin stainless steel,,744,"[76.0, 142.8, 520.6, 153.9]",
C200T,,False,,744,0.95,1,EA,DUST PROOF STRIKE,DP2,IVE,626,,Ives,Satin chrome,,744,"[76.0, 156.4, 520.6, 167.5]",
C200T,,False,,744,0.95,1,EA,EU MORTISE LOCK,LX-RX-64-8271 LE2J 26D FAIL SECURE,SAR,626,,Sargent,Satin chrome,,744,"[76.0, 169.8, 525.0, 192.4]",
C200T,,False,,744,0.95,1,EA,LFIC PERMANENT CORE,MATCH EXISTING KEY SYSTEM,SAR,626,,Sargent,Satin chrome,,744,"[76.0, 194.9, 525.0, 206.0]",
C200T,,False,,744,0.95,1,EA,COORDINATOR,COR X FL X MB X HW PREPS,IVE,628,,Ives,"Satin aluminum, clear anodized",,744,"[76.0, 208.3, 520.6, 219.4]",
C200T,,False,,744,0.95,2,EA,SURFACE CLOSER,"4040XP RW/PA TBWMS X MTG BRKT, SPCR & PLATE AS REQ",LCN,689,,LCN,Aluminum painted,,744,"[76.0, 221.9, 524.5, 244.4]",
C200T,,False,,744,0.95,2,EA,KICK PLATE,"8400 10"" X 1"" LDW B-CS",IVE,630,,Ives,Satin stainless steel,,744,"[76.0, 246.9, 520.6, 258.0]",
C200T,,False,,744,0.95,2,EA,WALL STOP,WS406/407CCV,IVE,630,,Ives,Satin stainless steel,,744,"[76.0, 260.3, 520.6, 271.4]",
C200T,,False,,744,0.95,1,EA,GASKETING,488S PSA H & J (USE SILENCERS @ NON-RATED DOORS),ZER,BK,,Zero International,Black,,744,"[76.0, 273.9, 524.5, 296.5]",
C200T,,False,,744,0.95,1,SET,MEETING STILE,8193AA (2 PCS - 1 SET) (OMIT @ NON-RATED DOORS),ZER,AA,,Zero International,Anodized aluminum,,744,"[76.0, 298.8, 524.5, 321.5]",
C200T,,False,,744,0.95,1,EA,WIRE HARNESS (IN DOOR),ASSA ABLOY ELECTROLYNX TYPE & LENGTH AS REQ,MCK,,,McKinney,,,744,"[76.0, 323.9, 526.7, 346.4]",
C200T,,False,,744,0.95,1,EA,WIRE HARNESS (TO POWER SUPPLY),QC-C006 - CONNECTION LEADS,MCK,,,McKinney,,,744,"[76.0, 348.9, 526.7, 371.5]",
C200T,,False,,744,0.95,1,EA,CREDENTIAL READER,AS SPECIFIED IN DIVISION 28,UNK,,,Unknown,,,744,"[76.0, 373.8, 525.6, 384.9]",
C200T,,False,,744,0.95,2,EA,DOOR POSITION SWITCH,AS SPECIFIED IN DIVISION 28,B/O,,,By Others,,,744,"[76.0, 387.4, 521.7, 398.5]",
C200T,,False,,744,0.95,1,EA,POWER SUPPLY,AS SPECIFIED IN DIVISION 28,B/O,,,By Others,,,744,"[76.0, 400.8, 521.7, 411.9]",
C201,,False,,745,0.94,3,EA,HINGE,5BB1 4.5 X 4.5,IVE,652,"(PROVIDE NRP @ OUTSWING, LOCKABLE DOORS)",Ives,Satin chrome plated steel,,745,"[76.0, 115.8, 520.6, 150.0]",
C201,,False,,745,0.94,1,EA,POWER TRANSFER,EPT10 CON,VON,689,,Von Duprin,Aluminum painted,,745,"[76.0, 152.3, 526.2, 163.4]",
C201,,False,,745,0.94,1,EA,EU MORTISE LOCK,LX-RX-64-8271 LE2J 26D FAIL SECURE,SAR,626,,Sargent,Satin chrome,,745,"[76.0, 165.8, 525.0, 188.5]",
C201,,False,,745,0.94,1,EA,LFIC PERMANENT CORE,MATCH EXISTING KEY SYSTEM,SAR,626,,Sargent,Satin chrome,,745,"[76.0, 190.8, 525.0, 201.9]",
C201,,False,,745,0.94,1,EA,SURFACE CLOSER,"4040XP RW/PA TBWMS X MTG BRKT, SPCR & PLATE AS REQ",LCN,689,,LCN,Aluminum painted,,745,"[76.0, 204.4, 524.5, 227.0]",
C201,,False,,745,0.94,1,EA,KICK PLATE,"8400 10"" X 2"" LDW B-CS",IVE,630,,Ives,Satin stainless steel,,745,"[76.0, 229.3, 520.6, 240.4]",
C201,,False,,745,0.94,1,EA,WALL STOP,WS406/407CCV,IVE,630,,Ives,Satin stainless steel,,745,"[76.0, 242.9, 520.6, 254.0]",
C201,,False,,745,0.94,1,EA,GASKETING,488S PSA H & J (USE SILENCERS @ NON-RATED DOORS),ZER,BK,,Zero International,Black,,745,"[76.0, 256.4, 524.5, 279.0]",
C201,,False,,745,0.94,1,EA,WIRE HARNESS (IN DOOR),ASSA ABLOY ELECTROLYNX TYPE & LENGTH AS REQ,MCK,,,McKinney,,,745,"[76.0, 281.3, 526.7, 303.9]",
C201,,False,,745,0.94,1,EA,WIRE HARNESS (TO POWER SUPPLY),QC-C006 - CONNECTION LEADS,MCK,,,McKinney,,,745,"[76.0, 306.4, 526.7, 329.0]",
C201,,False,,745,0.94,1,EA,CREDENTIAL READER,AS SPECIFIED IN DIVISION 28,UNK,,,Unknown,,,745,"[76.0, 331.4, 525.6, 342.5]",
C201,,False,,745,0.94,1,EA,DOOR POSITION SWITCH,AS SPECIFIED IN DIVISION 28,B/O,,,By Others,,,745,"[76.0, 344.8, 521.7, 355.9]",
C201,,False,,745,0.94,1,EA,POWER SUPPLY,AS SPECIFIED IN DIVISION 28,B/O,,,By Others,,,745,"[76.0, 358.4, 521.7, 369.5]",
C201.1,,False,,746,0.94,3,EA,HINGE,5BB1 4.5 X 4.5,IVE,652,"(PROVIDE NRP @ OUTSWING, LOCKABLE DOORS)",Ives,Satin chrome plated steel,,746,"[76.0, 115.8, 520.6, 150.0]",
C201.1,,False,,746,0.94,1,EA,POWER TRANSFER,EPT10 CON,VON,689,,Von Duprin,Aluminum painted,,746,"[76.0, 152.3, 526.2, 163.4]",
C201.1,,False,,746,0.94,1,EA,EU CYLINDRICAL LOCK,RX-10-64-10XG71 LL 26D FAIL SECURE,SAR,626,,Sargent,Satin chrome,,746,"[76.0, 165.8, 525.0, 188.5]",
C201.1,,False,,746,0.94,1,EA,LFIC PERMANENT CORE,MATCH EXISTING KEY SYSTEM,SAR,626,,Sargent,Satin chrome,,746,"[76.0, 190.8, 525.0, 201.9]",
C201.1,,False,,746,0.94,1,EA,SURFACE CLOSER,"4040XP RW/PA TBWMS X MTG BRKT, SPCR & PLATE AS REQ",LCN,689,,LCN,Aluminum painted,,746,"[76.0, 204.4, 524.5, 227.0]",
C201.1,,False,,746,0.94,1,EA,KICK PLATE,"8400 10"" X 2"" LDW B-CS",IVE,630,,Ives,Satin stainless steel,,746,"[76.0, 229.3, 520.6, 240.4]",
C201.1,,False,,746,0.94,1,EA,WALL STOP,WS406/407CCV,IVE,630,,Ives,Satin stainless steel,,746,"[76.0, 242.9, 520.6, 254.0]",
C201.1,,False,,746,0.94,1,EA,GASKETING,488S PSA H & J (USE SILENCERS @ NON-RATED DOORS),ZER,BK,,Zero International,Black,,746,"[76.0, 256.4, 524.5, 279.0]",
C201.1,,False,,746,0.94,1,EA,WIRE HARNESS (IN DOOR),ASSA ABLOY ELECTROLYNX TYPE & LENGTH AS REQ,MCK,,,McKinney,,,746,"[76.0, 281.3, 526.7, 303.9]",
C201.1,,False,,746,0.94,1,EA,WIRE HARNESS (TO POWER SUPPLY),QC-C006 - CONNECTION LEADS,MCK,,,McKinney,,,746,"[76.0, 306.4, 526.7, 329.0]",
C201.1,,False,,746,0.94,1,EA,CREDENTIAL READER,AS SPECIFIED IN DIVISION 28,UNK,,,Unknown,,,746,"[76.0, 331.4, 525.6, 342.5]",
C201.1,,False,,746,0.94,1,EA,DOOR POSITION SWITCH,AS SPECIFIED IN DIVISION 28,B/O,,,By Others,,,746,"[76.0, 344.8, 521.7, 355.9]",
C201.1,,False,,746,0.94,1,EA,POWER SUPPLY,AS SPECIFIED IN DIVISION 28,B/O,,,By Others,,,746,"[76.0, 358.4, 521.7, 369.5]",
C201A,,False,,747,0.95,1,EA,CONT. HINGE,112XY EPT,IVE,628,,Ives,"Satin aluminum, clear anodized",,747,"[76.0, 115.8, 520.6, 126.9]",
C201A,,False,,747,0.95,1,EA,POWER TRANSFER,EPT10 CON,VON,689,,Von Duprin,Aluminum painted,,747,"[76.0, 129.4, 526.2, 140.5]",
C201A,,False,,747,0.95,1,EA,EU MORTISE LOCK,LX-RX-64-8271 LE2J 26D FAIL SECURE,SAR,626,,Sargent,Satin chrome,,747,"[76.0, 142.8, 525.0, 165.4]",
C201A,,False,,747,0.95,1,EA,LFIC PERMANENT CORE,MATCH EXISTING KEY SYSTEM,SAR,626,,Sargent,Satin chrome,,747,"[76.0, 167.9, 525.0, 179.0]",
C201A,,False,,747,0.95,1,EA,SURFACE CLOSER,"4040XP RW/PA TBWMS X MTG BRKT, SPCR & PLATE AS REQ",LCN,689,,LCN,Aluminum painted,,747,"[76.0, 181.3, 524.5, 204.0]",
C201A,,False,,747,0.95,1,EA,WALL STOP,WS406/407CCV,IVE,630,,Ives,Satin stainless steel,,747,"[76.0, 206.3, 520.6, 217.4]",
C201A,,False,,747,0.95,1,SET,SEAL,PERIMETER SEAL BY FRAME MFR,,,,,,,747,"[76.0, 219.8, 450.8, 231.0]",
C201A,,False,,747,0.95,1,EA,WIRE HARNESS (IN DOOR),ASSA ABLOY ELECTROLYNX TYPE & LENGTH AS REQ,MCK,,,McKinney,,,747,"[76.0, 233.3, 526.7, 255.9]",
C201A,,False,,747,0.95,1,EA,WIRE HARNESS (TO POWER SUPPLY),QC-C006 - CONNECTION LEADS,MCK,,,McKinney,,,747,"[76.0, 258.4, 526.7, 281.0]",
C201A,,False,,747,0.95,1,EA,CREDENTIAL READER,AS SPECIFIED IN DIVISION 28,UNK,,,Unknown,,,747,"[76.0, 283.4, 525.6, 294.5]",
C201A,,False,,747,0.95,1,EA,DOOR POSITION SWITCH,AS SPECIFIED IN DIVISION 28,B/O,,,By Others,,,747,"[76.0, 296.9, 521.7, 308.0]",
C201A,,False,,747,0.95,1,EA,POWER SUPPLY,AS SPECIFIED IN DIVISION 28,B/O,,,By Others,,,747,"[76.0, 310.4, 521.7, 321.5]",
C201C,,False,,748,0.94,3,EA,HINGE,5BB1 4.5 X 4.5,IVE,652,"(PROVIDE NRP @ OUTSWING, LOCKABLE DOORS)",Ives,Satin chrome plated steel,,748,"[76.0, 115.8, 520.6, 150.0]",
C201C,,False,,748,0.94,1,EA,POWER TRANSFER,EPT10 CON,VON,689,,Von Duprin,Aluminum painted,,748,"[76.0, 152.3, 526.2, 163.4]",
C201C,,False,,748,0.94,1,EA,EU MORTISE LOCK,LX-RX-64-8271 LE2J 26D FAIL SECURE,SAR,626,,Sargent,Satin chrome,,748,"[76.0, 165.8, 525.0, 188.5]",
C201C,,False,,748,0.94,1,EA,LFIC PERMANENT CORE,MATCH EXISTING KEY SYSTEM,SAR,626,,Sargent,Satin chrome,,748,"[76.0, 190.8, 525.0, 201.9]",
C201C,,False,,748,0.94,1,EA,SURFACE CLOSER,"4040XP SCUSH X TBWMS X MTG BRKT, SPCR & PLATE AS REQ",LCN,689,,LCN,Aluminum painted,,748,"[76.0, 204.4, 524.5, 227.0]",
C201C,,False,,748,0.94,1,EA,KICK PLATE,"8400 10"" X 2"" LDW B-CS",IVE,630,,Ives,Satin stainless steel,,748,"[76.0, 229.3, 520.6, 240.4]",
C201C,,False,,748,0.94,1,EA,GASKETING,488S PSA H & J (USE SILENCERS @ NON-RATED DOORS),ZER,BK,,Zero International,Black,,748,"[76.0, 242.9, 524.5, 265.4]",
C201C,,False,,748,0.94,1,EA,WIRE HARNESS (IN DOOR),ASSA ABLOY ELECTROLYNX TYPE & LENGTH AS REQ,MCK,,,McKinney,,,748,"[76.0, 267.9, 526.7, 290.5]",
C201C,,False,,748,0.94,1,EA,WIRE HARNESS (TO POWER SUPPLY),QC-C006 - CONNECTION LEADS,MCK,,,McKinney,,,748,"[76.0, 292.8, 526.7, 315.5]",
C201C,,False,,748,0.94,1,EA,CREDENTIAL READER,AS SPECIFIED IN DIVISION 28,UNK,,,Unknown,,,748,"[76.0, 317.9, 525.6, 329.0]",
C201C,,False,,748,0.94,1,EA,DOOR POSITION SWITCH,AS SPECIFIED IN DIVISION 28,B/O,,,By Others,,,748,"[76.0, 331.4, 521.7, 342.5]",
C201C,,False,,748,0.94,1,EA,POWER SUPPLY,AS SPECIFIED IN DIVISION 28,B/O,,,By Others,,,748,"[76.0, 344.8, 521.7, 355.9]",
C201CT,,False,,749,0.94,4,EA,HINGE,5BB1 4.5 X 4.5,IVE,652,"(PROVIDE NRP @ OUTSWING, LOCKABLE DOORS)",Ives,Satin chrome plated steel,,749,"[76.0, 115.8, 520.6, 150.0]",
C201CT,,False,,749,0.94,1,EA,POWER TRANSFER,EPT10 CON,VON,689,,Von Duprin,Aluminum painted,,749,"[76.0, 152.3, 526.2, 163.4]",
C201CT,,False,,749,0.94,1,EA,EU MORTISE LOCK,LX-RX-64-8271 LE2J 26D FAIL SECURE,SAR,626,,Sargent,Satin chrome,,749,"[76.0, 165.8, 525.0, 188.5]",
C201CT,,False,,749,0.94,1,EA,LFIC PERMANENT CORE,MATCH EXISTING KEY SYSTEM,SAR,626,,Sargent,Satin chrome,,749,"[76.0, 190.8, 525.0, 201.9]",
C201CT,,False,,749,0.94,1,EA,SURFACE CLOSER,"4040XP SCUSH X TBWMS X MTG BRKT, SPCR & PLATE AS REQ",LCN,689,,LCN,Aluminum painted,,749,"[76.0, 204.4, 524.5, 227.0]",
C201CT,,False,,749,0.94,1,EA,KICK PLATE,"8400 10"" X 2"" LDW B-CS",IVE,630,,Ives,Satin stainless steel,,749,"[76.0, 229.3, 520.6, 240.4]",
C201CT,,False,,749,0.94,1,EA,GASKETING,488S PSA H & J (USE SILENCERS @ NON-RATED DOORS),ZER,BK,,Zero International,Black,,749,"[76.0, 242.9, 524.5, 265.4]",
C201CT,,False,,749,0.94,1,EA,WIRE HARNESS (IN DOOR),ASSA ABLOY ELECTROLYNX TYPE & LENGTH AS REQ,MCK,,,McKinney,,,749,"[76.0, 267.9, 526.7, 290.5]",
C201CT,,False,,749,0.94,1,EA,WIRE HARNESS (TO POWER SUPPLY),QC-C006 - CONNECTION LEADS,MCK,,,McKinney,,,749,"[76.0, 292.8, 526.7, 315.5]",
C201CT,,False,,749,0.94,1,EA,CREDENTIAL READER,AS SPECIFIED IN DIVISION 28,UNK,,,Unknown,,,749,"[76.0, 317.9, 525.6, 329.0]",
C201CT,,False,,749,0.94,1,EA,DOOR POSITION SWITCH,AS SPECIFIED IN DIVISION 28,B/O,,,By Others,,,749,"[76.0, 331.4, 521.7, 342.5]",
C201CT,,False,,749,0.94,1,EA,POWER SUPPLY,AS SPECIFIED IN DIVISION 28,B/O,,,By Others,,,749,"[76.0, 344.8, 521.7, 355.9]",
C201CW,,False,,750,0.94,3,EA,HINGE,5BB1HW 5 X 4.5,IVE,652,"(PROVIDE NRP @ OUTSWING, LOCKABLE DOORS)",Ives,Satin chrome plated steel,,750,"[76.0, 115.8, 520.6, 150.0]",
C201CW,,False,,750,0.94,1,EA,POWER TRANSFER,EPT10 CON,VON,689,,Von Duprin,Aluminum painted,,750,"[76.0, 152.3, 526.2, 163.4]",
C201CW,,False,,750,0.94,1,EA,EU MORTISE LOCK,LX-RX-64-8271 LE2J 26D FAIL SECURE,SAR,626,,Sargent,Satin chrome,,750,"[76.0, 165.8, 525.0, 188.5]",
C201CW,,False,,750,0.94,1,EA,LFIC PERMANENT CORE,MATCH EXISTING KEY SYSTEM,SAR,626,,Sargent,Satin chrome,,750,"[76.0, 190.8, 525.0, 201.9]",
C201CW,,False,,750,0.94,1,EA,SURFACE CLOSER,"4040XP SCUSH X TBWMS X MTG BRKT, SPCR & PLATE AS REQ",LCN,689,,LCN,Aluminum painted,,750,"[76.0, 204.4, 524.5, 227.0]",
C201CW,,False,,750,0.94,1,EA,KICK PLATE,"8400 10"" X 2"" LDW B-CS",IVE,630,,Ives,Satin stainless steel,,750,"[76.0, 229.3, 520.6, 240.4]",
C201CW,,False,,750,0.94,1,EA,GASKETING,488S PSA H & J (USE SILENCERS @ NON-RATED DOORS),ZER,BK,,Zero International,Black,,750,"[76.0, 242.9, 524.5, 265.4]",
C201CW,,False,,750,0.94,1,EA,WIRE HARNESS (IN DOOR),ASSA ABLOY ELECTROLYNX TYPE & LENGTH AS REQ,MCK,,,McKinney,,,750,"[76.0, 267.9, 526.7, 290.5]",
C201CW,,False,,750,0.94,1,EA,WIRE HARNESS (TO POWER SUPPLY),QC-C006 - CONNECTION LEADS,MCK,,,McKinney,,,750,"[76.0, 292.8, 526.7, 315.5]",
C201CW,,False,,750,0.94,1,EA,CREDENTIAL READER,AS SPECIFIED IN DIVISION 28,UNK,,,Unknown,,,750,"[76.0, 317.9, 525.6, 329.0]",
C201CW,,False,,750,0.94,1,EA,DOOR POSITION SWITCH,AS SPECIFIED IN DIVISION 28,B/O,,,By Others,,,750,"[76.0, 331.4, 521.7, 342.5]",
C201CW,,False,,750,0.94,1,EA,POWER SUPPLY,AS SPECIFIED IN DIVISION 28,B/O,,,By Others,,,750,"[76.0, 344.8, 521.7, 355.9]",
C201T,,False,,751,0.94,4,EA,HINGE,5BB1 4.5 X 4.5,IVE,652,"(PROVIDE NRP @ OUTSWING, LOCKABLE DOORS)",Ives,Satin chrome plated steel,,751,"[76.0, 115.8, 520.6, 150.0]",
C201T,,False,,751,0.94,1,EA,POWER TRANSFER,EPT10 CON,VON,689,,Von Duprin,Aluminum painted,,751,"[76.0, 152.3, 526.2, 163.4]",
C201T,,False,,751,0.94,1,EA,EU MORTISE LOCK,LX-RX-64-8271 LE2J 26D FAIL SECURE,SAR,626,,Sargent,Satin chrome,,751,"[76.0, 165.8, 525.0, 188.5]",
C201T,,False,,751,0.94,1,EA,LFIC PERMANENT CORE,MATCH EXISTING KEY SYSTEM,SAR,626,,Sargent,Satin chrome,,751,"[76.0, 190.8, 525.0, 201.9]",
C201T,,False,,751,0.94,1,EA,SURFACE CLOSER,"4040XP RW/PA TBWMS X MTG BRKT, SPCR & PLATE AS REQ",LCN,689,,LCN,Aluminum painted,,751,"[76.0, 204.4, 524.5, 227.0]",
C201T,,False,,751,0.94,1,EA,KICK PLATE,"8400 10"" X 2"" LDW B-CS",IVE,630,,Ives,Satin stainless steel,,751,"[76.0, 229.3, 520.6, 240.4]",
C201T,,False,,751,0.94,1,EA,WALL STOP,WS406/407CCV,IVE,630,,Ives,Satin stainless steel,,751,"[76.0, 242.9, 520.6, 254.0]",
C201T,,False,,751,0.94,1,EA,GASKETING,488S PSA H & J (USE SILENCERS @ NON-RATED DOORS),ZER,BK,,Zero International,Black,,751,"[76.0, 256.4, 524.5, 279.0]",
C201T,,False,,751,0.94,1,EA,WIRE HARNESS (IN DOOR),ASSA ABLOY ELECTROLYNX TYPE & LENGTH AS REQ,MCK,,,McKinney,,,751,"[76.0, 281.3, 526.7, 303.9]",
C201T,,False,,751,0.94,1,EA,WIRE HARNESS (TO POWER SUPPLY),QC-C006 - CONNECTION LEADS,MCK,,,McKinney,,,751,"[76.0, 306.4, 526.7, 329.0]",
C201T,,False,,751,0.94,1,EA,CREDENTIAL READER,AS SPECIFIED IN DIVISION 28,UNK,,,Unknown,,,751,"[76.0, 331.4, 525.6, 342.5]",
C201T,,False,,751,0.94,1,EA,DOOR POSITION SWITCH,AS SPECIFIED IN DIVISION 28,B/O,,,By Others,,,751,"[76.0, 344.8, 521.7, 355.9]",
C201T,,False,,751,0.94,1,EA,POWER SUPPLY,AS SPECIFIED IN DIVISION 28,B/O,,,By Others,,,751,"[76.0, 358.4, 521.7, 369.5]",
C201TW,,False,,752,0.94,4,EA,HINGE,5BB1HW 5 X 4.5,IVE,652,"(PROVIDE NRP @ OUTSWING, LOCKABLE DOORS)",Ives,Satin chrome plated steel,,752,"[76.0, 115.8, 520.6, 150.0]",
C201TW,,False,,752,0.94,1,EA,POWER TRANSFER,EPT10 CON,VON,689,,Von Duprin,Aluminum painted,,752,"[76.0, 152.3, 526.2, 163.4]",
C201TW,,False,,752,0.94,1,EA,EU MORTISE LOCK,LX-RX-64-8271 LE2J 26D FAIL SECURE,SAR,626,,Sargent,Satin chrome,,752,"[76.0, 165.8, 525.0, 188.5]",
C201TW,,False,,752,0.94,1,EA,LFIC PERMANENT CORE,MATCH EXISTING KEY SYSTEM,SAR,626,,Sargent,Satin chrome,,752,"[76.0, 190.8, 525.0, 201.9]",
C201TW,,False,,752,0.94,1,EA,SURFACE CLOSER,"4040XP RW/PA TBWMS X MTG BRKT, SPCR & PLATE AS REQ",LCN,689,,LCN,Aluminum painted,,752,"[76.0, 204.4, 524.5, 227.0]",
C201TW,,False,,752,0.94,1,EA,KICK PLATE,"8400 10"" X 2"" LDW B-CS",IVE,630,,Ives,Satin stainless steel,,752,"[76.0, 229.3, 520.6, 240.4]",
C201TW,,False,,752,0.94,1,EA,WALL STOP,WS406/407CCV,IVE,630,,Ives,Satin stainless steel,,752,"[76.0, 242.9, 520.6, 254.0]",
C201TW,,False,,752,0.94,1,EA,GASKETING,488S PSA H & J (USE SILENCERS @ NON-RATED DOORS),ZER,BK,,Zero International,Black,,752,"[76.0, 256.4, 524.5, 279.0]",
C201TW,,False,,752,0.94,1,EA,WIRE HARNESS (IN DOOR),ASSA ABLOY ELECTROLYNX TYPE & LENGTH AS REQ,MCK,,,McKinney,,,752,"[76.0, 281.3, 526.7, 303.9]",
C201TW,,False,,752,0.94,1,EA,WIRE HARNESS (TO POWER SUPPLY),QC-C006 - CONNECTION LEADS,MCK,,,McKinney,,,752,"[76.0, 306.4, 526.7, 329.0]",
C201TW,,False,,752,0.94,1,EA,CREDENTIAL READER,AS SPECIFIED IN DIVISION 28,UNK,,,Unknown,,,752,"[76.0, 331.4, 525.6, 342.5]",
C201TW,,False,,752,0.94,1,EA,DOOR POSITION SWITCH,AS SPECIFIED IN DIVISION 28,B/O,,,By Others,,,752,"[76.0, 344.8, 521.7, 355.9]",
C201TW,,False,,752,0.94,1,EA,POWER SUPPLY,AS SPECIFIED IN DIVISION 28,B/O,,,By Others,,,752,"[76.0, 358.4, 521.7, 369.5]",
C201W,,False,,753,0.94,3,EA,HINGE,5BB1HW 5 X 4.5,IVE,652,"(PROVIDE NRP @ OUTSWING, LOCKABLE DOORS)",Ives,Satin chrome plated steel,,753,"[76.0, 115.8, 520.6, 150.0]",
C201W,,False,,753,0.94,1,EA,POWER TRANSFER,EPT10 CON,VON,689,,Von Duprin,Aluminum painted,,753,"[76.0, 152.3, 526.2, 163.4]",
C201W,,False,,753,0.94,1,EA,EU MORTISE LOCK,LX-RX-64-8271 LE2J 26D FAIL SECURE,SAR,626,,Sargent,Satin chrome,,753,"[76.0, 165.8, 525.0, 188.5]",
C201W,,False,,753,0.94,1,EA,LFIC PERMANENT CORE,MATCH EXISTING KEY SYSTEM,SAR,626,,Sargent,Satin chrome,,753,"[76.0, 190.8, 525.0, 201.9]",
C201W,,False,,753,0.94,1,EA,SURFACE CLOSER,"4040XP RW/PA TBWMS X MTG BRKT, SPCR & PLATE AS REQ",LCN,689,,LCN,Aluminum painted,,753,"[76.0, 204.4, 524.5, 227.0]",
C201W,,False,,753,0.94,1,EA,KICK PLATE,"8400 10"" X 2"" LDW B-CS",IVE,630,,Ives,Satin stainless steel,,753,"[76.0, 229.3, 520.6, 240.4]",
C201W,,False,,753,0.94,1,EA,WALL STOP,WS406/407CCV,IVE,630,,Ives,Satin stainless steel,,753,"[76.0, 242.9, 520.6, 254.0]",
C201W,,False,,753,0.94,1,EA,GASKETING,488S PSA H & J (USE SILENCERS @ NON-RATED DOORS),ZER,BK,,Zero International,Black,,753,"[76.0, 256.4, 524.5, 279.0]",
C201W,,False,,753,0.94,1,EA,WIRE HARNESS (IN DOOR),ASSA ABLOY ELECTROLYNX TYPE & LENGTH AS REQ,MCK,,,McKinney,,,753,"[76.0, 281.3, 526.7, 303.9]",
C201W,,False,,753,0.94,1,EA,WIRE HARNESS (TO POWER SUPPLY),QC-C006 - CONNECTION LEADS,MCK,,,McKinney,,,753,"[76.0, 306.4, 526.7, 329.0]",
C201W,,False,,753,0.94,1,EA,CREDENTIAL READER,AS SPECIFIED IN DIVISION 28,UNK,,,Unknown,,,753,"[76.0, 331.4, 525.6, 342.5]",
C201W,,False,,753,0.94,1,EA,DOOR POSITION SWITCH,AS SPECIFIED IN DIVISION 28,B/O,,,By Others,,,753,"[76.0, 344.8, 521.7, 355.9]",
C201W,,False,,753,0.94,1,EA,POWER SUPPLY,AS SPECIFIED IN DIVISION 28,B/O,,,By Others,,,753,"[76.0, 358.4, 521.7, 369.5]",
C204IST,,False,,754,0.95,8,EA,HINGE,5BB1HW 4.5 X 4.5 NRP,IVE,630,,Ives,Satin stainless steel,,754,"[76.0, 115.8, 520.6, 126.9]",
C204IST,,False,,754,0.95,1,EA,POWER TRANSFER,EPT10 CON,VON,689,,Von Duprin,Aluminum painted,,754,"[76.0, 129.4, 526.2, 140.5]",
C204IST,,False,,754,0.95,1,EA,AUTO FLUSH BOLT,FB31P/FB41P AS REQ,IVE,630,,Ives,Satin stainless steel,,754,"[76.0, 142.8, 520.6, 153.9]",
C204IST,,False,,754,0.95,1,EA,DUST PROOF STRIKE,DP2,IVE,626,,Ives,Satin chrome,,754,"[76.0, 156.4, 520.6, 167.5]",
C204IST,,False,,754,0.95,1,EA,EU MORTISE LOCK,LX-RX-64-8271 LE2J 26D FAIL SECURE,SAR,626,,Sargent,Satin chrome,,754,"[76.0, 169.8, 525.0, 192.4]",
C204IST,,False,,754,0.95,1,EA,LFIC PERMANENT CORE,MATCH EXISTING KEY SYSTEM,SAR,626,,Sargent,Satin chrome,,754,"[76.0, 194.9, 525.0, 206.0]",
C204IST,,False,,754,0.95,1,EA,COORDINATOR,COR X FL X MB X HW PREPS,IVE,628,,Ives,"Satin aluminum, clear anodized",,754,"[76.0, 208.3, 520.6, 219.4]",
C204IST,,False,,754,0.95,2,EA,OH STOP,100S SERIES X SIZE & MOUNTING AS REQ,GLY,630,,Glynn-Johnson,Satin stainless steel,,754,"[76.0, 221.9, 524.5, 244.4]",
C204IST,,False,,754,0.95,2,EA,SURFACE CLOSER,"4040XP RW/PA TBWMS X MTG BRKT, SPCR & PLATE AS REQ",LCN,689,,LCN,Aluminum painted,,754,"[76.0, 246.9, 524.5, 269.5]",
C204IST,,False,,754,0.95,2,EA,KICK PLATE,"8400 10"" X 1"" LDW B-CS",IVE,630,,Ives,Satin stainless steel,,754,"[76.0, 271.8, 520.6, 282.9]",
C204IST,,False,,754,0.95,1,EA,RAIN DRIP,"142AA DW + 4""",ZER,AA,(OMIT @ COVERED OPENINGS),Zero International,Anodized aluminum,,754,"[76.0, 285.4, 524.5, 308.0]",
C204IST,,False,,754,0.95,1,SET,GASKETING,328AA H & J,ZER,AA,,Zero International,Anodized aluminum,,754,"[76.0, 310.4, 524.5, 321.5]",
C204IST,,False,,754,0.95,1,SET,MEETING STILE,8193AA (2 PCS - 1 SET) (OMIT @ NON-RATED DOORS),ZER,AA,,Zero International,Anodized aluminum,,754,"[76.0, 323.9, 524.5, 346.4]",
C204IST,,False,,754,0.95,2,EA,DOOR SWEEP,8198AA,ZER,AA,,Zero International,Anodized aluminum,,754,"[76.0, 348.9, 524.5, 360.0]",
C204IST,,False,,754,0.95,1,EA,THRESHOLD,655A,ZER,A,,Zero International,Anodized aluminum,,754,"[76.0, 362.3, 524.5, 373.4]",
C204IST,,False,,754,0.95,1,EA,WIRE HARNESS (IN DOOR),ASSA ABLOY ELECTROLYNX TYPE & LENGTH AS REQ,MCK,,,McKinney,,,754,"[76.0, 375.9, 526.7, 398.5]",
C204IST,,False,,754,0.95,1,EA,WIRE HARNESS (TO POWER SUPPLY),QC-C006 - CONNECTION LEADS,MCK,,,McKinney,,,754,"[76.0, 400.8, 526.7, 423.5]",
C204IST,,False,,754,0.95,1,EA,CREDENTIAL READER,AS SPECIFIED IN DIVISION 28,UNK,,,Unknown,,,754,"[76.0, 425.8, 525.6, 436.9]",
C204IST,,False,,754,0.95,2,EA,DOOR POSITION SWITCH,AS SPECIFIED IN DIVISION 28,B/O,,,By Others,,,754,"[76.0, 439.4, 521.7, 450.5]",
C204IST,,False,,754,0.95,1,EA,POWER SUPPLY,AS SPECIFIED IN DIVISION 28,B/O,,,By Others,,,754,"[76.0, 452.8, 521.7, 463.9]",
C204T,,False,,755,0.95,8,EA,HINGE,5BB1HW 4.5 X 4.5 NRP,IVE,630,,Ives,Satin stainless steel,,755,"[76.0, 115.8, 520.6, 126.9]",
C204T,,False,,755,0.95,1,EA,POWER TRANSFER,EPT10 CON,VON,689,,Von Duprin,Aluminum painted,,755,"[76.0, 129.4, 526.2, 140.5]",
C204T,,False,,755,0.95,1,EA,AUTO FLUSH BOLT,FB31P/FB41P AS REQ,IVE,630,,Ives,Satin stainless steel,,755,"[76.0, 142.8, 520.6, 153.9]",
C204T,,False,,755,0.95,1,EA,DUST PROOF STRIKE,DP2,IVE,626,,Ives,Satin chrome,,755,"[76.0, 156.4, 520.6, 167.5]",
C204T,,False,,755,0.95,1,EA,EU MORTISE LOCK,LX-RX-64-8271 LE2J 26D FAIL SECURE,SAR,626,,Sargent,Satin chrome,,755,"[76.0, 169.8, 525.0, 192.4]",
C204T,,False,,755,0.95,1,EA,LFIC PERMANENT CORE,MATCH EXISTING KEY SYSTEM,SAR,626,,Sargent,Satin chrome,,755,"[76.0, 194.9, 525.0, 206.0]",
C204T,,False,,755,0.95,1,EA,COORDINATOR,COR X FL X MB X HW PREPS,IVE,628,,Ives,"Satin aluminum, clear anodized",,755,"[76.0, 208.3, 520.6, 219.4]",
C204T,,False,,755,0.95,2,EA,SURFACE CLOSER,"4040XP SCUSH X TBWMS X MTG BRKT, SPCR & PLATE AS REQ",LCN,689,,LCN,Aluminum painted,,755,"[76.0, 221.9, 524.5, 244.4]",
C204T,,False,,755,0.95,2,EA,KICK PLATE,"8400 10"" X 1"" LDW B-CS",IVE,630,,Ives,Satin stainless steel,,755,"[76.0, 246.9, 520.6, 258.0]",
C204T,,False,,755,0.95,1,EA,RAIN DRIP,"142AA DW + 4""",ZER,AA,(OMIT @ COVERED OPENINGS),Zero International,Anodized aluminum,,755,"[76.0, 260.3, 524.5, 282.9]",
C204T,,False,,755,0.95,1,SET,GASKETING,328AA H & J,ZER,AA,,Zero International,Anodized aluminum,,755,"[76.0, 285.4, 524.5, 296.5]",
C204T,,False,,755,0.95,1,SET,MEETING STILE,8193AA (2 PCS - 1 SET) (OMIT @ NON-RATED DOORS),ZER,AA,,Zero International,Anodized aluminum,,755,"[76.0, 298.8, 524.5, 321.5]",
C204T,,False,,755,0.95,2,EA,DOOR SWEEP,8198AA,ZER,AA,,Zero International,Anodized aluminum,,755,"[76.0, 323.9, 524.5, 335.0]",
C204T,,False,,755,0.95,1,EA,THRESHOLD,65A,ZER,A,,Zero International,Anodized aluminum,,755,"[76.0, 337.4, 524.5, 348.5]",
C204T,,False,,755,0.95,1,EA,WIRE HARNESS (IN DOOR),ASSA ABLOY ELECTROLYNX TYPE & LENGTH AS REQ,MCK,,,McKinney,,,755,"[76.0, 350.8, 526.7, 373.4]",
C204T,,False,,755,0.95,1,EA,WIRE HARNESS (TO POWER SUPPLY),QC-C006 - CONNECTION LEADS,MCK,,,McKinney,,,755,"[76.0, 375.9, 526.7, 398.5]",
C204T,,False,,755,0.95,1,EA,CREDENTIAL READER,AS SPECIFIED IN DIVISION 28,UNK,,,Unknown,,,755,"[76.0, 400.8, 525.6, 411.9]",
C204T,,False,,755,0.95,2,EA,DOOR POSITION SWITCH,AS SPECIFIED IN DIVISION 28,B/O,,,By Others,,,755,"[76.0, 414.4, 521.7, 425.5]",
C204T,,False,,755,0.95,1,EA,POWER SUPPLY,AS SPECIFIED IN DIVISION 28,B/O,,,By Others,,,755,"[76.0, 427.9, 521.7, 439.0]",
C204TW,,False,,756,0.95,8,EA,HINGE,5BB1HW 5 X 4.5 NRP,IVE,630,,Ives,Satin stainless steel,,756,"[76.0, 115.8, 520.6, 126.9]",
C204TW,,False,,756,0.95,1,EA,POWER TRANSFER,EPT10 CON,VON,689,,Von Duprin,Aluminum painted,,756,"[76.0, 129.4, 526.2, 140.5]",
C204TW,,False,,756,0.95,1,EA,AUTO FLUSH BOLT,FB31P/FB41P AS REQ,IVE,630,,Ives,Satin stainless steel,,756,"[76.0, 142.8, 520.6, 153.9]",
C204TW,,False,,756,0.95,1,EA,DUST PROOF STRIKE,DP2,IVE,626,,Ives,Satin chrome,,756,"[76.0, 156.4, 520.6, 167.5]",
C204TW,,False,,756,0.95,1,EA,EU MORTISE LOCK,LX-RX-64-8271 LE2J 26D FAIL SECURE,SAR,626,,Sargent,Satin chrome,,756,"[76.0, 169.8, 525.0, 192.4]",
C204TW,,False,,756,0.95,1,EA,LFIC PERMANENT CORE,MATCH EXISTING KEY SYSTEM,SAR,626,,Sargent,Satin chrome,,756,"[76.0, 194.9, 525.0, 206.0]",
C204TW,,False,,756,0.95,1,EA,COORDINATOR,COR X FL X MB X HW PREPS,IVE,628,,Ives,"Satin aluminum, clear anodized",,756,"[76.0, 208.3, 520.6, 219.4]",
C204TW,,False,,756,0.95,2,EA,SURFACE CLOSER,"4040XP SCUSH X TBWMS X MTG BRKT, SPCR & PLATE AS REQ",LCN,689,,LCN,Aluminum painted,,756,"[76.0, 221.9, 524.5, 244.4]",
C204TW,,False,,756,0.95,2,EA,KICK PLATE,"8400 10"" X 1"" LDW B-CS",IVE,630,,Ives,Satin stainless steel,,756,"[76.0, 246.9, 520.6, 258.0]",
C204TW,,False,,756,0.95,1,EA,RAIN DRIP,"142AA DW + 4""",ZER,AA,(OMIT @ COVERED OPENINGS),Zero International,Anodized aluminum,,756,"[76.0, 260.3, 524.5, 282.9]",
C204TW,,False,,756,0.95,1,SET,GASKETING,328AA H & J,ZER,AA,,Zero International,Anodized aluminum,,756,"[76.0, 285.4, 524.5, 296.5]",
C204TW,,False,,756,0.95,1,SET,MEETING STILE,8193AA (2 PCS - 1 SET) (OMIT @ NON-RATED DOORS),ZER,AA,,Zero International,Anodized aluminum,,756,"[76.0, 298.8, 524.5, 321.5]",
C204TW,,False,,756,0.95,2,EA,DOOR SWEEP,8198AA,ZER,AA,,Zero International,Anodized aluminum,,756,"[76.0, 323.9, 524.5, 335.0]",
C204TW,,False,,756,0.95,1,EA,THRESHOLD,65A,ZER,A,,Zero International,Anodized aluminum,,756,"[76.0, 337.4, 524.5, 348.5]",
C204TW,,False,,756,0.95,1,EA,WIRE HARNESS (IN DOOR),ASSA ABLOY ELECTROLYNX TYPE & LENGTH AS REQ,MCK,,,McKinney,,,756,"[76.0, 350.8, 526.7, 373.4]",
C204TW,,False,,756,0.95,1,EA,WIRE HARNESS (TO POWER SUPPLY),QC-C006 - CONNECTION LEADS,MCK,,,McKinney,,,756,"[76.0, 375.9, 526.7, 398.5]",
C204TW,,False,,756,0.95,1,EA,CREDENTIAL READER,AS SPECIFIED IN DIVISION 28,UNK,,,Unknown,,,756,"[76.0, 400.8, 525.6, 411.9]",
C204TW,,False,,756,0.95,2,EA,DOOR POSITION SWITCH,AS SPECIFIED IN DIVISION 28,B/O,,,By Others,,,756,"[76.0, 414.4, 521.7, 425.5]",
C204TW,,False,,756,0.95,1,EA,POWER SUPPLY,AS SPECIFIED IN DIVISION 28,B/O,,,By Others,,,756,"[76.0, 427.9, 521.7, 439.0]",
C206,,False,,757,0.95,6,EA,HINGE,5BB1 4.5 X 4.5,IVE,652,,Ives,Satin chrome plated steel,,757,"[76.0, 115.8, 520.6, 126.9]",
C206,,False,,757,0.95,1,EA,POWER TRANSFER,EPT10 CON,VON,689,,Von Duprin,Aluminum painted,,757,"[76.0, 129.4, 526.2, 140.5]",
C206,,False,,757,0.95,1,EA,AUTO FLUSH BOLT,FB31P/FB41P AS REQ,IVE,630,,Ives,Satin stainless steel,,757,"[76.0, 142.8, 520.6, 153.9]",
C206,,False,,757,0.95,1,EA,DUST PROOF STRIKE,DP2,IVE,626,,Ives,Satin chrome,,757,"[76.0, 156.4, 520.6, 167.5]",
C206,,False,,757,0.95,1,EA,EU MORTISE LOCK,LX-RX-64-8271 LE2J 26D FAIL SECURE,SAR,626,,Sargent,Satin chrome,,757,"[76.0, 169.8, 525.0, 192.4]",
C206,,False,,757,0.95,1,EA,LFIC PERMANENT CORE,MATCH EXISTING KEY SYSTEM,SAR,626,,Sargent,Satin chrome,,757,"[76.0, 194.9, 525.0, 206.0]",
C206,,False,,757,0.95,1,EA,COORDINATOR,COR X FL X MB X HW PREPS,IVE,628,,Ives,"Satin aluminum, clear anodized",,757,"[76.0, 208.3, 520.6, 219.4]",
C206,,False,,757,0.95,2,EA,OH STOP,100S SERIES X SIZE & MOUNTING AS REQ,GLY,630,,Glynn-Johnson,Satin stainless steel,,757,"[76.0, 221.9, 524.5, 244.4]",
C206,,False,,757,0.95,2,EA,SURFACE CLOSER,"4040XP RW/PA TBWMS X MTG BRKT, SPCR & PLATE AS REQ",LCN,689,,LCN,Aluminum painted,,757,"[76.0, 246.9, 524.5, 269.5]",
C206,,False,,757,0.95,2,EA,KICK PLATE,"8400 10"" X 1"" LDW B-CS",IVE,630,,Ives,Satin stainless steel,,757,"[76.0, 271.8, 520.6, 282.9]",
C206,,False,,757,0.95,1,EA,GASKETING,488S PSA H & J (USE SILENCERS @ NON-RATED DOORS),ZER,BK,,Zero International,Black,,757,"[76.0, 285.4, 524.5, 308.0]",
C206,,False,,757,0.95,1,SET,MEETING STILE,8193AA (2 PCS - 1 SET) (OMIT @ NON-RATED DOORS),ZER,AA,,Zero International,Anodized aluminum,,757,"[76.0, 310.4, 524.5, 333.0]",
C206,,False,,757,0.95,1,EA,WIRE HARNESS (IN DOOR),ASSA ABLOY ELECTROLYNX TYPE & LENGTH AS REQ,MCK,,,McKinney,,,757,"[76.0, 335.3, 526.7, 357.9]",
C206,,False,,757,0.95,1,EA,WIRE HARNESS (TO POWER SUPPLY),QC-C006 - CONNECTION LEADS,MCK,,,McKinney,,,757,"[76.0, 360.4, 526.7, 382.9]",
C206,,False,,757,0.95,1,EA,CREDENTIAL READER,AS SPECIFIED IN DIVISION 28,UNK,,,Unknown,,,757,"[76.0, 385.4, 525.6, 396.5]",
C206,,False,,757,0.95,2,EA,DOOR POSITION SWITCH,AS SPECIFIED IN DIVISION 28,B/O,,,By Others,,,757,"[76.0, 398.8, 521.7, 409.9]",
C206,,False,,757,0.95,1,EA,POWER SUPPLY,AS SPECIFIED IN DIVISION 28,B/O,,,By Others,,,757,"[76.0, 412.4, 521.7, 423.5]",
C206T,,False,,758,0.95,8,EA,HINGE,5BB1 4.5 X 4.5,IVE,652,,Ives,Satin chrome plated steel,,758,"[76.0, 115.8, 520.6, 126.9]",
C206T,,False,,758,0.95,1,EA,POWER TRANSFER,EPT10 CON,VON,689,,Von Duprin,Aluminum painted,,758,"[76.0, 129.4, 526.2, 140.5]",
C206T,,False,,758,0.95,1,EA,AUTO FLUSH BOLT,FB31P/FB41P AS REQ,IVE,630,,Ives,Satin stainless steel,,758,"[76.0, 142.8, 520.6, 153.9]",
C206T,,False,,758,0.95,1,EA,DUST PROOF STRIKE,DP2,IVE,626,,Ives,Satin chrome,,758,"[76.0, 156.4, 520.6, 167.5]",
C206T,,False,,758,0.95,1,EA,EU MORTISE LOCK,LX-RX-64-8271 LE2J 26D FAIL SECURE,SAR,626,,Sargent,Satin chrome,,758,"[76.0, 169.8, 525.0, 192.4]",
C206T,,False,,758,0.95,1,EA,LFIC PERMANENT CORE,MATCH EXISTING KEY SYSTEM,SAR,626,,Sargent,Satin chrome,,758,"[76.0, 194.9, 525.0, 206.0]",
C206T,,False,,758,0.95,1,EA,COORDINATOR,COR X FL X MB X HW PREPS,IVE,628,,Ives,"Satin aluminum, clear anodized",,758,"[76.0, 208.3, 520.6, 219.4]",
C206T,,False,,758,0.95,2,EA,OH STOP,100S SERIES X SIZE & MOUNTING AS REQ,GLY,630,,Glynn-Johnson,Satin stainless steel,,758,"[76.0, 221.9, 524.5, 244.4]",
C206T,,False,,758,0.95,2,EA,SURFACE CLOSER,"4040XP RW/PA TBWMS X MTG BRKT, SPCR & PLATE AS REQ",LCN,689,,LCN,Aluminum painted,,758,"[76.0, 246.9, 524.5, 269.5]",
C206T,,False,,758,0.95,2,EA,KICK PLATE,"8400 10"" X 1"" LDW B-CS",IVE,630,,Ives,Satin stainless steel,,758,"[76.0, 271.8, 520.6, 282.9]",
C206T,,False,,758,0.95,1,EA,GASKETING,488S PSA H & J (USE SILENCERS @ NON-RATED DOORS),ZER,BK,,Zero International,Black,,758,"[76.0, 285.4, 524.5, 308.0]",
C206T,,False,,758,0.95,1,SET,MEETING STILE,8193AA (2 PCS - 1 SET) (OMIT @ NON-RATED DOORS),ZER,AA,,Zero International,Anodized aluminum,,758,"[76.0, 310.4, 524.5, 333.0]",
C206T,,False,,758,0.95,1,EA,WIRE HARNESS (IN DOOR),ASSA ABLOY ELECTROLYNX TYPE & LENGTH AS REQ,MCK,,,McKinney,,,758,"[76.0, 335.3, 526.7, 357.9]",
C206T,,False,,758,0.95,1,EA,WIRE HARNESS (TO POWER SUPPLY),QC-C006 - CONNECTION LEADS,MCK,,,McKinney,,,758,"[76.0, 360.4, 526.7, 382.9]",
C206T,,False,,758,0.95,1,EA,CREDENTIAL READER,AS SPECIFIED IN DIVISION 28,UNK,,,Unknown,,,758,"[76.0, 385.4, 525.6, 396.5]",
C206T,,False,,758,0.95,2,EA,DOOR POSITION SWITCH,AS SPECIFIED IN DIVISION 28,B/O,,,By Others,,,758,"[76.0, 398.8, 521.7, 409.9]",
C206T,,False,,758,0.95,1,EA,POWER SUPPLY,AS SPECIFIED IN DIVISION 28,B/O,,,By Others,,,758,"[76.0, 412.4, 521.7, 423.5]",
C206TW,,False,,759,0.95,8,EA,HINGE,5BB1HW 5 X 4.5,IVE,652,"(PROVIDE NRP @ OUTSWING, LOCKABLE DOORS)",Ives,Satin chrome plated steel,,759,"[76.0, 115.8, 520.6, 150.0]",
C206TW,,False,,759,0.95,1,EA,POWER TRANSFER,EPT10 CON,VON,689,,Von Duprin,Aluminum painted,,759,"[76.0, 152.3, 526.2, 163.4]",
C206TW,,False,,759,0.95,1,EA,AUTO FLUSH BOLT,FB31P/FB41P AS REQ,IVE,630,,Ives,Satin stainless steel,,759,"[76.0, 165.8, 520.6, 177.0]",
C206TW,,False,,759,0.95,1,EA,DUST PROOF STRIKE,DP2,IVE,626,,Ives,Satin chrome,,759,"[76.0, 179.3, 520.6, 190.4]",
C206TW,,False,,759,0.95,1,EA,EU MORTISE LOCK,LX-RX-64-8271 LE2J 26D FAIL SECURE,SAR,626,,Sargent,Satin chrome,,759,"[76.0, 192.8, 525.0, 215.5]",
C206TW,,False,,759,0.95,1,EA,LFIC PERMANENT CORE,MATCH EXISTING KEY SYSTEM,SAR,626,,Sargent,Satin chrome,,759,"[76.0, 217.8, 525.0, 228.9]",
C206TW,,False,,759,0.95,1,EA,COORDINATOR,COR X FL X MB X HW PREPS,IVE,628,,Ives,"Satin aluminum, clear anodized",,759,"[76.0, 231.4, 520.6, 242.5]",
C206TW,,False,,759,0.95,2,EA,OH STOP,100S SERIES X SIZE & MOUNTING AS REQ,GLY,630,,Glynn-Johnson,Satin stainless steel,,759,"[76.0, 244.8, 524.5, 267.5]",
C206TW,,False,,759,0.95,2,EA,SURFACE CLOSER,"4040XP RW/PA TBWMS X MTG BRKT, SPCR & PLATE AS REQ",LCN,689,,LCN,Aluminum painted,,759,"[76.0, 269.9, 524.5, 292.4]",
C206TW,,False,,759,0.95,2,EA,KICK PLATE,"8400 10"" X 1"" LDW B-CS",IVE,630,,Ives,Satin stainless steel,,759,"[76.0, 294.9, 520.6, 306.0]",
C206TW,,False,,759,0.95,1,EA,GASKETING,488S PSA H & J (USE SILENCERS @ NON-RATED DOORS),ZER,BK,,Zero International,Black,,759,"[76.0, 308.3, 524.5, 330.9]",
C206TW,,False,,759,0.95,1,SET,MEETING STILE,8193AA (2 PCS - 1 SET) (OMIT @ NON-RATED DOORS),ZER,AA,,Zero International,Anodized aluminum,,759,"[76.0, 333.4, 524.5, 355.9]",
C206TW,,False,,759,0.95,1,EA,WIRE HARNESS (IN DOOR),ASSA ABLOY ELECTROLYNX TYPE & LENGTH AS REQ,MCK,,,McKinney,,,759,"[76.0, 358.4, 526.7, 381.0]",
C206TW,,False,,759,0.95,1,EA,WIRE HARNESS (TO POWER SUPPLY),QC-C006 - CONNECTION LEADS,MCK,,,McKinney,,,759,"[76.0, 383.3, 526.7, 405.9]",
C206TW,,False,,759,0.95,1,EA,CREDENTIAL READER,AS SPECIFIED IN DIVISION 28,UNK,,,Unknown,,,759,"[76.0, 408.4, 525.6, 419.5]",
C206TW,,False,,759,0.95,2,EA,DOOR POSITION SWITCH,AS SPECIFIED IN DIVISION 28,B/O,,,By Others,,,759,"[76.0, 421.9, 521.7, 433.0]",
C206TW,,False,,759,0.95,1,EA,POWER SUPPLY,AS SPECIFIED IN DIVISION 28,B/O,,,By Others,,,759,"[76.0, 435.4, 521.7, 446.5]",
C207T,,False,,760,0.94,4,EA,HINGE,5BB1 4.5 X 4.5,IVE,652,"(PROVIDE NRP @ OUTSWING, LOCKABLE DOORS)",Ives,Satin chrome plated steel,,760,"[76.0, 115.8, 520.6, 150.0]",
C207T,,False,,760,0.94,1,EA,POWER TRANSFER,EPT10 CON,VON,689,,Von Duprin,Aluminum painted,,760,"[76.0, 152.3, 526.2, 163.4]",
C207T,,False,,760,0.94,1,EA,EU MORTISE LOCK,LX-RX-64-8271 LE2J 26D FAIL SECURE,SAR,626,,Sargent,Satin chrome,,760,"[76.0, 165.8, 525.0, 188.5]",
C207T,,False,,760,0.94,1,EA,LFIC PERMANENT CORE,MATCH EXISTING KEY SYSTEM,SAR,626,,Sargent,Satin chrome,,760,"[76.0, 190.8, 525.0, 201.9]",
C207T,,False,,760,0.94,1,EA,OH STOP,100S SERIES X SIZE & MOUNTING AS REQ,GLY,630,,Glynn-Johnson,Satin stainless steel,,760,"[76.0, 204.4, 524.5, 227.0]",
C207T,,False,,760,0.94,1,EA,SURFACE CLOSER,"4040XP RW/PA TBWMS X MTG BRKT, SPCR & PLATE AS REQ",LCN,689,,LCN,Aluminum painted,,760,"[76.0, 229.3, 524.5, 252.0]",
C207T,,False,,760,0.94,1,EA,KICK PLATE,"8400 10"" X 2"" LDW B-CS",IVE,630,,Ives,Satin stainless steel,,760,"[76.0, 254.3, 520.6, 265.4]",
C207T,,False,,760,0.94,1,EA,GASKETING,488S PSA H & J (USE SILENCERS @ NON-RATED DOORS),ZER,BK,,Zero International,Black,,760,"[76.0, 267.9, 524.5, 290.5]",
C207T,,False,,760,0.94,1,EA,WIRE HARNESS (IN DOOR),ASSA ABLOY ELECTROLYNX TYPE & LENGTH AS REQ,MCK,,,McKinney,,,760,"[76.0, 292.8, 526.7, 315.5]",
C207T,,False,,760,0.94,1,EA,WIRE HARNESS (TO POWER SUPPLY),QC-C006 - CONNECTION LEADS,MCK,,,McKinney,,,760,"[76.0, 317.9, 526.7, 340.4]",
C207T,,False,,760,0.94,1,EA,CREDENTIAL READER,AS SPECIFIED IN DIVISION 28,UNK,,,Unknown,,,760,"[76.0, 342.9, 525.6, 354.0]",
C207T,,False,,760,0.94,1,EA,DOOR POSITION SWITCH,AS SPECIFIED IN DIVISION 28,B/O,,,By Others,,,760,"[76.0, 356.3, 521.7, 367.4]",
C207T,,False,,760,0.94,1,EA,POWER SUPPLY,AS SPECIFIED IN DIVISION 28,B/O,,,By Others,,,760,"[76.0, 369.9, 521.7, 381.0]",
C207W,,False,,761,0.94,3,EA,HINGE,5BB1HW 5 X 4.5,IVE,652,"(PROVIDE NRP @ OUTSWING, LOCKABLE DOORS)",Ives,Satin chrome plated steel,,761,"[76.0, 115.8, 520.6, 150.0]",
C207W,,False,,761,0.94,1,EA,POWER TRANSFER,EPT10 CON,VON,689,,Von Duprin,Aluminum painted,,761,"[76.0, 152.3, 526.2, 163.4]",
C207W,,False,,761,0.94,1,EA,EU MORTISE LOCK,LX-RX-64-8271 LE2J 26D FAIL SECURE,SAR,626,,Sargent,Satin chrome,,761,"[76.0, 165.8, 525.0, 188.5]",
C207W,,False,,761,0.94,1,EA,LFIC PERMANENT CORE,MATCH EXISTING KEY SYSTEM,SAR,626,,Sargent,Satin chrome,,761,"[76.0, 190.8, 525.0, 201.9]",
C207W,,False,,761,0.94,1,EA,OH STOP,100S SERIES X SIZE & MOUNTING AS REQ,GLY,630,,Glynn-Johnson,Satin stainless steel,,761,"[76.0, 204.4, 524.5, 227.0]",
C207W,,False,,761,0.94,1,EA,SURFACE CLOSER,"4040XP RW/PA TBWMS X MTG BRKT, SPCR & PLATE AS REQ",LCN,689,,LCN,Aluminum painted,,761,"[76.0, 229.3, 524.5, 252.0]",
C207W,,False,,761,0.94,1,EA,KICK PLATE,"8400 10"" X 2"" LDW B-CS",IVE,630,,Ives,Satin stainless steel,,761,"[76.0, 254.3, 520.6, 265.4]",
C207W,,False,,761,0.94,1,EA,GASKETING,488S PSA H & J (USE SILENCERS @ NON-RATED DOORS),ZER,BK,,Zero International,Black,,761,"[76.0, 267.9, 524.5, 290.5]",
C207W,,False,,761,0.94,1,EA,WIRE HARNESS (IN DOOR),ASSA ABLOY ELECTROLYNX TYPE & LENGTH AS REQ,MCK,,,McKinney,,,761,"[76.0, 292.8, 526.7, 315.5]",
C207W,,False,,761,0.94,1,EA,WIRE HARNESS (TO POWER SUPPLY),QC-C006 - CONNECTION LEADS,MCK,,,McKinney,,,761,"[76.0, 317.9, 526.7, 340.4]",
C207W,,False,,761,0.94,1,EA,CREDENTIAL READER,AS SPECIFIED IN DIVISION 28,UNK,,,Unknown,,,761,"[76.0, 342.9, 525.6, 354.0]",
C207W,,False,,761,0.94,1,EA,DOOR POSITION SWITCH,AS SPECIFIED IN DIVISION 28,B/O,,,By Others,,,761,"[76.0, 356.3, 521.7, 367.4]",
C207W,,False,,761,0.94,1,EA,POWER SUPPLY,AS SPECIFIED IN DIVISION 28,B/O,,,By Others,,,761,"[76.0, 369.9, 521.7, 381.0]",
C700CR,,False,,762,0.95,6,EA,HINGE,5BB1HW 4.5 X 4.5,IVE,652,"(PROVIDE NRP @ OUTSWING, LOCKABLE DOORS)",Ives,Satin chrome plated steel,,762,"[76.0, 115.8, 520.6, 150.0]",
C700CR,,False,,762,0.95,2,EA,POWER TRANSFER,EPT10 CON,VON,689,,Von Duprin,Aluminum painted,,762,"[76.0, 152.3, 526.2, 163.4]",
C700CR,,False,,762,0.95,2,EA,EXIT DEVICE,12-43-53-55-TB-LC-8674 ETJ 26D/32D LENGTH & HEIGHT AS REQ,SAR,626,,Sargent,Satin chrome,,762,"[76.0, 165.8, 525.0, 200.0]",
C700CR,,False,,762,0.95,2,EA,CYLINDER,AS REQUIRED,SAR,626,,Sargent,Satin chrome,,762,"[76.0, 202.3, 525.0, 213.4]",
C700CR,,False,,762,0.95,2,EA,LFIC PERMANENT CORE,MATCH EXISTING KEY SYSTEM,SAR,626,,Sargent,Satin chrome,,762,"[76.0, 215.9, 525.0, 227.0]",
C700CR,,False,,762,0.95,2,EA,SURFACE CLOSER,"4040XP SCUSH X TBWMS X MTG BRKT, SPCR & PLATE AS REQ",LCN,689,,LCN,Aluminum painted,,762,"[76.0, 229.3, 524.5, 252.0]",
C700CR,,False,,762,0.95,1,EA,KICK PLATE,"8400 10"" X 1"" LDW B-CS",IVE,630,,Ives,Satin stainless steel,,762,"[76.0, 254.3, 520.6, 265.4]",
C700CR,,False,,762,0.95,2,EA,GASKETING,488S PSA H & J,ZER,BK,,Zero International,Black,,762,"[76.0, 267.9, 524.5, 279.0]",
C700CR,,False,,762,0.95,2,EA,WIRE HARNESS (IN DOOR),ASSA ABLOY ELECTROLYNX TYPE & LENGTH AS REQ,MCK,,,McKinney,,,762,"[76.0, 281.3, 526.7, 303.9]",
C700CR,,False,,762,0.95,2,EA,WIRE HARNESS (TO POWER SUPPLY),QC-C006 - CONNECTION LEADS,MCK,,,McKinney,,,762,"[76.0, 306.4, 526.7, 329.0]",
C700CR,,False,,762,0.95,1,EA,CREDENTIAL READER,AS SPECIFIED IN DIVISION 28,UNK,,,Unknown,,,762,"[76.0, 331.4, 525.6, 342.5]",
C700CR,,False,,762,0.95,2,EA,DOOR POSITION SWITCH,AS SPECIFIED IN DIVISION 28,B/O,,,By Others,,,762,"[76.0, 344.8, 521.7, 355.9]",
C700CR,,False,,762,0.95,1,EA,POWER SUPPLY,AS SPECIFIED IN DIVISION 28,B/O,,,By Others,,,762,"[76.0, 358.4, 521.7, 369.5]",
C701C,,False,,763,0.95,3,EA,HINGE,5BB1HW 4.5 X 4.5,IVE,652,"(PROVIDE NRP @ OUTSWING, LOCKABLE DOORS)",Ives,Satin chrome plated steel,,763,"[76.0, 115.8, 520.6, 150.0]",
C701C,,False,,763,0.95,1,EA,POWER TRANSFER,EPT10 CON,VON,689,,Von Duprin,Aluminum painted,,763,"[76.0, 152.3, 526.2, 163.4]",
C701C,,False,,763,0.95,1,EA,ELEC PANIC DEVICE,LD-43-53-55-TB-LC-8876 ETJ 26D/32D LENGTH AS REQ,SAR,626,,Sargent,Satin chrome,,763,"[76.0, 165.8, 525.0, 188.5]",
C701C,,False,,763,0.95,1,EA,_CYLINDER,AS REQUIRED,SAR,626,,Sargent,Satin chrome,,763,"[76.0, 190.8, 525.0, 201.9]",
C701C,,False,,763,0.95,1,EA,LFIC PERMANENT CORE,MATCH EXISTING KEY SYSTEM,SAR,626,,Sargent,Satin chrome,,763,"[76.0, 204.4, 525.0, 215.5]",
C701C,,False,,763,0.95,1,EA,SURFACE CLOSER,"4040XP SCUSH X TBWMS X MTG BRKT, SPCR & PLATE AS REQ",LCN,689,,LCN,Aluminum painted,,763,"[76.0, 217.8, 524.5, 240.4]",
C701C,,False,,763,0.95,1,EA,KICK PLATE,"8400 10"" X 2"" LDW B-CS",IVE,630,,Ives,Satin stainless steel,,763,"[76.0, 242.9, 520.6, 254.0]",
C701C,,False,,763,0.95,3,EA,SILENCER,SR64,IVE,GRY,,Ives,Gray,,763,"[76.0, 256.4, 520.6, 267.5]",
C701C,,False,,763,0.95,1,EA,WIRE HARNESS (IN DOOR),ASSA ABLOY ELECTROLYNX TYPE & LENGTH AS REQ,MCK,,,McKinney,,,763,"[76.0, 269.9, 526.7, 292.4]",
C701C,,False,,763,0.95,1,EA,WIRE HARNESS (TO POWER SUPPLY),QC-C006 - CONNECTION LEADS,MCK,,,McKinney,,,763,"[76.0, 294.9, 526.7, 317.5]",
C701C,,False,,763,0.95,1,EA,CREDENTIAL READER,AS SPECIFIED IN DIVISION 28,UNK,,,Unknown,,,763,"[76.0, 319.8, 525.6, 330.9]",
C701C,,False,,763,0.95,1,EA,DOOR POSITION SWITCH,AS SPECIFIED IN DIVISION 28,B/O,,,By Others,,,763,"[76.0, 333.4, 521.7, 344.5]",
C701C,,False,,763,0.95,1,EA,POWER SUPPLY,AS SPECIFIED IN DIVISION 28,B/O,,,By Others,,,763,"[76.0, 346.8, 521.7, 357.9]",
C701CTW,,False,,764,0.95,4,EA,HINGE,5BB1HW 5 X 4.5,IVE,652,"(PROVIDE NRP @ OUTSWING, LOCKABLE DOORS)",Ives,Satin chrome plated steel,,764,"[76.0, 115.8, 520.6, 150.0]",
C701CTW,,False,,764,0.95,1,EA,POWER TRANSFER,EPT10 CON,VON,689,,Von Duprin,Aluminum painted,,764,"[76.0, 152.3, 526.2, 163.4]",
C701CTW,,False,,764,0.95,1,EA,ELEC PANIC DEVICE,LD-43-53-55-TB-LC-8876 ETJ 26D/32D LENGTH AS REQ,SAR,626,,Sargent,Satin chrome,,764,"[76.0, 165.8, 525.0, 188.5]",
C701CTW,,False,,764,0.95,1,EA,_CYLINDER,AS REQUIRED,SAR,626,,Sargent,Satin chrome,,764,"[76.0, 190.8, 525.0, 201.9]",
C701CTW,,False,,764,0.95,1,EA,LFIC PERMANENT CORE,MATCH EXISTING KEY SYSTEM,SAR,626,,Sargent,Satin chrome,,764,"[76.0, 204.4, 525.0, 215.5]",
C701CTW,,False,,764,0.95,1,EA,SURFACE CLOSER,"4040XP SCUSH X TBWMS X MTG BRKT, SPCR & PLATE AS REQ",LCN,689,,LCN,Aluminum painted,,764,"[76.0, 217.8, 524.5, 240.4]",
C701CTW,,False,,764,0.95,1,EA,KICK PLATE,"8400 10"" X 2"" LDW B-CS",IVE,630,,Ives,Satin stainless steel,,764,"[76.0, 242.9, 520.6, 254.0]",
C701CTW,,False,,764,0.95,3,EA,SILENCER,SR64,IVE,GRY,,Ives,Gray,,764,"[76.0, 256.4, 520.6, 267.5]",
C701CTW,,False,,764,0.95,1,EA,WIRE HARNESS (IN DOOR),ASSA ABLOY ELECTROLYNX TYPE & LENGTH AS REQ,MCK,,,McKinney,,,764,"[76.0, 269.9, 526.7, 292.4]",
C701CTW,,False,,764,0.95,1,EA,WIRE HARNESS (TO POWER SUPPLY),QC-C006 - CONNECTION LEADS,MCK,,,McKinney,,,764,"[76.0, 294.9, 526.7, 317.5]",
C701CTW,,False,,764,0.95,1,EA,CREDENTIAL READER,AS SPECIFIED IN DIVISION 28,UNK,,,Unknown,,,764,"[76.0, 319.8, 525.6, 330.9]",
C701CTW,,False,,764,0.95,1,EA,DOOR POSITION SWITCH,AS SPECIFIED IN DIVISION 28,B/O,,,By Others,,,764,"[76.0, 333.4, 521.7, 344.5]",
C701CTW,,False,,764,0.95,1,EA,POWER SUPPLY,AS SPECIFIED IN DIVISION 28,B/O,,,By Others,,,764,"[76.0, 346.8, 521.7, 357.9]",
C706,,False,,765,0.95,6,EA,HINGE,5BB1HW 4.5 X 4.5,IVE,652,"(PROVIDE NRP @ OUTSWING, LOCKABLE DOORS)",Ives,Satin chrome plated steel,,765,"[76.0, 115.8, 520.6, 150.0]",
C706,,False,,765,0.95,2,EA,POWER TRANSFER,EPT10 CON,VON,689,,Von Duprin,Aluminum painted,,765,"[76.0, 152.3, 526.2, 163.4]",
C706,,False,,765,0.95,2,EA,EXIT DEVICE,LD-43-53-55-TB-LC-8674 ETJ 106 26D/32D LENGTH & HEIGHT AS REQ,SAR,626,,Sargent,Satin chrome,,765,"[76.0, 165.8, 525.0, 200.0]",
C706,,False,,765,0.95,2,EA,CYLINDER,AS REQUIRED,SAR,626,,Sargent,Satin chrome,,765,"[76.0, 202.3, 525.0, 213.4]",
C706,,False,,765,0.95,2,EA,LFIC PERMANENT CORE,MATCH EXISTING KEY SYSTEM,SAR,626,,Sargent,Satin chrome,,765,"[76.0, 215.9, 525.0, 227.0]",
C706,,False,,765,0.95,2,EA,OH STOP,100S SERIES X SIZE & MOUNTING AS REQ,GLY,630,,Glynn-Johnson,Satin stainless steel,,765,"[76.0, 229.3, 524.5, 252.0]",
C706,,False,,765,0.95,2,EA,SURFACE CLOSER,"4040XP RW/PA TBWMS X MTG BRKT, SPCR & PLATE AS REQ",LCN,689,,LCN,Aluminum painted,,765,"[76.0, 254.3, 524.5, 276.9]",
C706,,False,,765,0.95,1,EA,KICK PLATE,"8400 10"" X 1"" LDW B-CS",IVE,630,,Ives,Satin stainless steel,,765,"[76.0, 279.4, 520.6, 290.5]",
C706,,False,,765,0.95,2,EA,SILENCER,SR64,IVE,GRY,,Ives,Gray,,765,"[76.0, 292.8, 520.6, 303.9]",
C706,,False,,765,0.95,2,EA,WIRE HARNESS (IN DOOR),ASSA ABLOY ELECTROLYNX TYPE & LENGTH AS REQ,MCK,,,McKinney,,,765,"[76.0, 306.4, 526.7, 329.0]",
C706,,False,,765,0.95,2,EA,WIRE HARNESS (TO POWER SUPPLY),QC-C006 - CONNECTION LEADS,MCK,,,McKinney,,,765,"[76.0, 331.4, 526.7, 354.0]",
C706,,False,,765,0.95,1,EA,CREDENTIAL READER,AS SPECIFIED IN DIVISION 28,UNK,,,Unknown,,,765,"[76.0, 356.3, 525.6, 367.4]",
C706,,False,,765,0.95,2,EA,DOOR POSITION SWITCH,AS SPECIFIED IN DIVISION 28,B/O,,,By Others,,,765,"[76.0, 369.9, 521.7, 381.0]",
C706,,False,,765,0.95,1,EA,POWER SUPPLY,AS SPECIFIED IN DIVISION 28,B/O,,,By Others,,,765,"[76.0, 383.3, 521.7, 394.4]",
C706T,,False,,766,0.95,8,EA,HINGE,5BB1HW 4.5 X 4.5,IVE,652,"(PROVIDE NRP @ OUTSWING, LOCKABLE DOORS)",Ives,Satin chrome plated steel,,766,"[76.0, 115.8, 520.6, 150.0]",
C706T,,False,,766,0.95,2,EA,POWER TRANSFER,EPT10 CON,VON,689,,Von Duprin,Aluminum painted,,766,"[76.0, 152.3, 526.2, 163.4]",
C706T,,False,,766,0.95,2,EA,EXIT DEVICE,LD-43-53-55-TB-LC-8674 ETJ 106 26D/32D LENGTH & HEIGHT AS REQ,SAR,626,,Sargent,Satin chrome,,766,"[76.0, 165.8, 525.0, 200.0]",
C706T,,False,,766,0.95,2,EA,CYLINDER,AS REQUIRED,SAR,626,,Sargent,Satin chrome,,766,"[76.0, 202.3, 525.0, 213.4]",
C706T,,False,,766,0.95,2,EA,LFIC PERMANENT CORE,MATCH EXISTING KEY SYSTEM,SAR,626,,Sargent,Satin chrome,,766,"[76.0, 215.9, 525.0, 227.0]",
C706T,,False,,766,0.95,2,EA,OH STOP,100S SERIES X SIZE & MOUNTING AS REQ,GLY,630,,Glynn-Johnson,Satin stainless steel,,766,"[76.0, 229.3, 524.5, 252.0]",
C706T,,False,,766,0.95,2,EA,SURFACE CLOSER,"4040XP RW/PA TBWMS X MTG BRKT, SPCR & PLATE AS REQ",LCN,689,,LCN,Aluminum painted,,766,"[76.0, 254.3, 524.5, 276.9]",
C706T,,False,,766,0.95,1,EA,KICK PLATE,"8400 10"" X 1"" LDW B-CS",IVE,630,,Ives,Satin stainless steel,,766,"[76.0, 279.4, 520.6, 290.5]",
C706T,,False,,766,0.95,2,EA,SILENCER,SR64,IVE,GRY,,Ives,Gray,,766,"[76.0, 292.8, 520.6, 303.9]",
C706T,,False,,766,0.95,2,EA,WIRE HARNESS (IN DOOR),ASSA ABLOY ELECTROLYNX TYPE & LENGTH AS REQ,MCK,,,McKinney,,,766,"[76.0, 306.4, 526.7, 329.0]",
C706T,,False,,766,0.95,2,EA,WIRE HARNESS (TO POWER SUPPLY),QC-C006 - CONNECTION LEADS,MCK,,,McKinney,,,766,"[76.0, 331.4, 526.7, 354.0]",
C706T,,False,,766,0.95,1,EA,CREDENTIAL READER,AS SPECIFIED IN DIVISION 28,UNK,,,Unknown,,,766,"[76.0, 356.3, 525.6, 367.4]",
C706T,,False,,766,0.95,2,EA,DOOR POSITION SWITCH,AS SPECIFIED IN DIVISION 28,B/O,,,By Others,,,766,"[76.0, 369.9, 521.7, 381.0]",
C706T,,False,,766,0.95,1,EA,POWER SUPPLY,AS SPECIFIED IN DIVISION 28,B/O,,,By Others,,,766,"[76.0, 383.3, 521.7, 394.4]",
C709T,,False,,767,0.95,4,EA,HINGE,5BB1HW 4.5 X 4.5,IVE,652,"(PROVIDE NRP @ OUTSWING, LOCKABLE DOORS)",Ives,Satin chrome plated steel,,767,"[76.0, 115.8, 520.6, 150.0]",
C709T,,False,,767,0.95,1,EA,POWER TRANSFER,EPT10 CON,VON,689,,Von Duprin,Aluminum painted,,767,"[76.0, 152.3, 526.2, 163.4]",
C709T,,False,,767,0.95,1,EA,ELEC PANIC DEVICE,LD-43-53-55-TB-LC-8876 ETJ 26D/32D LENGTH AS REQ,SAR,626,,Sargent,Satin chrome,,767,"[76.0, 165.8, 525.0, 188.5]",
C709T,,False,,767,0.95,1,EA,_CYLINDER,AS REQUIRED,SAR,626,,Sargent,Satin chrome,,767,"[76.0, 190.8, 525.0, 201.9]",
C709T,,False,,767,0.95,1,EA,LFIC PERMANENT CORE,MATCH EXISTING KEY SYSTEM,SAR,626,,Sargent,Satin chrome,,767,"[76.0, 204.4, 525.0, 215.5]",
C709T,,False,,767,0.95,1,EA,SURFACE CLOSER,"4040XP RW/PA TBWMS X MTG BRKT, SPCR & PLATE AS REQ",LCN,689,,LCN,Aluminum painted,,767,"[76.0, 217.8, 524.5, 240.4]",
C709T,,False,,767,0.95,1,EA,KICK PLATE,"8400 10"" X 2"" LDW B-CS",IVE,630,,Ives,Satin stainless steel,,767,"[76.0, 242.9, 520.6, 254.0]",
C709T,,False,,767,0.95,1,EA,ELECTROMAG HOLDER,SEM7800 SERIES AS REQ,LCN,695,,LCN,Dark bronze painted,,767,"[76.0, 256.4, 524.5, 267.5]",
C709T,,False,,767,0.95,3,EA,GASKETING,488S PSA H & J,ZER,BK,,Zero International,Black,,767,"[76.0, 269.9, 524.5, 281.0]",
C709T,,False,,767,0.95,1,EA,WIRE HARNESS (IN DOOR),ASSA ABLOY ELECTROLYNX TYPE & LENGTH AS REQ,MCK,,,McKinney,,,767,"[76.0, 283.4, 526.7, 306.0]",
C709T,,False,,767,0.95,1,EA,WIRE HARNESS (TO POWER SUPPLY),QC-C006 - CONNECTION LEADS,MCK,,,McKinney,,,767,"[76.0, 308.3, 526.7, 330.9]",
C709T,,False,,767,0.95,1,EA,CREDENTIAL READER,AS SPECIFIED IN DIVISION 28,UNK,,,Unknown,,,767,"[76.0, 333.4, 525.6, 344.5]",
C709T,,False,,767,0.95,1,EA,DOOR POSITION SWITCH,AS SPECIFIED IN DIVISION 28,B/O,,,By Others,,,767,"[76.0, 346.8, 521.7, 357.9]",
C709T,,False,,767,0.95,1,EA,POWER SUPPLY,AS SPECIFIED IN DIVISION 28,B/O,,,By Others,,,767,"[76.0, 360.4, 521.7, 371.5]",
C709TW,,False,,768,0.95,4,EA,HINGE,5BB1HW 5 X 4.5,IVE,652,"(PROVIDE NRP @ OUTSWING, LOCKABLE DOORS)",Ives,Satin chrome plated steel,,768,"[76.0, 115.8, 520.6, 150.0]",
C709TW,,False,,768,0.95,1,EA,POWER TRANSFER,EPT10 CON,VON,689,,Von Duprin,Aluminum painted,,768,"[76.0, 152.3, 526.2, 163.4]",
C709TW,,False,,768,0.95,1,EA,ELEC PANIC DEVICE,LD-43-53-55-TB-LC-8876 ETJ 26D/32D LENGTH AS REQ,SAR,626,,Sargent,Satin chrome,,768,"[76.0, 165.8, 525.0, 188.5]",
C709TW,,False,,768,0.95,1,EA,_CYLINDER,AS REQUIRED,SAR,626,,Sargent,Satin chrome,,768,"[76.0, 190.8, 525.0, 201.9]",
C709TW,,False,,768,0.95,1,EA,LFIC PERMANENT CORE,MATCH EXISTING KEY SYSTEM,SAR,626,,Sargent,Satin chrome,,768,"[76.0, 204.4, 525.0, 215.5]",
C709TW,,False,,768,0.95,1,EA,SURFACE CLOSER,"4040XP RW/PA TBWMS X MTG BRKT, SPCR & PLATE AS REQ",LCN,689,,LCN,Aluminum painted,,768,"[76.0, 217.8, 524.5, 240.4]",
C709TW,,False,,768,0.95,1,EA,KICK PLATE,"8400 10"" X 2"" LDW B-CS",IVE,630,,Ives,Satin stainless steel,,768,"[76.0, 242.9, 520.6, 254.0]",
C709TW,,False,,768,0.95,1,EA,ELECTROMAG HOLDER,SEM7800 SERIES AS REQ,LCN,695,,LCN,Dark bronze painted,,768,"[76.0, 256.4, 524.5, 267.5]",
C709TW,,False,,768,0.95,3,EA,GASKETING,488S PSA H & J,ZER,BK,,Zero International,Black,,768,"[76.0, 269.9, 524.5, 281.0]",
C709TW,,False,,768,0.95,1,EA,WIRE HARNESS (IN DOOR),ASSA ABLOY ELECTROLYNX TYPE & LENGTH AS REQ,MCK,,,McKinney,,,768,"[76.0, 283.4, 526.7, 306.0]",
C709TW,,False,,768,0.95,1,EA,WIRE HARNESS (TO POWER SUPPLY),QC-C006 - CONNECTION LEADS,MCK,,,McKinney,,,768,"[76.0, 308.3, 526.7, 330.9]",
C709TW,,False,,768,0.95,1,EA,CREDENTIAL READER,AS SPECIFIED IN DIVISION 28,UNK,,,Unknown,,,768,"[76.0, 333.4, 525.6, 344.5]",
C709TW,,False,,768,0.95,1,EA,DOOR POSITION SWITCH,AS SPECIFIED IN DIVISION 28,B/O,,,By Others,,,768,"[76.0, 346.8, 521.7, 357.9]",
C709TW,,False,,768,0.95,1,EA,POWER SUPPLY,AS SPECIFIED IN DIVISION 28,B/O,,,By Others,,,768,"[76.0, 360.4, 521.7, 371.5]",
C709W,,False,,769,0.95,3,EA,HINGE,5BB1HW 5 X 4.5,IVE,652,"(PROVIDE NRP @ OUTSWING, LOCKABLE DOORS)",Ives,Satin chrome plated steel,,769,"[76.0, 115.8, 520.6, 150.0]",
C709W,,False,,769,0.95,1,EA,POWER TRANSFER,EPT10 CON,VON,689,,Von Duprin,Aluminum painted,,769,"[76.0, 152.3, 526.2, 163.4]",
C709W,,False,,769,0.95,1,EA,ELEC PANIC DEVICE,LD-43-53-55-TB-LC-8876 ETJ 26D/32D LENGTH AS REQ,SAR,626,,Sargent,Satin chrome,,769,"[76.0, 165.8, 525.0, 188.5]",
C709W,,False,,769,0.95,1,EA,_CYLINDER,AS REQUIRED,SAR,626,,Sargent,Satin chrome,,769,"[76.0, 190.8, 525.0, 201.9]",
C709W,,False,,769,0.95,1,EA,LFIC PERMANENT CORE,MATCH EXISTING KEY SYSTEM,SAR,626,,Sargent,Satin chrome,,769,"[76.0, 204.4, 525.0, 215.5]",
C709W,,False,,769,0.95,1,EA,SURFACE CLOSER,"4040XP RW/PA TBWMS X MTG BRKT, SPCR & PLATE AS REQ",LCN,689,,LCN,Aluminum painted,,769,"[76.0, 217.8, 524.5, 240.4]",
C709W,,False,,769,0.95,1,EA,KICK PLATE,"8400 10"" X 2"" LDW B-CS",IVE,630,,Ives,Satin stainless steel,,769,"[76.0, 242.9, 520.6, 254.0]",
C709W,,False,,769,0.95,1,EA,ELECTROMAG HOLDER,SEM7800 SERIES AS REQ,LCN,695,,LCN,Dark bronze painted,,769,"[76.0, 256.4, 524.5, 267.5]",
C709W,,False,,769,0.95,3,EA,GASKETING,488S PSA H & J,ZER,BK,,Zero International,Black,,769,"[76.0, 269.9, 524.5, 281.0]",
C709W,,False,,769,0.95,1,EA,WIRE HARNESS (IN DOOR),ASSA ABLOY ELECTROLYNX TYPE & LENGTH AS REQ,MCK,,,McKinney,,,769,"[76.0, 283.4, 526.7, 306.0]",
C709W,,False,,769,0.95,1,EA,WIRE HARNESS (TO POWER SUPPLY),QC-C006 - CONNECTION LEADS,MCK,,,McKinney,,,769,"[76.0, 308.3, 526.7, 330.9]",
C709W,,False,,769,0.95,1,EA,CREDENTIAL READER,AS SPECIFIED IN DIVISION 28,UNK,,,Unknown,,,769,"[76.0, 333.4, 525.6, 344.5]",
C709W,,False,,769,0.95,1,EA,DOOR POSITION SWITCH,AS SPECIFIED IN DIVISION 28,B/O,,,By Others,,,769,"[76.0, 346.8, 521.7, 357.9]",
C709W,,False,,769,0.95,1,EA,POWER SUPPLY,AS SPECIFIED IN DIVISION 28,B/O,,,By Others,,,769,"[76.0, 360.4, 521.7, 371.5]",
C714T,,False,,770,0.95,8,EA,HINGE,5BB1HW 4.5 X 4.5 NRP,IVE,630,,Ives,Satin stainless steel,,770,"[76.0, 115.8, 520.6, 126.9]",
C714T,,False,,770,0.95,2,EA,POWER TRANSFER,EPT10 CON,VON,689,,Von Duprin,Aluminum painted,,770,"[76.0, 129.4, 526.2, 140.5]",
C714T,,False,,770,0.95,2,EA,ELEC PANIC DEVICE,LD-43-53-55-TB-LC-8674 ETJ 106 26D/32D LENGTH & HEIGHT AS REQ,SAR,626,,Sargent,Satin chrome,,770,"[76.0, 142.8, 525.0, 177.0]",
C714T,,False,,770,0.95,2,EA,CYLINDER,AS REQUIRED,SAR,626,,Sargent,Satin chrome,,770,"[76.0, 179.3, 525.0, 190.4]",
C714T,,False,,770,0.95,2,EA,LFIC PERMANENT CORE,MATCH EXISTING KEY SYSTEM,SAR,626,,Sargent,Satin chrome,,770,"[76.0, 192.8, 525.0, 204.0]",
C714T,,False,,770,0.95,2,EA,SURFACE CLOSER,"4040XP SCUSH X TBWMS X MTG BRKT, SPCR & PLATE AS REQ",LCN,689,,LCN,Aluminum painted,,770,"[76.0, 206.3, 524.5, 228.9]",
C714T,,False,,770,0.95,2,EA,KICK PLATE,"8400 10"" X 1"" LDW B-CS",IVE,630,,Ives,Satin stainless steel,,770,"[76.0, 231.4, 520.6, 242.5]",
C714T,,False,,770,0.95,1,EA,RAIN DRIP,"142AA DW + 4""",ZER,AA,(OMIT @ COVERED OPENINGS),Zero International,Anodized aluminum,,770,"[76.0, 244.8, 524.5, 267.5]",
C714T,,False,,770,0.95,1,SET,GASKETING,328AA H & J,ZER,AA,,Zero International,Anodized aluminum,,770,"[76.0, 269.9, 524.5, 281.0]",
C714T,,False,,770,0.95,1,SET,MEETING STILE,8193AA (2 PCS - 1 SET),ZER,AA,,Zero International,Anodized aluminum,,770,"[76.0, 283.4, 524.5, 294.5]",
C714T,,False,,770,0.95,2,EA,DOOR SWEEP,8198AA,ZER,AA,,Zero International,Anodized aluminum,,770,"[76.0, 296.9, 524.5, 308.0]",
C714T,,False,,770,0.95,1,EA,THRESHOLD,545A LENGTH AS REQ,ZER,A,,Zero International,Anodized aluminum,,770,"[76.0, 310.4, 524.5, 321.5]",
C714T,,False,,770,0.95,2,EA,WIRE HARNESS (IN DOOR),ASSA ABLOY ELECTROLYNX TYPE & LENGTH AS REQ,MCK,,,McKinney,,,770,"[76.0, 323.9, 526.7, 346.4]",
C714T,,False,,770,0.95,2,EA,WIRE HARNESS (TO POWER SUPPLY),QC-C006 - CONNECTION LEADS,MCK,,,McKinney,,,770,"[76.0, 348.9, 526.7, 371.5]",
C714T,,False,,770,0.95,1,EA,CREDENTIAL READER,AS SPECIFIED IN DIVISION 28,UNK,,,Unknown,,,770,"[76.0, 373.8, 525.6, 384.9]",
C714T,,False,,770,0.95,2,EA,DOOR POSITION SWITCH,AS SPECIFIED IN DIVISION 28,B/O,,,By Others,,,770,"[76.0, 387.4, 521.7, 398.5]",
C714T,,False,,770,0.95,1,EA,POWER SUPPLY,AS SPECIFIED IN DIVISION 28,B/O,,,By Others,,,770,"[76.0, 400.8, 521.7, 411.9]",
C715,,False,,771,0.95,3,EA,HINGE,5BB1HW 4.5 X 4.5 NRP,IVE,630,,Ives,Satin stainless steel,,771,"[76.0, 115.8, 520.6, 126.9]",
C715,,False,,771,0.95,1,EA,POWER TRANSFER,EPT10 CON,VON,689,,Von Duprin,Aluminum painted,,771,"[76.0, 129.4, 526.2, 140.5]",
C715,,False,,771,0.95,1,EA,ELEC PANIC DEVICE,LD-43-53-55-56-TB-LC-8804 ETJ 26D/32D LENGTH AS REQ,SAR,626,,Sargent,Satin chrome,,771,"[76.0, 142.8, 525.0, 165.4]",
C715,,False,,771,0.95,1,EA,_CYLINDER,AS REQUIRED,SAR,626,,Sargent,Satin chrome,,771,"[76.0, 167.9, 525.0, 179.0]",
C715,,False,,771,0.95,1,EA,LFIC PERMANENT CORE,MATCH EXISTING KEY SYSTEM,SAR,626,,Sargent,Satin chrome,,771,"[76.0, 181.3, 525.0, 192.4]",
C715,,False,,771,0.95,1,EA,SURFACE CLOSER,"4040XP SCUSH X TBWMS X MTG BRKT, SPCR & PLATE AS REQ",LCN,689,,LCN,Aluminum painted,,771,"[76.0, 194.9, 524.5, 217.4]",
C715,,False,,771,0.95,1,EA,KICK PLATE,"8400 10"" X 2"" LDW B-CS",IVE,630,,Ives,Satin stainless steel,,771,"[76.0, 219.8, 520.6, 231.0]",
C715,,False,,771,0.95,1,EA,RAIN DRIP,"142AA DW + 4""",ZER,AA,(OMIT @ COVERED OPENINGS),Zero International,Anodized aluminum,,771,"[76.0, 233.3, 524.5, 255.9]",
C715,,False,,771,0.95,1,SET,GASKETING,328AA H & J,ZER,AA,,Zero International,Anodized aluminum,,771,"[76.0, 258.4, 524.5, 269.5]",
C715,,False,,771,0.95,1,EA,DOOR SWEEP,8198AA,ZER,AA,,Zero International,Anodized aluminum,,771,"[76.0, 271.8, 524.5, 282.9]",
C715,,False,,771,0.95,1,EA,THRESHOLD,65A,ZER,A,,Zero International,Anodized aluminum,,771,"[76.0, 285.4, 524.5, 296.5]",
C715,,False,,771,0.95,1,EA,WIRE HARNESS (IN DOOR),ASSA ABLOY ELECTROLYNX TYPE & LENGTH AS REQ,MCK,,,McKinney,,,771,"[76.0, 298.8, 526.7, 321.5]",
C715,,False,,771,0.95,1,EA,WIRE HARNESS (TO POWER SUPPLY),QC-C006 - CONNECTION LEADS,MCK,,,McKinney,,,771,"[76.0, 323.9, 526.7, 346.4]",
C715,,False,,771,0.95,1,EA,CREDENTIAL READER,AS SPECIFIED IN DIVISION 28,UNK,,,Unknown,,,771,"[76.0, 348.9, 525.6, 360.0]",
C715,,False,,771,0.95,1,EA,DOOR POSITION SWITCH,AS SPECIFIED IN DIVISION 28,B/O,,,By Others,,,771,"[76.0, 362.3, 521.7, 373.4]",
C715,,False,,771,0.95,1,EA,POWER SUPPLY,AS SPECIFIED IN DIVISION 28,B/O,,,By Others,,,771,"[76.0, 375.9, 521.7, 387.0]",
C715A,,False,,772,0.95,1,EA,CONT. HINGE,112XY EPT,IVE,628,,Ives,"Satin aluminum, clear anodized",,772,"[76.0, 115.8, 520.6, 126.9]",
C715A,,False,,772,0.95,1,EA,POWER TRANSFER,EPT10 CON,VON,689,,Von Duprin,Aluminum painted,,772,"[76.0, 129.4, 526.2, 140.5]",
C715A,,False,,772,0.95,1,EA,ELEC PANIC DEVICE,LD-43-53-55-56-TB-LC-8804 32D LENGTH AS REQ,SAR,630,,Sargent,Satin stainless steel,,772,"[76.0, 142.8, 525.0, 165.4]",
C715A,,False,,772,0.95,1,EA,_CYLINDER,AS REQUIRED,SAR,626,,Sargent,Satin chrome,,772,"[76.0, 167.9, 525.0, 179.0]",
C715A,,False,,772,0.95,1,EA,LFIC PERMANENT CORE,MATCH EXISTING KEY SYSTEM,SAR,626,,Sargent,Satin chrome,,772,"[76.0, 181.3, 525.0, 192.4]",
C715A,,False,,772,0.95,1,EA,90 DEG OFFSET PULL,"8190-O 10""",IVE,630,,Ives,Satin stainless steel,,772,"[76.0, 194.9, 520.6, 206.0]",
C715A,,False,,772,0.95,1,EA,SURFACE CLOSER,"4040XP SCUSH X TBWMS X MTG BRKT, SPCR & PLATE AS REQ",LCN,689,,LCN,Aluminum painted,,772,"[76.0, 208.3, 524.5, 231.0]",
C715A,,False,,772,0.95,1,EA,RAIN DRIP,"142AA DW + 4""",ZER,AA,(OMIT @ COVERED OPENINGS),Zero International,Anodized aluminum,,772,"[76.0, 233.3, 524.5, 255.9]",
C715A,,False,,772,0.95,1,SET,SEAL,PERIMETER SEAL BY FRAME MFR,,,,,,,772,"[76.0, 258.4, 450.8, 269.5]",
C715A,,False,,772,0.95,1,EA,DOOR SWEEP,8198AA,ZER,AA,,Zero International,Anodized aluminum,,772,"[76.0, 271.8, 524.5, 282.9]",
C715A,,False,,772,0.95,1,EA,THRESHOLD,65A,ZER,A,,Zero International,Anodized aluminum,,772,"[76.0, 285.4, 524.5, 296.5]",
C715A,,False,,772,0.95,1,EA,WIRE HARNESS (IN DOOR),ASSA ABLOY ELECTROLYNX TYPE & LENGTH AS REQ,MCK,,,McKinney,,,772,"[76.0, 298.8, 526.7, 321.5]",
C715A,,False,,772,0.95,1,EA,WIRE HARNESS (TO POWER SUPPLY),QC-C006 - CONNECTION LEADS,MCK,,,McKinney,,,772,"[76.0, 323.9, 526.7, 346.4]",
C715A,,False,,772,0.95,1,EA,CREDENTIAL READER,AS SPECIFIED IN DIVISION 28,UNK,,,Unknown,,,772,"[76.0, 348.9, 525.6, 360.0]",
C715A,,False,,772,0.95,1,EA,DOOR POSITION SWITCH,AS SPECIFIED IN DIVISION 28,B/O,,,By Others,,,772,"[76.0, 362.3, 521.7, 373.4]",
C715A,,False,,772,0.95,1,EA,POWER SUPPLY,AS SPECIFIED IN DIVISION 28,B/O,,,By Others,,,772,"[76.0, 375.9, 521.7, 387.0]",
CD731RTW,,False,,773,0.95,4,EA,HINGE,5BB1HW 5 X 4.5,IVE,652,"(PROVIDE NRP @ OUTSWING, LOCKABLE DOORS)",Ives,Satin chrome plated steel,,773,"[76.0, 115.8, 520.6, 150.0]",
CD731RTW,,False,,773,0.95,1,EA,POWER TRANSFER,EPT10 CON,VON,689,,Von Duprin,Aluminum painted,,773,"[76.0, 152.3, 526.2, 163.4]",
CD731RTW,,False,,773,0.95,1,EA,ELEC PANIC DEVICE,12-54-8815 ETJ 26D/32D LENGTH AS REQ,SAR,626,,Sargent,Satin chrome,,773,"[76.0, 165.8, 525.0, 188.5]",
CD731RTW,,False,,773,0.95,1,EA,SURFACE CLOSER,"4040XP RW/PA TBWMS X MTG BRKT, SPCR & PLATE AS REQ",LCN,689,,LCN,Aluminum painted,,773,"[76.0, 190.8, 524.5, 213.4]",
CD731RTW,,False,,773,0.95,1,EA,KICK PLATE,"8400 10"" X 2"" LDW B-CS",IVE,630,,Ives,Satin stainless steel,,773,"[76.0, 215.9, 520.6, 227.0]",
CD731RTW,,False,,773,0.95,1,EA,WALL STOP,WS406/407CCV,IVE,630,,Ives,Satin stainless steel,,773,"[76.0, 229.3, 520.6, 240.4]",
CD731RTW,,False,,773,0.95,1,EA,GASKETING,488S PSA H & J,ZER,BK,,Zero International,Black,,773,"[76.0, 242.9, 524.5, 254.0]",
CD731RTW,,False,,773,0.95,1,EA,WIRE HARNESS (IN DOOR),ASSA ABLOY ELECTROLYNX TYPE & LENGTH AS REQ,MCK,,,McKinney,,,773,"[76.0, 256.4, 526.7, 279.0]",
CD731RTW,,False,,773,0.95,1,EA,WIRE HARNESS (TO POWER SUPPLY),QC-C006 - CONNECTION LEADS,MCK,,,McKinney,,,773,"[76.0, 281.3, 526.7, 303.9]",
CD731RTW,,False,,773,0.95,1,EA,CREDENTIAL READER,AS SPECIFIED IN DIVISION 28,UNK,,,Unknown,,,773,"[76.0, 306.4, 525.6, 317.5]",
CD731RTW,,False,,773,0.95,1,EA,DOOR CONTACT,AS SPECIFIED IN DIVISION 28,SCE,WHT,,Schlage Electronics,White,,773,"[76.0, 319.8, 525.0, 330.9]",
CR201,,False,,774,0.94,3,EA,HINGE,5BB1 4.5 X 4.5,IVE,652,"(PROVIDE NRP @ OUTSWING, LOCKABLE DOORS)",Ives,Satin chrome plated steel,,774,"[76.0, 115.8, 520.6, 150.0]",
CR201,,False,,774,0.94,1,EA,POWER TRANSFER,EPT10 CON,VON,689,,Von Duprin,Aluminum painted,,774,"[76.0, 152.3, 526.2, 163.4]",
CR201,,False,,774,0.94,1,EA,EU MORTISE LOCK,LX-RX-64-8271 LE2J 26D FAIL SECURE,SAR,626,,Sargent,Satin chrome,,774,"[76.0, 165.8, 525.0, 188.5]",
CR201,,False,,774,0.94,1,EA,LFIC PERMANENT CORE,MATCH EXISTING KEY SYSTEM,SAR,626,,Sargent,Satin chrome,,774,"[76.0, 190.8, 525.0, 201.9]",
CR201,,False,,774,0.94,1,EA,SURFACE CLOSER,"4040XP RW/PA TBWMS X MTG BRKT, SPCR & PLATE AS REQ",LCN,689,,LCN,Aluminum painted,,774,"[76.0, 204.4, 524.5, 227.0]",
CR201,,False,,774,0.94,1,EA,KICK PLATE,"8400 10"" X 2"" LDW B-CS",IVE,630,,Ives,Satin stainless steel,,774,"[76.0, 229.3, 520.6, 240.4]",
CR201,,False,,774,0.94,1,EA,WALL STOP,WS406/407CCV,IVE,630,,Ives,Satin stainless steel,,774,"[76.0, 242.9, 520.6, 254.0]",
CR201,,False,,774,0.94,1,EA,GASKETING,488S PSA H & J (USE SILENCERS @ NON-RATED DOORS),ZER,BK,,Zero International,Black,,774,"[76.0, 256.4, 524.5, 279.0]",
CR201,,False,,774,0.94,1,EA,WIRE HARNESS (IN DOOR),ASSA ABLOY ELECTROLYNX TYPE & LENGTH AS REQ,MCK,,,McKinney,,,774,"[76.0, 281.3, 526.7, 303.9]",
CR201,,False,,774,0.94,1,EA,WIRE HARNESS (TO POWER SUPPLY),QC-C006 - CONNECTION LEADS,MCK,,,McKinney,,,774,"[76.0, 306.4, 526.7, 329.0]",
CR201,,False,,774,0.94,1,EA,CREDENTIAL READER,AS SPECIFIED IN DIVISION 28,UNK,,,Unknown,,,774,"[76.0, 331.4, 525.6, 342.5]",
CR201,,False,,774,0.94,1,EA,DOOR POSITION SWITCH,AS SPECIFIED IN DIVISION 28,B/O,,,By Others,,,774,"[76.0, 344.8, 521.7, 355.9]",
CR201,,False,,774,0.94,1,EA,POWER SUPPLY,AS SPECIFIED IN DIVISION 28,B/O,,,By Others,,,774,"[76.0, 358.4, 521.7, 369.5]",
CR201,,False,,774,0.94,,EA,REMOTE RELEASE BUTTON,AS SPECIFIED IN DIVISION 28,,,,,,,774,"[107.3, 371.8, 428.2, 394.4]",
CY200,,False,,775,0.95,6,EA,HINGE,5BB1 4.5 X 4.5,IVE,652,,Ives,Satin chrome plated steel,,775,"[76.0, 115.8, 520.6, 126.9]",
CY200,,False,,775,0.95,1,EA,POWER TRANSFER,EPT10 CON,VON,689,,Von Duprin,Aluminum painted,,775,"[76.0, 129.4, 526.2, 140.5]",
CY200,,False,,775,0.95,1,EA,AUTO FLUSH BOLT,FB31P/FB41P AS REQ,IVE,630,,Ives,Satin stainless steel,,775,"[76.0, 142.8, 520.6, 153.9]",
CY200,,False,,775,0.95,1,EA,DUST PROOF STRIKE,DP2,IVE,626,,Ives,Satin chrome,,775,"[76.0, 156.4, 520.6, 167.5]",
CY200,,False,,775,0.95,1,EA,EU MORTISE LOCK,LX-RX-64-8271 LE2J 26D FAIL SECURE,SAR,626,,Sargent,Satin chrome,,775,"[76.0, 169.8, 525.0, 192.4]",
CY200,,False,,775,0.95,1,EA,LFIC PERMANENT CORE,MATCH EXISTING KEY SYSTEM,SAR,626,,Sargent,Satin chrome,,775,"[76.0, 194.9, 525.0, 206.0]",
CY200,,False,,775,0.95,1,EA,COORDINATOR,COR X FL X MB X HW PREPS,IVE,628,,Ives,"Satin aluminum, clear anodized",,775,"[76.0, 208.3, 520.6, 219.4]",
CY200,,False,,775,0.95,2,EA,SURFACE CLOSER,"4040XP RW/PA TBWMS X MTG BRKT, SPCR & PLATE AS REQ",LCN,689,,LCN,Aluminum painted,,775,"[76.0, 221.9, 524.5, 244.4]",
CY200,,False,,775,0.95,2,EA,KICK PLATE,"8400 10"" X 1"" LDW B-CS",IVE,630,,Ives,Satin stainless steel,,775,"[76.0, 246.9, 520.6, 258.0]",
CY200,,False,,775,0.95,2,EA,WALL STOP,WS406/407CCV,IVE,630,,Ives,Satin stainless steel,,775,"[76.0, 260.3, 520.6, 271.4]",
CY200,,False,,775,0.95,1,EA,GASKETING,488S PSA H & J (USE SILENCERS @ NON-RATED DOORS),ZER,BK,,Zero International,Black,,775,"[76.0, 273.9, 524.5, 296.5]",
CY200,,False,,775,0.95,1,SET,MEETING STILE,8193AA (2 PCS - 1 SET) (OMIT @ NON-RATED DOORS),ZER,AA,,Zero International,Anodized aluminum,,775,"[76.0, 298.8, 524.5, 321.5]",
CY200,,False,,775,0.95,1,EA,WIRE HARNESS (IN DOOR),ASSA ABLOY ELECTROLYNX TYPE & LENGTH AS REQ,MCK,,,McKinney,,,775,"[76.0, 323.9, 526.7, 346.4]",
CY200,,False,,775,0.95,1,EA,WIRE HARNESS (TO POWER SUPPLY),QC-C006 - CONNECTION LEADS,MCK,,,McKinney,,,775,"[76.0, 348.9, 526.7, 371.5]",
CY200,,False,,775,0.95,2,EA,CREDENTIAL READER,AS SPECIFIED IN DIVISION 28,UNK,,,Unknown,,,775,"[76.0, 373.8, 525.6, 384.9]",
CY200,,False,,775,0.95,2,EA,DOOR POSITION SWITCH,AS SPECIFIED IN DIVISION 28,B/O,,,By Others,,,775,"[76.0, 387.4, 521.7, 398.5]",
CY200,,False,,775,0.95,1,EA,POWER SUPPLY,AS SPECIFIED IN DIVISION 28,B/O,,,By Others,,,775,"[76.0, 400.8, 521.7, 411.9]",
CY200C,,False,,776,0.95,6,EA,HINGE,5BB1 4.5 X 4.5,IVE,652,,Ives,Satin chrome plated steel,,776,"[76.0, 115.8, 520.6, 126.9]",
CY200C,,False,,776,0.95,1,EA,POWER TRANSFER,EPT10 CON,VON,689,,Von Duprin,Aluminum painted,,776,"[76.0, 129.4, 526.2, 140.5]",
CY200C,,False,,776,0.95,1,EA,AUTO FLUSH BOLT,FB31P/FB41P AS REQ,IVE,630,,Ives,Satin stainless steel,,776,"[76.0, 142.8, 520.6, 153.9]",
CY200C,,False,,776,0.95,1,EA,DUST PROOF STRIKE,DP2,IVE,626,,Ives,Satin chrome,,776,"[76.0, 156.4, 520.6, 167.5]",
CY200C,,False,,776,0.95,1,EA,EU MORTISE LOCK,LX-RX-64-8271 LE2J 26D FAIL SECURE,SAR,626,,Sargent,Satin chrome,,776,"[76.0, 169.8, 525.0, 192.4]",
CY200C,,False,,776,0.95,1,EA,LFIC PERMANENT CORE,MATCH EXISTING KEY SYSTEM,SAR,626,,Sargent,Satin chrome,,776,"[76.0, 194.9, 525.0, 206.0]",
CY200C,,False,,776,0.95,1,EA,COORDINATOR,COR X FL X MB X HW PREPS,IVE,628,,Ives,"Satin aluminum, clear anodized",,776,"[76.0, 208.3, 520.6, 219.4]",
CY200C,,False,,776,0.95,2,EA,SURFACE CLOSER,"4040XP SCUSH X TBWMS X MTG BRKT, SPCR & PLATE AS REQ",LCN,689,,LCN,Aluminum painted,,776,"[76.0, 221.9, 524.5, 244.4]",
CY200C,,False,,776,0.95,2,EA,KICK PLATE,"8400 10"" X 1"" LDW B-CS",IVE,630,,Ives,Satin stainless steel,,776,"[76.0, 246.9, 520.6, 258.0]",
CY200C,,False,,776,0.95,1,EA,GASKETING,488S PSA H & J (USE SILENCERS @ NON-RATED DOORS),ZER,BK,,Zero International,Black,,776,"[76.0, 260.3, 524.5, 282.9]",
CY200C,,False,,776,0.95,1,SET,MEETING STILE,8193AA (2 PCS - 1 SET) (OMIT @ NON-RATED DOORS),ZER,AA,,Zero International,Anodized aluminum,,776,"[76.0, 285.4, 524.5, 308.0]",
CY200C,,False,,776,0.95,1,EA,WIRE HARNESS (IN DOOR),ASSA ABLOY ELECTROLYNX TYPE & LENGTH AS REQ,MCK,,,McKinney,,,776,"[76.0, 310.4, 526.7, 333.0]",
CY200C,,False,,776,0.95,1,EA,WIRE HARNESS (TO POWER SUPPLY),QC-C006 - CONNECTION LEADS,MCK,,,McKinney,,,776,"[76.0, 335.3, 526.7, 357.9]",
CY200C,,False,,776,0.95,2,EA,CREDENTIAL READER,AS SPECIFIED IN DIVISION 28,UNK,,,Unknown,,,776,"[76.0, 360.4, 525.6, 371.5]",
CY200C,,False,,776,0.95,2,EA,DOOR POSITION SWITCH,AS SPECIFIED IN DIVISION 28,B/O,,,By Others,,,776,"[76.0, 373.8, 521.7, 384.9]",
CY200C,,False,,776,0.95,1,EA,POWER SUPPLY,AS SPECIFIED IN DIVISION 28,B/O,,,By Others,,,776,"[76.0, 387.4, 521.7, 398.5]",
CY200CT,,False,,777,0.95,8,EA,HINGE,5BB1 4.5 X 4.5,IVE,652,,Ives,Satin chrome plated steel,,777,"[76.0, 115.8, 520.6, 126.9]",
CY200CT,,False,,777,0.95,1,EA,POWER TRANSFER,EPT10 CON,VON,689,,Von Duprin,Aluminum painted,,777,"[76.0, 129.4, 526.2, 140.5]",
CY200CT,,False,,777,0.95,1,EA,AUTO FLUSH BOLT,FB31P/FB41P AS REQ,IVE,630,,Ives,Satin stainless steel,,777,"[76.0, 142.8, 520.6, 153.9]",
CY200CT,,False,,777,0.95,1,EA,DUST PROOF STRIKE,DP2,IVE,626,,Ives,Satin chrome,,777,"[76.0, 156.4, 520.6, 167.5]",
CY200CT,,False,,777,0.95,1,EA,EU MORTISE LOCK,LX-RX-64-8271 LE2J 26D FAIL SECURE,SAR,626,,Sargent,Satin chrome,,777,"[76.0, 169.8, 525.0, 192.4]",
CY200CT,,False,,777,0.95,1,EA,LFIC PERMANENT CORE,MATCH EXISTING KEY SYSTEM,SAR,626,,Sargent,Satin chrome,,777,"[76.0, 194.9, 525.0, 206.0]",
CY200CT,,False,,777,0.95,1,EA,COORDINATOR,COR X FL X MB X HW PREPS,IVE,628,,Ives,"Satin aluminum, clear anodized",,777,"[76.0, 208.3, 520.6, 219.4]",
CY200CT,,False,,777,0.95,2,EA,SURFACE CLOSER,"4040XP SCUSH X TBWMS X MTG BRKT, SPCR & PLATE AS REQ",LCN,689,,LCN,Aluminum painted,,777,"[76.0, 221.9, 524.5, 244.4]",
CY200CT,,False,,777,0.95,2,EA,KICK PLATE,"8400 10"" X 1"" LDW B-CS",IVE,630,,Ives,Satin stainless steel,,777,"[76.0, 246.9, 520.6, 258.0]",
CY200CT,,False,,777,0.95,1,EA,GASKETING,488S PSA H & J (USE SILENCERS @ NON-RATED DOORS),ZER,BK,,Zero International,Black,,777,"[76.0, 260.3, 524.5, 282.9]",
CY200CT,,False,,777,0.95,1,SET,MEETING STILE,8193AA (2 PCS - 1 SET) (OMIT @ NON-RATED DOORS),ZER,AA,,Zero International,Anodized aluminum,,777,"[76.0, 285.4, 524.5, 308.0]",
CY200CT,,False,,777,0.95,1,EA,WIRE HARNESS (IN DOOR),ASSA ABLOY ELECTROLYNX TYPE & LENGTH AS REQ,MCK,,,McKinney,,,777,"[76.0, 310.4, 526.7, 333.0]",
CY200CT,,False,,777,0.95,1,EA,WIRE HARNESS (TO POWER SUPPLY),QC-C006 - CONNECTION LEADS,MCK,,,McKinney,,,777,"[76.0, 335.3, 526.7, 357.9]",
CY200CT,,False,,777,0.95,2,EA,CREDENTIAL READER,AS SPECIFIED IN DIVISION 28,UNK,,,Unknown,,,777,"[76.0, 360.4, 525.6, 371.5]",
CY200CT,,False,,777,0.95,2,EA,DOOR POSITION SWITCH,AS SPECIFIED IN DIVISION 28,B/O,,,By Others,,,777,"[76.0, 373.8, 521.7, 384.9]",
CY200CT,,False,,777,0.95,1,EA,POWER SUPPLY,AS SPECIFIED IN DIVISION 28,B/O,,,By Others,,,777,"[76.0, 387.4, 521.7, 398.5]",
CY200CTW,,False,,778,0.95,8,EA,HINGE,5BB1HW 5 X 4.5,IVE,652,"(PROVIDE NRP @ OUTSWING, LOCKABLE DOORS)",Ives,Satin chrome plated steel,,778,"[76.0, 115.8, 520.6, 150.0]",
CY200CTW,,False,,778,0.95,1,EA,POWER TRANSFER,EPT10 CON,VON,689,,Von Duprin,Aluminum painted,,778,"[76.0, 152.3, 526.2, 163.4]",
CY200CTW,,False,,778,0.95,1,EA,AUTO FLUSH BOLT,FB31P/FB41P AS REQ,IVE,630,,Ives,Satin stainless steel,,778,"[76.0, 165.8, 520.6, 177.0]",
CY200CTW,,False,,778,0.95,1,EA,DUST PROOF STRIKE,DP2,IVE,626,,Ives,Satin chrome,,778,"[76.0, 179.3, 520.6, 190.4]",
CY200CTW,,False,,778,0.95,1,EA,EU MORTISE LOCK,LX-RX-64-8271 LE2J 26D FAIL SECURE,SAR,626,,Sargent,Satin chrome,,778,"[76.0, 192.8, 525.0, 215.5]",
CY200CTW,,False,,778,0.95,1,EA,LFIC PERMANENT CORE,MATCH EXISTING KEY SYSTEM,SAR,626,,Sargent,Satin chrome,,778,"[76.0, 217.8, 525.0, 228.9]",
CY200CTW,,False,,778,0.95,1,EA,COORDINATOR,COR X FL X MB X HW PREPS,IVE,628,,Ives,"Satin aluminum, clear anodized",,778,"[76.0, 231.4, 520.6, 242.5]",
CY200CTW,,False,,778,0.95,2,EA,SURFACE CLOSER,"4040XP SCUSH X TBWMS X MTG BRKT, SPCR & PLATE AS REQ",LCN,689,,LCN,Aluminum painted,,778,"[76.0, 244.8, 524.5, 267.5]",
CY200CTW,,False,,778,0.95,2,EA,KICK PLATE,"8400 10"" X 1"" LDW B-CS",IVE,630,,Ives,Satin stainless steel,,778,"[76.0, 269.9, 520.6, 281.0]",
CY200CTW,,False,,778,0.95,1,EA,GASKETING,488S PSA H & J (USE SILENCERS @ NON-RATED DOORS),ZER,BK,,Zero International,Black,,778,"[76.0, 283.4, 524.5, 306.0]",
CY200CTW,,False,,778,0.95,1,SET,MEETING STILE,8193AA (2 PCS - 1 SET) (OMIT @ NON-RATED DOORS),ZER,AA,,Zero International,Anodized aluminum,,778,"[76.0, 308.3, 524.5, 330.9]",
CY200CTW,,False,,778,0.95,1,EA,WIRE HARNESS (IN DOOR),ASSA ABLOY ELECTROLYNX TYPE & LENGTH AS REQ,MCK,,,McKinney,,,778,"[76.0, 333.4, 526.7, 355.9]",
CY200CTW,,False,,778,0.95,1,EA,WIRE HARNESS (TO POWER SUPPLY),QC-C006 - CONNECTION LEADS,MCK,,,McKinney,,,778,"[76.0, 358.4, 526.7, 381.0]",
CY200CTW,,False,,778,0.95,2,EA,CREDENTIAL READER,AS SPECIFIED IN DIVISION 28,UNK,,,Unknown,,,778,"[76.0, 383.3, 525.6, 394.4]",
CY200CTW,,False,,778,0.95,2,EA,DOOR POSITION SWITCH,AS SPECIFIED IN DIVISION 28,B/O,,,By Others,,,778,"[76.0, 396.9, 521.7, 408.0]",
CY200CTW,,False,,778,0.95,1,EA,POWER SUPPLY,AS SPECIFIED IN DIVISION 28,B/O,,,By Others,,,778,"[76.0, 410.3, 521.7, 421.4]",
CY200TS1,,False,,779,0.95,8,EA,HINGE,5BB1 4.5 X 4.5,IVE,652,,Ives,Satin chrome plated steel,,779,"[76.0, 115.8, 520.6, 126.9]",
CY200TS1,,False,,779,0.95,1,EA,POWER TRANSFER,EPT10 CON,VON,689,,Von Duprin,Aluminum painted,,779,"[76.0, 129.4, 526.2, 140.5]",
CY200TS1,,False,,779,0.95,1,EA,AUTO FLUSH BOLT,FB31P/FB41P AS REQ,IVE,630,,Ives,Satin stainless steel,,779,"[76.0, 142.8, 520.6, 153.9]",
CY200TS1,,False,,779,0.95,1,EA,DUST PROOF STRIKE,DP2,IVE,626,,Ives,Satin chrome,,779,"[76.0, 156.4, 520.6, 167.5]",
CY200TS1,,False,,779,0.95,1,EA,EU MORTISE LOCK,LX-RX-64-8271 LE2J 26D FAIL SECURE,SAR,626,,Sargent,Satin chrome,,779,"[76.0, 169.8, 525.0, 192.4]",
CY200TS1,,False,,779,0.95,1,EA,LFIC PERMANENT CORE,MATCH EXISTING KEY SYSTEM,SAR,626,,Sargent,Satin chrome,,779,"[76.0, 194.9, 525.0, 206.0]",
CY200TS1,,False,,779,0.95,1,EA,COORDINATOR,COR X FL X MB X HW PREPS,IVE,628,,Ives,"Satin aluminum, clear anodized",,779,"[76.0, 208.3, 520.6, 219.4]",
CY200TS1,,False,,779,0.95,1,EA,OH STOP,100S SERIES X SIZE & MOUNTING AS REQ,GLY,630,,Glynn-Johnson,Satin stainless steel,,779,"[76.0, 221.9, 524.5, 244.4]",
CY200TS1,,False,,779,0.95,2,EA,SURFACE CLOSER,"4040XP RW/PA TBWMS X MTG BRKT, SPCR & PLATE AS REQ",LCN,689,,LCN,Aluminum painted,,779,"[76.0, 246.9, 524.5, 269.5]",
CY200TS1,,False,,779,0.95,2,EA,KICK PLATE,"8400 10"" X 1"" LDW B-CS",IVE,630,,Ives,Satin stainless steel,,779,"[76.0, 271.8, 520.6, 282.9]",
CY200TS1,,False,,779,0.95,1,EA,WALL STOP,WS406/407CCV,IVE,630,,Ives,Satin stainless steel,,779,"[76.0, 285.4, 520.6, 296.5]",
CY200TS1,,False,,779,0.95,1,EA,GASKETING,488S PSA H & J (USE SILENCERS @ NON-RATED DOORS),ZER,BK,,Zero International,Black,,779,"[76.0, 298.8, 524.5, 321.5]",
CY200TS1,,False,,779,0.95,1,SET,MEETING STILE,8193AA (2 PCS - 1 SET) (OMIT @ NON-RATED DOORS),ZER,AA,,Zero International,Anodized aluminum,,779,"[76.0, 323.9, 524.5, 346.4]",
CY200TS1,,False,,779,0.95,1,EA,WIRE HARNESS (IN DOOR),ASSA ABLOY ELECTROLYNX TYPE & LENGTH AS REQ,MCK,,,McKinney,,,779,"[76.0, 348.9, 526.7, 371.5]",
CY200TS1,,False,,779,0.95,1,EA,WIRE HARNESS (TO POWER SUPPLY),QC-C006 - CONNECTION LEADS,MCK,,,McKinney,,,779,"[76.0, 373.8, 526.7, 396.5]",
CY200TS1,,False,,779,0.95,2,EA,CREDENTIAL READER,AS SPECIFIED IN DIVISION 28,UNK,,,Unknown,,,779,"[76.0, 398.8, 525.6, 409.9]",
CY200TS1,,False,,779,0.95,2,EA,DOOR POSITION SWITCH,AS SPECIFIED IN DIVISION 28,B/O,,,By Others,,,779,"[76.0, 412.4, 521.7, 423.5]",
CY200TS1,,False,,779,0.95,1,EA,POWER SUPPLY,AS SPECIFIED IN DIVISION 28,B/O,,,By Others,,,779,"[76.0, 425.8, 521.7, 436.9]",
CY201,,False,,780,0.94,3,EA,HINGE,5BB1 4.5 X 4.5,IVE,652,"(PROVIDE NRP @ OUTSWING, LOCKABLE DOORS)",Ives,Satin chrome plated steel,,780,"[76.0, 115.8, 520.6, 150.0]",
CY201,,False,,780,0.94,1,EA,POWER TRANSFER,EPT10 CON,VON,689,,Von Duprin,Aluminum painted,,780,"[76.0, 152.3, 526.2, 163.4]",
CY201,,False,,780,0.94,1,EA,EU MORTISE LOCK,LX-RX-64-8271 LE2J 26D FAIL SECURE,SAR,626,,Sargent,Satin chrome,,780,"[76.0, 165.8, 525.0, 188.5]",
CY201,,False,,780,0.94,1,EA,LFIC PERMANENT CORE,MATCH EXISTING KEY SYSTEM,SAR,626,,Sargent,Satin chrome,,780,"[76.0, 190.8, 525.0, 201.9]",
CY201,,False,,780,0.94,1,EA,SURFACE CLOSER,"4040XP RW/PA TBWMS X MTG BRKT, SPCR & PLATE AS REQ",LCN,689,,LCN,Aluminum painted,,780,"[76.0, 204.4, 524.5, 227.0]",
CY201,,False,,780,0.94,1,EA,KICK PLATE,"8400 10"" X 2"" LDW B-CS",IVE,630,,Ives,Satin stainless steel,,780,"[76.0, 229.3, 520.6, 240.4]",
CY201,,False,,780,0.94,1,EA,WALL STOP,WS406/407CCV,IVE,630,,Ives,Satin stainless steel,,780,"[76.0, 242.9, 520.6, 254.0]",
CY201,,False,,780,0.94,1,EA,GASKETING,488S PSA H & J (USE SILENCERS @ NON-RATED DOORS),ZER,BK,,Zero International,Black,,780,"[76.0, 256.4, 524.5, 279.0]",
CY201,,False,,780,0.94,1,EA,WIRE HARNESS (IN DOOR),ASSA ABLOY ELECTROLYNX TYPE & LENGTH AS REQ,MCK,,,McKinney,,,780,"[76.0, 281.3, 526.7, 303.9]",
CY201,,False,,780,0.94,1,EA,WIRE HARNESS (TO POWER SUPPLY),QC-C006 - CONNECTION LEADS,MCK,,,McKinney,,,780,"[76.0, 306.4, 526.7, 329.0]",
CY201,,False,,780,0.94,2,EA,CREDENTIAL READER,AS SPECIFIED IN DIVISION 28,UNK,,,Unknown,,,780,"[76.0, 331.4, 525.6, 342.5]",
CY201,,False,,780,0.94,1,EA,DOOR POSITION SWITCH,AS SPECIFIED IN DIVISION 28,B/O,,,By Others,,,780,"[76.0, 344.8, 521.7, 355.9]",
CY201,,False,,780,0.94,1,EA,POWER SUPPLY,AS SPECIFIED IN DIVISION 28,B/O,,,By Others,,,780,"[76.0, 358.4, 521.7, 369.5]",
CY201.1,,False,,781,0.94,3,EA,HINGE,5BB1 4.5 X 4.5,IVE,652,"(PROVIDE NRP @ OUTSWING, LOCKABLE DOORS)",Ives,Satin chrome plated steel,,781,"[76.0, 115.8, 520.6, 150.0]",
CY201.1,,False,,781,0.94,1,EA,POWER TRANSFER,EPT10 CON,VON,689,,Von Duprin,Aluminum painted,,781,"[76.0, 152.3, 526.2, 163.4]",
CY201.1,,False,,781,0.94,1,EA,EU CYLINDRICAL LOCK,RX-10-64-10XG71 LL 26D FAIL SECURE,SAR,626,,Sargent,Satin chrome,,781,"[76.0, 165.8, 525.0, 188.5]",
CY201.1,,False,,781,0.94,1,EA,LFIC PERMANENT CORE,MATCH EXISTING KEY SYSTEM,SAR,626,,Sargent,Satin chrome,,781,"[76.0, 190.8, 525.0, 201.9]",
CY201.1,,False,,781,0.94,1,EA,SURFACE CLOSER,"4040XP RW/PA TBWMS X MTG BRKT, SPCR & PLATE AS REQ",LCN,689,,LCN,Aluminum painted,,781,"[76.0, 204.4, 524.5, 227.0]",
CY201.1,,False,,781,0.94,1,EA,KICK PLATE,"8400 10"" X 2"" LDW B-CS",IVE,630,,Ives,Satin stainless steel,,781,"[76.0, 229.3, 520.6, 240.4]",
CY201.1,,False,,781,0.94,1,EA,WALL STOP,WS406/407CCV,IVE,630,,Ives,Satin stainless steel,,781,"[76.0, 242.9, 520.6, 254.0]",
CY201.1,,False,,781,0.94,1,EA,GASKETING,488S PSA H & J (USE SILENCERS @ NON-RATED DOORS),ZER,BK,,Zero International,Black,,781,"[76.0, 256.4, 524.5, 279.0]",
CY201.1,,False,,781,0.94,1,EA,WIRE HARNESS (IN DOOR),ASSA ABLOY ELECTROLYNX TYPE & LENGTH AS REQ,MCK,,,McKinney,,,781,"[76.0, 281.3, 526.7, 303.9]",
CY201.1,,False,,781,0.94,1,EA,WIRE HARNESS (TO POWER SUPPLY),QC-C006 - CONNECTION LEADS,MCK,,,McKinney,,,781,"[76.0, 306.4, 526.7, 329.0]",
CY201.1,,False,,781,0.94,2,EA,CREDENTIAL READER,AS SPECIFIED IN DIVISION 28,UNK,,,Unknown,,,781,"[76.0, 331.4, 525.6, 342.5]",
CY201.1,,False,,781,0.94,1,EA,DOOR POSITION SWITCH,AS SPECIFIED IN DIVISION 28,B/O,,,By Others,,,781,"[76.0, 344.8, 521.7, 355.9]",
CY201.1,,False,,781,0.94,1,EA,POWER SUPPLY,AS SPECIFIED IN DIVISION 28,B/O,,,By Others,,,781,"[76.0, 358.4, 521.7, 369.5]",
CY201C,,False,,782,0.94,3,EA,HINGE,5BB1 4.5 X 4.5,IVE,652,"(PROVIDE NRP @ OUTSWING, LOCKABLE DOORS)",Ives,Satin chrome plated steel,,782,"[76.0, 115.8, 520.6, 150.0]",
CY201C,,False,,782,0.94,1,EA,POWER TRANSFER,EPT10 CON,VON,689,,Von Duprin,Aluminum painted,,782,"[76.0, 152.3, 526.2, 163.4]",
CY201C,,False,,782,0.94,1,EA,EU MORTISE LOCK,LX-RX-64-8271 LE2J 26D FAIL SECURE,SAR,626,,Sargent,Satin chrome,,782,"[76.0, 165.8, 525.0, 188.5]",
CY201C,,False,,782,0.94,1,EA,LFIC PERMANENT CORE,MATCH EXISTING KEY SYSTEM,SAR,626,,Sargent,Satin chrome,,782,"[76.0, 190.8, 525.0, 201.9]",
CY201C,,False,,782,0.94,1,EA,SURFACE CLOSER,"4040XP SCUSH X TBWMS X MTG BRKT, SPCR & PLATE AS REQ",LCN,689,,LCN,Aluminum painted,,782,"[76.0, 204.4, 524.5, 227.0]",
CY201C,,False,,782,0.94,1,EA,KICK PLATE,"8400 10"" X 2"" LDW B-CS",IVE,630,,Ives,Satin stainless steel,,782,"[76.0, 229.3, 520.6, 240.4]",
CY201C,,False,,782,0.94,1,EA,GASKETING,488S PSA H & J (USE SILENCERS @ NON-RATED DOORS),ZER,BK,,Zero International,Black,,782,"[76.0, 242.9, 524.5, 265.4]",
CY201C,,False,,782,0.94,1,EA,WIRE HARNESS (IN DOOR),ASSA ABLOY ELECTROLYNX TYPE & LENGTH AS REQ,MCK,,,McKinney,,,782,"[76.0, 267.9, 526.7, 290.5]",
CY201C,,False,,782,0.94,1,EA,WIRE HARNESS (TO POWER SUPPLY),QC-C006 - CONNECTION LEADS,MCK,,,McKinney,,,782,"[76.0, 292.8, 526.7, 315.5]",
CY201C,,False,,782,0.94,2,EA,CREDENTIAL READER,AS SPECIFIED IN DIVISION 28,UNK,,,Unknown,,,782,"[76.0, 317.9, 525.6, 329.0]",
CY201C,,False,,782,0.94,1,EA,DOOR POSITION SWITCH,AS SPECIFIED IN DIVISION 28,B/O,,,By Others,,,782,"[76.0, 331.4, 521.7, 342.5]",
CY201C,,False,,782,0.94,1,EA,POWER SUPPLY,AS SPECIFIED IN DIVISION 28,B/O,,,By Others,,,782,"[76.0, 344.8, 521.7, 355.9]",
CY201E,,False,,783,0.94,3,EA,HINGE,5BB1 4.5 X 4.5,IVE,652,"(PROVIDE NRP @ OUTSWING, LOCKABLE DOORS)",Ives,Satin chrome plated steel,,783,"[76.0, 115.8, 520.6, 150.0]",
CY201E,,False,,783,0.94,1,EA,POWER TRANSFER,EPT10 CON,VON,689,,Von Duprin,Aluminum painted,,783,"[76.0, 152.3, 526.2, 163.4]",
CY201E,,False,,783,0.94,1,EA,EU MORTISE LOCK,LX-RX-64-8271 LE2J 26D FAIL SECURE,SAR,626,,Sargent,Satin chrome,,783,"[76.0, 165.8, 525.0, 188.5]",
CY201E,,False,,783,0.94,1,EA,LFIC PERMANENT CORE,MATCH EXISTING KEY SYSTEM,SAR,626,,Sargent,Satin chrome,,783,"[76.0, 190.8, 525.0, 201.9]",
CY201E,,False,,783,0.94,1,EA,SURFACE CLOSER,"4040XP EDA TBWMS X MTG BRKT, SPCR & PLATE AS REQ",LCN,689,,LCN,Aluminum painted,,783,"[76.0, 204.4, 524.5, 227.0]",
CY201E,,False,,783,0.94,1,EA,KICK PLATE,"8400 10"" X 2"" LDW B-CS",IVE,630,,Ives,Satin stainless steel,,783,"[76.0, 229.3, 520.6, 240.4]",
CY201E,,False,,783,0.94,1,EA,WALL STOP,WS406/407CCV,IVE,630,,Ives,Satin stainless steel,,783,"[76.0, 242.9, 520.6, 254.0]",
CY201E,,False,,783,0.94,1,EA,GASKETING,488S PSA H & J (USE SILENCERS @ NON-RATED DOORS),ZER,BK,,Zero International,Black,,783,"[76.0, 256.4, 524.5, 279.0]",
CY201E,,False,,783,0.94,1,EA,WIRE HARNESS (IN DOOR),ASSA ABLOY ELECTROLYNX TYPE & LENGTH AS REQ,MCK,,,McKinney,,,783,"[76.0, 281.3, 526.7, 303.9]",
CY201E,,False,,783,0.94,1,EA,WIRE HARNESS (TO POWER SUPPLY),QC-C006 - CONNECTION LEADS,MCK,,,McKinney,,,783,"[76.0, 306.4, 526.7, 329.0]",
CY201E,,False,,783,0.94,2,EA,CREDENTIAL READER,AS SPECIFIED IN DIVISION 28,UNK,,,Unknown,,,783,"[76.0, 331.4, 525.6, 342.5]",
CY201E,,False,,783,0.94,1,EA,DOOR POSITION SWITCH,AS SPECIFIED IN DIVISION 28,B/O,,,By Others,,,783,"[76.0, 344.8, 521.7, 355.9]",
CY201E,,False,,783,0.94,1,EA,POWER SUPPLY,AS SPECIFIED IN DIVISION 28,B/O,,,By Others,,,783,"[76.0, 358.4, 521.7, 369.5]",
CY201K,,False,,784,0.95,3,EA,HINGE,5BB1 4.5 X 4.5,IVE,652,"(PROVIDE NRP @ OUTSWING, LOCKABLE DOORS)",Ives,Satin chrome plated steel,,784,"[76.0, 115.8, 520.6, 150.0]",
CY201K,,False,,784,0.95,1,EA,POWER TRANSFER,EPT10 CON,VON,689,,Von Duprin,Aluminum painted,,784,"[76.0, 152.3, 526.2, 163.4]",
CY201K,,False,,784,0.95,1,EA,EU MORTISE LOCK,LX-RX-64-8271 LE2J 26D FAIL SECURE,SAR,626,,Sargent,Satin chrome,,784,"[76.0, 165.8, 525.0, 188.5]",
CY201K,,False,,784,0.95,2,EA,LFIC PERMANENT CORE,MATCH EXISTING KEY SYSTEM,SAR,626,,Sargent,Satin chrome,,784,"[76.0, 190.8, 525.0, 201.9]",
CY201K,,False,,784,0.95,1,EA,SURFACE CLOSER,"4040XP RW/PA TBWMS X MTG BRKT, SPCR & PLATE AS REQ",LCN,689,,LCN,Aluminum painted,,784,"[76.0, 204.4, 524.5, 227.0]",
CY201K,,False,,784,0.95,1,EA,KICK PLATE,"8400 10"" X 2"" LDW B-CS",IVE,630,,Ives,Satin stainless steel,,784,"[76.0, 229.3, 520.6, 240.4]",
CY201K,,False,,784,0.95,1,EA,WALL STOP,WS406/407CCV,IVE,630,,Ives,Satin stainless steel,,784,"[76.0, 242.9, 520.6, 254.0]",
CY201K,,False,,784,0.95,1,EA,GASKETING,488S PSA H & J (USE SILENCERS @ NON-RATED DOORS),ZER,BK,,Zero International,Black,,784,"[76.0, 256.4, 524.5, 279.0]",
CY201K,,False,,784,0.95,1,EA,WIRE HARNESS (IN DOOR),ASSA ABLOY ELECTROLYNX TYPE & LENGTH AS REQ,MCK,,,McKinney,,,784,"[76.0, 281.3, 526.7, 303.9]",
CY201K,,False,,784,0.95,1,EA,WIRE HARNESS (TO POWER SUPPLY),QC-C006 - CONNECTION LEADS,MCK,,,McKinney,,,784,"[76.0, 306.4, 526.7, 329.0]",
CY201K,,False,,784,0.95,2,EA,CREDENTIAL READER,AS SPECIFIED IN DIVISION 28,UNK,,,Unknown,,,784,"[76.0, 331.4, 525.6, 342.5]",
CY201K,,False,,784,0.95,1,EA,KEY SWITCH,653-SERIES X L2 AS REQUIRED,SCE,630,,Schlage Electronics,Satin stainless steel,,784,"[76.0, 344.8, 525.0, 355.9]",
CY201K,,False,,784,0.95,1,EA,DOOR POSITION SWITCH,AS SPECIFIED IN DIVISION 28,B/O,,,By Others,,,784,"[76.0, 358.4, 521.7, 369.5]",
CY201K,,False,,784,0.95,1,EA,POWER SUPPLY,AS SPECIFIED IN DIVISION 28,B/O,,,By Others,,,784,"[76.0, 371.8, 521.7, 382.9]",
CY201T,,False,,785,0.94,4,EA,HINGE,5BB1 4.5 X 4.5,IVE,652,"(PROVIDE NRP @ OUTSWING, LOCKABLE DOORS)",Ives,Satin chrome plated steel,,785,"[76.0, 115.8, 520.6, 150.0]",
CY201T,,False,,785,0.94,1,EA,POWER TRANSFER,EPT10 CON,VON,689,,Von Duprin,Aluminum painted,,785,"[76.0, 152.3, 526.2, 163.4]",
CY201T,,False,,785,0.94,1,EA,EU MORTISE LOCK,LX-RX-64-8271 LE2J 26D FAIL SECURE,SAR,626,,Sargent,Satin chrome,,785,"[76.0, 165.8, 525.0, 188.5]",
CY201T,,False,,785,0.94,1,EA,LFIC PERMANENT CORE,MATCH EXISTING KEY SYSTEM,SAR,626,,Sargent,Satin chrome,,785,"[76.0, 190.8, 525.0, 201.9]",
CY201T,,False,,785,0.94,1,EA,SURFACE CLOSER,"4040XP RW/PA TBWMS X MTG BRKT, SPCR & PLATE AS REQ",LCN,689,,LCN,Aluminum painted,,785,"[76.0, 204.4, 524.5, 227.0]",
CY201T,,False,,785,0.94,1,EA,KICK PLATE,"8400 10"" X 2"" LDW B-CS",IVE,630,,Ives,Satin stainless steel,,785,"[76.0, 229.3, 520.6, 240.4]",
CY201T,,False,,785,0.94,1,EA,WALL STOP,WS406/407CCV,IVE,630,,Ives,Satin stainless steel,,785,"[76.0, 242.9, 520.6, 254.0]",
CY201T,,False,,785,0.94,1,EA,GASKETING,488S PSA H & J (USE SILENCERS @ NON-RATED DOORS),ZER,BK,,Zero International,Black,,785,"[76.0, 256.4, 524.5, 279.0]",
CY201T,,False,,785,0.94,1,EA,WIRE HARNESS (IN DOOR),ASSA ABLOY ELECTROLYNX TYPE & LENGTH AS REQ,MCK,,,McKinney,,,785,"[76.0, 281.3, 526.7, 303.9]",
CY201T,,False,,785,0.94,1,EA,WIRE HARNESS (TO POWER SUPPLY),QC-C006 - CONNECTION LEADS,MCK,,,McKinney,,,785,"[76.0, 306.4, 526.7, 329.0]",
CY201T,,False,,785,0.94,2,EA,CREDENTIAL READER,AS SPECIFIED IN DIVISION 28,UNK,,,Unknown,,,785,"[76.0, 331.4, 525.6, 342.5]",
CY201T,,False,,785,0.94,1,EA,DOOR POSITION SWITCH,AS SPECIFIED IN DIVISION 28,B/O,,,By Others,,,785,"[76.0, 344.8, 521.7, 355.9]",
CY201T,,False,,785,0.94,1,EA,POWER SUPPLY,AS SPECIFIED IN DIVISION 28,B/O,,,By Others,,,785,"[76.0, 358.4, 521.7, 369.5]",
CY201TK,,False,,786,0.95,4,EA,HINGE,5BB1 4.5 X 4.5,IVE,652,"(PROVIDE NRP @ OUTSWING, LOCKABLE DOORS)",Ives,Satin chrome plated steel,,786,"[76.0, 115.8, 520.6, 150.0]",
CY201TK,,False,,786,0.95,1,EA,POWER TRANSFER,EPT10 CON,VON,689,,Von Duprin,Aluminum painted,,786,"[76.0, 152.3, 526.2, 163.4]",
CY201TK,,False,,786,0.95,1,EA,EU MORTISE LOCK,LX-RX-64-8271 LE2J 26D FAIL SECURE,SAR,626,,Sargent,Satin chrome,,786,"[76.0, 165.8, 525.0, 188.5]",
CY201TK,,False,,786,0.95,2,EA,LFIC PERMANENT CORE,MATCH EXISTING KEY SYSTEM,SAR,626,,Sargent,Satin chrome,,786,"[76.0, 190.8, 525.0, 201.9]",
CY201TK,,False,,786,0.95,1,EA,SURFACE CLOSER,"4040XP RW/PA TBWMS X MTG BRKT, SPCR & PLATE AS REQ",LCN,689,,LCN,Aluminum painted,,786,"[76.0, 204.4, 524.5, 227.0]",
CY201TK,,False,,786,0.95,1,EA,KICK PLATE,"8400 10"" X 2"" LDW B-CS",IVE,630,,Ives,Satin stainless steel,,786,"[76.0, 229.3, 520.6, 240.4]",
CY201TK,,False,,786,0.95,1,EA,WALL STOP,WS406/407CCV,IVE,630,,Ives,Satin stainless steel,,786,"[76.0, 242.9, 520.6, 254.0]",
CY201TK,,False,,786,0.95,1,EA,GASKETING,488S PSA H & J (USE SILENCERS @ NON-RATED DOORS),ZER,BK,,Zero International,Black,,786,"[76.0, 256.4, 524.5, 279.0]",
CY201TK,,False,,786,0.95,1,EA,WIRE HARNESS (IN DOOR),ASSA ABLOY ELECTROLYNX TYPE & LENGTH AS REQ,MCK,,,McKinney,,,786,"[76.0, 281.3, 526.7, 303.9]",
CY201TK,,False,,786,0.95,1,EA,WIRE HARNESS (TO POWER SUPPLY),QC-C006 - CONNECTION LEADS,MCK,,,McKinney,,,786,"[76.0, 306.4, 526.7, 329.0]",
CY201TK,,False,,786,0.95,2,EA,CREDENTIAL READER,AS SPECIFIED IN DIVISION 28,UNK,,,Unknown,,,786,"[76.0, 331.4, 525.6, 342.5]",
CY201TK,,False,,786,0.95,1,EA,KEY SWITCH,653-SERIES X L2 AS REQUIRED,SCE,630,,Schlage Electronics,Satin stainless steel,,786,"[76.0, 344.8, 525.0, 355.9]",
CY201TK,,False,,786,0.95,1,EA,DOOR POSITION SWITCH,AS SPECIFIED IN DIVISION 28,B/O,,,By Others,,,786,"[76.0, 358.4, 521.7, 369.5]",
CY201TK,,False,,786,0.95,1,EA,POWER SUPPLY,AS SPECIFIED IN DIVISION 28,B/O,,,By Others,,,786,"[76.0, 371.8, 521.7, 382.9]",
CY201W,,False,,787,0.94,3,EA,HINGE,5BB1HW 5 X 4.5,IVE,652,"(PROVIDE NRP @ OUTSWING, LOCKABLE DOORS)",Ives,Satin chrome plated steel,,787,"[76.0, 115.8, 520.6, 150.0]",
CY201W,,False,,787,0.94,1,EA,POWER TRANSFER,EPT10 CON,VON,689,,Von Duprin,Aluminum painted,,787,"[76.0, 152.3, 526.2, 163.4]",
CY201W,,False,,787,0.94,1,EA,EU MORTISE LOCK,LX-RX-64-8271 LE2J 26D FAIL SECURE,SAR,626,,Sargent,Satin chrome,,787,"[76.0, 165.8, 525.0, 188.5]",
CY201W,,False,,787,0.94,1,EA,LFIC PERMANENT CORE,MATCH EXISTING KEY SYSTEM,SAR,626,,Sargent,Satin chrome,,787,"[76.0, 190.8, 525.0, 201.9]",
CY201W,,False,,787,0.94,1,EA,SURFACE CLOSER,"4040XP RW/PA TBWMS X MTG BRKT, SPCR & PLATE AS REQ",LCN,689,,LCN,Aluminum painted,,787,"[76.0, 204.4, 524.5, 227.0]",
CY201W,,False,,787,0.94,1,EA,KICK PLATE,"8400 10"" X 2"" LDW B-CS",IVE,630,,Ives,Satin stainless steel,,787,"[76.0, 229.3, 520.6, 240.4]",
CY201W,,False,,787,0.94,1,EA,WALL STOP,WS406/407CCV,IVE,630,,Ives,Satin stainless steel,,787,"[76.0, 242.9, 520.6, 254.0]",
CY201W,,False,,787,0.94,1,EA,GASKETING,488S PSA H & J (USE SILENCERS @ NON-RATED DOORS),ZER,BK,,Zero International,Black,,787,"[76.0, 256.4, 524.5, 279.0]",
CY201W,,False,,787,0.94,1,EA,WIRE HARNESS (IN DOOR),ASSA ABLOY ELECTROLYNX TYPE & LENGTH AS REQ,MCK,,,McKinney,,,787,"[76.0, 281.3, 526.7, 303.9]",
CY201W,,False,,787,0.94,1,EA,WIRE HARNESS (TO POWER SUPPLY),QC-C006 - CONNECTION LEADS,MCK,,,McKinney,,,787,"[76.0, 306.4, 526.7, 329.0]",
CY201W,,False,,787,0.94,2,EA,CREDENTIAL READER,AS SPECIFIED IN DIVISION 28,UNK,,,Unknown,,,787,"[76.0, 331.4, 525.6, 342.5]",
CY201W,,False,,787,0.94,1,EA,DOOR POSITION SWITCH,AS SPECIFIED IN DIVISION 28,B/O,,,By Others,,,787,"[76.0, 344.8, 521.7, 355.9]",
CY201W,,False,,787,0.94,1,EA,POWER SUPPLY,AS SPECIFIED IN DIVISION 28,B/O,,,By Others,,,787,"[76.0, 358.4, 521.7, 369.5]",
CY204TW,,False,,788,0.95,8,EA,HINGE,5BB1HW 5 X 4.5 NRP,IVE,630,,Ives,Satin stainless steel,,788,"[76.0, 115.8, 520.6, 126.9]",
CY204TW,,False,,788,0.95,1,EA,POWER TRANSFER,EPT10 CON,VON,689,,Von Duprin,Aluminum painted,,788,"[76.0, 129.4, 526.2, 140.5]",
CY204TW,,False,,788,0.95,1,EA,AUTO FLUSH BOLT,FB31P/FB41P AS REQ,IVE,630,,Ives,Satin stainless steel,,788,"[76.0, 142.8, 520.6, 153.9]",
CY204TW,,False,,788,0.95,1,EA,DUST PROOF STRIKE,DP2,IVE,626,,Ives,Satin chrome,,788,"[76.0, 156.4, 520.6, 167.5]",
CY204TW,,False,,788,0.95,1,EA,EU MORTISE LOCK,LX-RX-64-8271 LE2J 26D FAIL SECURE,SAR,626,,Sargent,Satin chrome,,788,"[76.0, 169.8, 525.0, 192.4]",
CY204TW,,False,,788,0.95,1,EA,LFIC PERMANENT CORE,MATCH EXISTING KEY SYSTEM,SAR,626,,Sargent,Satin chrome,,788,"[76.0, 194.9, 525.0, 206.0]",
CY204TW,,False,,788,0.95,1,EA,COORDINATOR,COR X FL X MB X HW PREPS,IVE,628,,Ives,"Satin aluminum, clear anodized",,788,"[76.0, 208.3, 520.6, 219.4]",
CY204TW,,False,,788,0.95,2,EA,SURFACE CLOSER,"4040XP SCUSH X TBWMS X MTG BRKT, SPCR & PLATE AS REQ",LCN,689,,LCN,Aluminum painted,,788,"[76.0, 221.9, 524.5, 244.4]",
CY204TW,,False,,788,0.95,2,EA,KICK PLATE,"8400 10"" X 1"" LDW B-CS",IVE,630,,Ives,Satin stainless steel,,788,"[76.0, 246.9, 520.6, 258.0]",
CY204TW,,False,,788,0.95,1,EA,RAIN DRIP,"142AA DW + 4""",ZER,AA,(OMIT @ COVERED OPENINGS),Zero International,Anodized aluminum,,788,"[76.0, 260.3, 524.5, 282.9]",
CY204TW,,False,,788,0.95,1,SET,GASKETING,328AA H & J,ZER,AA,,Zero International,Anodized aluminum,,788,"[76.0, 285.4, 524.5, 296.5]",
CY204TW,,False,,788,0.95,1,SET,MEETING STILE,8193AA (2 PCS - 1 SET) (OMIT @ NON-RATED DOORS),ZER,AA,,Zero International,Anodized aluminum,,788,"[76.0, 298.8, 524.5, 321.5]",
CY204TW,,False,,788,0.95,2,EA,DOOR SWEEP,8198AA,ZER,AA,,Zero International,Anodized aluminum,,788,"[76.0, 323.9, 524.5, 335.0]",
CY204TW,,False,,788,0.95,1,EA,THRESHOLD,655A,ZER,A,,Zero International,Anodized aluminum,,788,"[76.0, 337.4, 524.5, 348.5]",
CY204TW,,False,,788,0.95,1,EA,WIRE HARNESS (IN DOOR),ASSA ABLOY ELECTROLYNX TYPE & LENGTH AS REQ,MCK,,,McKinney,,,788,"[76.0, 350.8, 526.7, 373.4]",
CY204TW,,False,,788,0.95,1,EA,WIRE HARNESS (TO POWER SUPPLY),QC-C006 - CONNECTION LEADS,MCK,,,McKinney,,,788,"[76.0, 375.9, 526.7, 398.5]",
CY204TW,,False,,788,0.95,2,EA,CREDENTIAL READER,AS SPECIFIED IN DIVISION 28,UNK,,,Unknown,,,788,"[76.0, 400.8, 525.6, 411.9]",
CY204TW,,False,,788,0.95,2,EA,DOOR POSITION SWITCH,AS SPECIFIED IN DIVISION 28,B/O,,,By Others,,,788,"[76.0, 414.4, 521.7, 425.5]",
CY204TW,,False,,788,0.95,1,EA,POWER SUPPLY,AS SPECIFIED IN DIVISION 28,B/O,,,By Others,,,788,"[76.0, 427.9, 521.7, 439.0]",
CY206,,False,,789,0.95,6,EA,HINGE,5BB1 4.5 X 4.5,IVE,652,,Ives,Satin chrome plated steel,,789,"[76.0, 115.8, 520.6, 126.9]",
CY206,,False,,789,0.95,1,EA,POWER TRANSFER,EPT10 CON,VON,689,,Von Duprin,Aluminum painted,,789,"[76.0, 129.4, 526.2, 140.5]",
CY206,,False,,789,0.95,1,EA,AUTO FLUSH BOLT,FB31P/FB41P AS REQ,IVE,630,,Ives,Satin stainless steel,,789,"[76.0, 142.8, 520.6, 153.9]",
CY206,,False,,789,0.95,1,EA,DUST PROOF STRIKE,DP2,IVE,626,,Ives,Satin chrome,,789,"[76.0, 156.4, 520.6, 167.5]",
CY206,,False,,789,0.95,1,EA,EU MORTISE LOCK,LX-RX-64-8271 LE2J 26D FAIL SECURE,SAR,626,,Sargent,Satin chrome,,789,"[76.0, 169.8, 525.0, 192.4]",
CY206,,False,,789,0.95,1,EA,LFIC PERMANENT CORE,MATCH EXISTING KEY SYSTEM,SAR,626,,Sargent,Satin chrome,,789,"[76.0, 194.9, 525.0, 206.0]",
CY206,,False,,789,0.95,1,EA,COORDINATOR,COR X FL X MB X HW PREPS,IVE,628,,Ives,"Satin aluminum, clear anodized",,789,"[76.0, 208.3, 520.6, 219.4]",
CY206,,False,,789,0.95,2,EA,OH STOP,100S SERIES X SIZE & MOUNTING AS REQ,GLY,630,,Glynn-Johnson,Satin stainless steel,,789,"[76.0, 221.9, 524.5, 244.4]",
CY206,,False,,789,0.95,2,EA,SURFACE CLOSER,"4040XP RW/PA TBWMS X MTG BRKT, SPCR & PLATE AS REQ",LCN,689,,LCN,Aluminum painted,,789,"[76.0, 246.9, 524.5, 269.5]",
CY206,,False,,789,0.95,2,EA,KICK PLATE,"8400 10"" X 1"" LDW B-CS",IVE,630,,Ives,Satin stainless steel,,789,"[76.0, 271.8, 520.6, 282.9]",
CY206,,False,,789,0.95,1,EA,GASKETING,488S PSA H & J (USE SILENCERS @ NON-RATED DOORS),ZER,BK,,Zero International,Black,,789,"[76.0, 285.4, 524.5, 308.0]",
CY206,,False,,789,0.95,1,SET,MEETING STILE,8193AA (2 PCS - 1 SET) (OMIT @ NON-RATED DOORS),ZER,AA,,Zero International,Anodized aluminum,,789,"[76.0, 310.4, 524.5, 333.0]",
CY206,,False,,789,0.95,1,EA,WIRE HARNESS (IN DOOR),ASSA ABLOY ELECTROLYNX TYPE & LENGTH AS REQ,MCK,,,McKinney,,,789,"[76.0, 335.3, 526.7, 357.9]",
CY206,,False,,789,0.95,1,EA,WIRE HARNESS (TO POWER SUPPLY),QC-C006 - CONNECTION LEADS,MCK,,,McKinney,,,789,"[76.0, 360.4, 526.7, 382.9]",
CY206,,False,,789,0.95,2,EA,CREDENTIAL READER,AS SPECIFIED IN DIVISION 28,UNK,,,Unknown,,,789,"[76.0, 385.4, 525.6, 396.5]",
CY206,,False,,789,0.95,2,EA,DOOR POSITION SWITCH,AS SPECIFIED IN DIVISION 28,B/O,,,By Others,,,789,"[76.0, 398.8, 521.7, 409.9]",
CY206,,False,,789,0.95,1,EA,POWER SUPPLY,AS SPECIFIED IN DIVISION 28,B/O,,,By Others,,,789,"[76.0, 412.4, 521.7, 423.5]",
CY206T,,False,,790,0.95,8,EA,HINGE,5BB1 4.5 X 4.5,IVE,652,,Ives,Satin chrome plated steel,,790,"[76.0, 115.8, 520.6, 126.9]",
CY206T,,False,,790,0.95,1,EA,POWER TRANSFER,EPT10 CON,VON,689,,Von Duprin,Aluminum painted,,790,"[76.0, 129.4, 526.2, 140.5]",
CY206T,,False,,790,0.95,1,EA,AUTO FLUSH BOLT,FB31P/FB41P AS REQ,IVE,630,,Ives,Satin stainless steel,,790,"[76.0, 142.8, 520.6, 153.9]",
CY206T,,False,,790,0.95,1,EA,DUST PROOF STRIKE,DP2,IVE,626,,Ives,Satin chrome,,790,"[76.0, 156.4, 520.6, 167.5]",
CY206T,,False,,790,0.95,1,EA,EU MORTISE LOCK,LX-RX-64-8271 LE2J 26D FAIL SECURE,SAR,626,,Sargent,Satin chrome,,790,"[76.0, 169.8, 525.0, 192.4]",
CY206T,,False,,790,0.95,1,EA,LFIC PERMANENT CORE,MATCH EXISTING KEY SYSTEM,SAR,626,,Sargent,Satin chrome,,790,"[76.0, 194.9, 525.0, 206.0]",
CY206T,,False,,790,0.95,1,EA,COORDINATOR,COR X FL X MB X HW PREPS,IVE,628,,Ives,"Satin aluminum, clear anodized",,790,"[76.0, 208.3, 520.6, 219.4]",
CY206T,,False,,790,0.95,2,EA,OH STOP,100S SERIES X SIZE & MOUNTING AS REQ,GLY,630,,Glynn-Johnson,Satin stainless steel,,790,"[76.0, 221.9, 524.5, 244.4]",
CY206T,,False,,790,0.95,2,EA,SURFACE CLOSER,"4040XP RW/PA TBWMS X MTG BRKT, SPCR & PLATE AS REQ",LCN,689,,LCN,Aluminum painted,,790,"[76.0, 246.9, 524.5, 269.5]",
CY206T,,False,,790,0.95,2,EA,KICK PLATE,"8400 10"" X 1"" LDW B-CS",IVE,630,,Ives,Satin stainless steel,,790,"[76.0, 271.8, 520.6, 282.9]",
CY206T,,False,,790,0.95,1,EA,GASKETING,488S PSA H & J (USE SILENCERS @ NON-RATED DOORS),ZER,BK,,Zero International,Black,,790,"[76.0, 285.4, 524.5, 308.0]",
CY206T,,False,,790,0.95,1,SET,MEETING STILE,8193AA (2 PCS - 1 SET) (OMIT @ NON-RATED DOORS),ZER,AA,,Zero International,Anodized aluminum,,790,"[76.0, 310.4, 524.5, 333.0]",
CY206T,,False,,790,0.95,1,EA,WIRE HARNESS (IN DOOR),ASSA ABLOY ELECTROLYNX TYPE & LENGTH AS REQ,MCK,,,McKinney,,,790,"[76.0, 335.3, 526.7, 357.9]",
CY206T,,False,,790,0.95,1,EA,WIRE HARNESS (TO POWER SUPPLY),QC-C006 - CONNECTION LEADS,MCK,,,McKinney,,,790,"[76.0, 360.4, 526.7, 382.9]",
CY206T,,False,,790,0.95,2,EA,CREDENTIAL READER,AS SPECIFIED IN DIVISION 28,UNK,,,Unknown,,,790,"[76.0, 385.4, 525.6, 396.5]",
CY206T,,False,,790,0.95,2,EA,DOOR POSITION SWITCH,AS SPECIFIED IN DIVISION 28,B/O,,,By Others,,,790,"[76.0, 398.8, 521.7, 409.9]",
CY206T,,False,,790,0.95,1,EA,POWER SUPPLY,AS SPECIFIED IN DIVISION 28,B/O,,,By Others,,,790,"[76.0, 412.4, 521.7, 423.5]",
CY207,,False,,791,0.94,3,EA,HINGE,5BB1 4.5 X 4.5,IVE,652,"(PROVIDE NRP @ OUTSWING, LOCKABLE DOORS)",Ives,Satin chrome plated steel,,791,"[76.0, 115.8, 520.6, 150.0]",
CY207,,False,,791,0.94,1,EA,POWER TRANSFER,EPT10 CON,VON,689,,Von Duprin,Aluminum painted,,791,"[76.0, 152.3, 526.2, 163.4]",
CY207,,False,,791,0.94,1,EA,EU MORTISE LOCK,LX-RX-64-8271 LE2J 26D FAIL SECURE,SAR,626,,Sargent,Satin chrome,,791,"[76.0, 165.8, 525.0, 188.5]",
CY207,,False,,791,0.94,1,EA,LFIC PERMANENT CORE,MATCH EXISTING KEY SYSTEM,SAR,626,,Sargent,Satin chrome,,791,"[76.0, 190.8, 525.0, 201.9]",
CY207,,False,,791,0.94,1,EA,OH STOP,100S SERIES X SIZE & MOUNTING AS REQ,GLY,630,,Glynn-Johnson,Satin stainless steel,,791,"[76.0, 204.4, 524.5, 227.0]",
CY207,,False,,791,0.94,1,EA,SURFACE CLOSER,"4040XP RW/PA TBWMS X MTG BRKT, SPCR & PLATE AS REQ",LCN,689,,LCN,Aluminum painted,,791,"[76.0, 229.3, 524.5, 252.0]",
CY207,,False,,791,0.94,1,EA,KICK PLATE,"8400 10"" X 2"" LDW B-CS",IVE,630,,Ives,Satin stainless steel,,791,"[76.0, 254.3, 520.6, 265.4]",
CY207,,False,,791,0.94,1,EA,GASKETING,488S PSA H & J (USE SILENCERS @ NON-RATED DOORS),ZER,BK,,Zero International,Black,,791,"[76.0, 267.9, 524.5, 290.5]",
CY207,,False,,791,0.94,1,EA,WIRE HARNESS (IN DOOR),ASSA ABLOY ELECTROLYNX TYPE & LENGTH AS REQ,MCK,,,McKinney,,,791,"[76.0, 292.8, 526.7, 315.5]",
CY207,,False,,791,0.94,1,EA,WIRE HARNESS (TO POWER SUPPLY),QC-C006 - CONNECTION LEADS,MCK,,,McKinney,,,791,"[76.0, 317.9, 526.7, 340.4]",
CY207,,False,,791,0.94,2,EA,CREDENTIAL READER,AS SPECIFIED IN DIVISION 28,UNK,,,Unknown,,,791,"[76.0, 342.9, 525.6, 354.0]",
CY207,,False,,791,0.94,1,EA,DOOR POSITION SWITCH,AS SPECIFIED IN DIVISION 28,B/O,,,By Others,,,791,"[76.0, 356.3, 521.7, 367.4]",
CY207,,False,,791,0.94,1,EA,POWER SUPPLY,AS SPECIFIED IN DIVISION 28,B/O,,,By Others,,,791,"[76.0, 369.9, 521.7, 381.0]",
CY700C,,False,,792,0.95,6,EA,HINGE,5BB1HW 4.5 X 4.5,IVE,652,"(PROVIDE NRP @ OUTSWING, LOCKABLE DOORS)",Ives,Satin chrome plated steel,,792,"[76.0, 115.8, 520.6, 150.0]",
CY700C,,False,,792,0.95,2,EA,POWER TRANSFER,EPT10 CON,VON,689,,Von Duprin,Aluminum painted,,792,"[76.0, 152.3, 526.2, 163.4]",
CY700C,,False,,792,0.95,1,EA,EXIT DEVICE,LD-43-53-55-TB-LC-8674 ETJ 106 26D/32D LENGTH & HEIGHT AS REQ,SAR,626,,Sargent,Satin chrome,,792,"[76.0, 165.8, 525.0, 200.0]",
CY700C,,False,,792,0.95,1,EA,CYLINDER,AS REQUIRED,SAR,626,,Sargent,Satin chrome,,792,"[76.0, 202.3, 525.0, 213.4]",
CY700C,,False,,792,0.95,2,EA,LFIC PERMANENT CORE,MATCH EXISTING KEY SYSTEM,SAR,626,,Sargent,Satin chrome,,792,"[76.0, 215.9, 525.0, 227.0]",
CY700C,,False,,792,0.95,2,EA,SURFACE CLOSER,"4040XP SCUSH X TBWMS X MTG BRKT, SPCR & PLATE AS REQ",LCN,689,,LCN,Aluminum painted,,792,"[76.0, 229.3, 524.5, 252.0]",
CY700C,,False,,792,0.95,2,EA,KICK PLATE,"8400 10"" X 1"" LDW B-CS",IVE,630,,Ives,Satin stainless steel,,792,"[76.0, 254.3, 520.6, 265.4]",
CY700C,,False,,792,0.95,2,EA,SILENCER,SR64,IVE,GRY,,Ives,Gray,,792,"[76.0, 267.9, 520.6, 279.0]",
CY700C,,False,,792,0.95,2,EA,WIRE HARNESS (IN DOOR),ASSA ABLOY ELECTROLYNX TYPE & LENGTH AS REQ,MCK,,,McKinney,,,792,"[76.0, 281.3, 526.7, 303.9]",
CY700C,,False,,792,0.95,2,EA,WIRE HARNESS (TO POWER SUPPLY),QC-C006 - CONNECTION LEADS,MCK,,,McKinney,,,792,"[76.0, 306.4, 526.7, 329.0]",
CY700C,,False,,792,0.95,2,EA,CREDENTIAL READER,AS SPECIFIED IN DIVISION 28,UNK,,,Unknown,,,792,"[76.0, 331.4, 525.6, 342.5]",
CY700C,,False,,792,0.95,2,EA,DOOR POSITION SWITCH,AS SPECIFIED IN DIVISION 28,B/O,,,By Others,,,792,"[76.0, 344.8, 521.7, 355.9]",
CY700C,,False,,792,0.95,1,EA,POWER SUPPLY,AS SPECIFIED IN DIVISION 28,B/O,,,By Others,,,792,"[76.0, 358.4, 521.7, 369.5]",
CY701,,False,,793,0.95,3,EA,HINGE,5BB1HW 4.5 X 4.5,IVE,652,"(PROVIDE NRP @ OUTSWING, LOCKABLE DOORS)",Ives,Satin chrome plated steel,,793,"[76.0, 115.8, 520.6, 150.0]",
CY701,,False,,793,0.95,1,EA,POWER TRANSFER,EPT10 CON,VON,689,,Von Duprin,Aluminum painted,,793,"[76.0, 152.3, 526.2, 163.4]",
CY701,,False,,793,0.95,1,EA,ELEC PANIC DEVICE,LD-43-53-55-TB-LC-8804 ETJ 26D/32D LENGTH AS REQ,SAR,626,,Sargent,Satin chrome,,793,"[76.0, 165.8, 525.0, 188.5]",
CY701,,False,,793,0.95,1,EA,_CYLINDER,AS REQUIRED,SAR,626,,Sargent,Satin chrome,,793,"[76.0, 190.8, 525.0, 201.9]",
CY701,,False,,793,0.95,1,EA,LFIC PERMANENT CORE,MATCH EXISTING KEY SYSTEM,SAR,626,,Sargent,Satin chrome,,793,"[76.0, 204.4, 525.0, 215.5]",
CY701,,False,,793,0.95,1,EA,SURFACE CLOSER,"4040XP RW/PA TBWMS X MTG BRKT, SPCR & PLATE AS REQ",LCN,689,,LCN,Aluminum painted,,793,"[76.0, 217.8, 524.5, 240.4]",
CY701,,False,,793,0.95,1,EA,KICK PLATE,"8400 10"" X 2"" LDW B-CS",IVE,630,,Ives,Satin stainless steel,,793,"[76.0, 242.9, 520.6, 254.0]",
CY701,,False,,793,0.95,1,EA,WALL STOP,WS406/407CCV,IVE,630,,Ives,Satin stainless steel,,793,"[76.0, 256.4, 520.6, 267.5]",
CY701,,False,,793,0.95,3,EA,SILENCER,SR64,IVE,GRY,,Ives,Gray,,793,"[76.0, 269.9, 520.6, 281.0]",
CY701,,False,,793,0.95,1,EA,WIRE HARNESS (IN DOOR),ASSA ABLOY ELECTROLYNX TYPE & LENGTH AS REQ,MCK,,,McKinney,,,793,"[76.0, 283.4, 526.7, 306.0]",
CY701,,False,,793,0.95,1,EA,WIRE HARNESS (TO POWER SUPPLY),QC-C006 - CONNECTION LEADS,MCK,,,McKinney,,,793,"[76.0, 308.3, 526.7, 330.9]",
CY701,,False,,793,0.95,2,EA,CREDENTIAL READER,AS SPECIFIED IN DIVISION 28,UNK,,,Unknown,,,793,"[76.0, 333.4, 525.6, 344.5]",
CY701,,False,,793,0.95,1,EA,DOOR POSITION SWITCH,AS SPECIFIED IN DIVISION 28,B/O,,,By Others,,,793,"[76.0, 346.8, 521.7, 357.9]",
CY701,,False,,793,0.95,1,EA,POWER SUPPLY,AS SPECIFIED IN DIVISION 28,B/O,,,By Others,,,793,"[76.0, 360.4, 521.7, 371.5]",
CY701CR,,False,,794,0.95,3,EA,HINGE,5BB1HW 4.5 X 4.5,IVE,652,"(PROVIDE NRP @ OUTSWING, LOCKABLE DOORS)",Ives,Satin chrome plated steel,,794,"[76.0, 115.8, 520.6, 150.0]",
CY701CR,,False,,794,0.95,1,EA,POWER TRANSFER,EPT10 CON,VON,689,,Von Duprin,Aluminum painted,,794,"[76.0, 152.3, 526.2, 163.4]",
CY701CR,,False,,794,0.95,1,EA,EXIT DEVICE,12-43-53-55-TB-LC-8804 ETJ 26D/32D LENGTH AS REQ,SAR,626,,Sargent,Satin chrome,,794,"[76.0, 165.8, 525.0, 188.5]",
CY701CR,,False,,794,0.95,1,EA,_CYLINDER,AS REQUIRED,SAR,626,,Sargent,Satin chrome,,794,"[76.0, 190.8, 525.0, 201.9]",
CY701CR,,False,,794,0.95,1,EA,LFIC PERMANENT CORE,MATCH EXISTING KEY SYSTEM,SAR,626,,Sargent,Satin chrome,,794,"[76.0, 204.4, 525.0, 215.5]",
CY701CR,,False,,794,0.95,1,EA,SURFACE CLOSER,"4040XP SCUSH X TBWMS X MTG BRKT, SPCR & PLATE AS REQ",LCN,689,,LCN,Aluminum painted,,794,"[76.0, 217.8, 524.5, 240.4]",
CY701CR,,False,,794,0.95,1,EA,KICK PLATE,"8400 10"" X 2"" LDW B-CS",IVE,630,,Ives,Satin stainless steel,,794,"[76.0, 242.9, 520.6, 254.0]",
CY701CR,,False,,794,0.95,3,EA,GASKETING,488S PSA H & J,ZER,BK,,Zero International,Black,,794,"[76.0, 256.4, 524.5, 267.5]",
CY701CR,,False,,794,0.95,1,EA,WIRE HARNESS (IN DOOR),ASSA ABLOY ELECTROLYNX TYPE & LENGTH AS REQ,MCK,,,McKinney,,,794,"[76.0, 269.9, 526.7, 292.4]",
CY701CR,,False,,794,0.95,1,EA,WIRE HARNESS (TO POWER SUPPLY),QC-C006 - CONNECTION LEADS,MCK,,,McKinney,,,794,"[76.0, 294.9, 526.7, 317.5]",
CY701CR,,False,,794,0.95,2,EA,CREDENTIAL READER,AS SPECIFIED IN DIVISION 28,UNK,,,Unknown,,,794,"[76.0, 319.8, 525.6, 330.9]",
CY701CR,,False,,794,0.95,1,EA,DOOR POSITION SWITCH,AS SPECIFIED IN DIVISION 28,B/O,,,By Others,,,794,"[76.0, 333.4, 521.7, 344.5]",
CY701CR,,False,,794,0.95,1,EA,POWER SUPPLY,AS SPECIFIED IN DIVISION 28,B/O,,,By Others,,,794,"[76.0, 346.8, 521.7, 357.9]",
CY709,,False,,795,0.95,3,EA,HINGE,5BB1HW 4.5 X 4.5,IVE,652,"(PROVIDE NRP @ OUTSWING, LOCKABLE DOORS)",Ives,Satin chrome plated steel,,795,"[76.0, 115.8, 520.6, 150.0]",
CY709,,False,,795,0.95,1,EA,POWER TRANSFER,EPT10 CON,VON,689,,Von Duprin,Aluminum painted,,795,"[76.0, 152.3, 526.2, 163.4]",
CY709,,False,,795,0.95,1,EA,ELEC PANIC DEVICE,LD-43-53-55-TB-LC-8804 ETJ 26D/32D LENGTH AS REQ,SAR,626,,Sargent,Satin chrome,,795,"[76.0, 165.8, 525.0, 188.5]",
CY709,,False,,795,0.95,1,EA,_CYLINDER,AS REQUIRED,SAR,626,,Sargent,Satin chrome,,795,"[76.0, 190.8, 525.0, 201.9]",
CY709,,False,,795,0.95,1,EA,LFIC PERMANENT CORE,MATCH EXISTING KEY SYSTEM,SAR,626,,Sargent,Satin chrome,,795,"[76.0, 204.4, 525.0, 215.5]",
CY709,,False,,795,0.95,1,EA,SURFACE CLOSER,"4040XP RW/PA TBWMS X MTG BRKT, SPCR & PLATE AS REQ",LCN,689,,LCN,Aluminum painted,,795,"[76.0, 217.8, 524.5, 240.4]",
CY709,,False,,795,0.95,1,EA,KICK PLATE,"8400 10"" X 2"" LDW B-CS",IVE,630,,Ives,Satin stainless steel,,795,"[76.0, 242.9, 520.6, 254.0]",
CY709,,False,,795,0.95,1,EA,ELECTROMAG HOLDER,SEM7800 SERIES AS REQ,LCN,695,,LCN,Dark bronze painted,,795,"[76.0, 256.4, 524.5, 267.5]",
CY709,,False,,795,0.95,3,EA,SILENCER,SR64,IVE,GRY,,Ives,Gray,,795,"[76.0, 269.9, 520.6, 281.0]",
CY709,,False,,795,0.95,1,EA,WIRE HARNESS (IN DOOR),ASSA ABLOY ELECTROLYNX TYPE & LENGTH AS REQ,MCK,,,McKinney,,,795,"[76.0, 283.4, 526.7, 306.0]",
CY709,,False,,795,0.95,1,EA,WIRE HARNESS (TO POWER SUPPLY),QC-C006 - CONNECTION LEADS,MCK,,,McKinney,,,795,"[76.0, 308.3, 526.7, 330.9]",
CY709,,False,,795,0.95,2,EA,CREDENTIAL READER,AS SPECIFIED IN DIVISION 28,UNK,,,Unknown,,,795,"[76.0, 333.4, 525.6, 344.5]",
CY709,,False,,795,0.95,1,EA,DOOR POSITION SWITCH,AS SPECIFIED IN DIVISION 28,B/O,,,By Others,,,795,"[76.0, 346.8, 521.7, 357.9]",
CY709,,False,,795,0.95,1,EA,POWER SUPPLY,AS SPECIFIED IN DIVISION 28,B/O,,,By Others,,,795,"[76.0, 360.4, 521.7, 371.5]",
CY714T,,False,,796,0.95,8,EA,HINGE,5BB1HW 4.5 X 4.5 NRP,IVE,630,,Ives,Satin stainless steel,,796,"[76.0, 115.8, 520.6, 126.9]",
CY714T,,False,,796,0.95,2,EA,POWER TRANSFER,EPT10 CON,VON,689,,Von Duprin,Aluminum painted,,796,"[76.0, 129.4, 526.2, 140.5]",
CY714T,,False,,796,0.95,2,EA,ELEC PANIC DEVICE,LD-43-53-55-TB-LC-8674 ETJ 106 26D/32D LENGTH & HEIGHT AS REQ,SAR,626,,Sargent,Satin chrome,,796,"[76.0, 142.8, 525.0, 177.0]",
CY714T,,False,,796,0.95,2,EA,CYLINDER,AS REQUIRED,SAR,626,,Sargent,Satin chrome,,796,"[76.0, 179.3, 525.0, 190.4]",
CY714T,,False,,796,0.95,2,EA,LFIC PERMANENT CORE,MATCH EXISTING KEY SYSTEM,SAR,626,,Sargent,Satin chrome,,796,"[76.0, 192.8, 525.0, 204.0]",
CY714T,,False,,796,0.95,2,EA,SURFACE CLOSER,"4040XP SCUSH X TBWMS X MTG BRKT, SPCR & PLATE AS REQ",LCN,689,,LCN,Aluminum painted,,796,"[76.0, 206.3, 524.5, 228.9]",
CY714T,,False,,796,0.95,2,EA,KICK PLATE,"8400 10"" X 1"" LDW B-CS",IVE,630,,Ives,Satin stainless steel,,796,"[76.0, 231.4, 520.6, 242.5]",
CY714T,,False,,796,0.95,1,EA,RAIN DRIP,"142AA DW + 4""",ZER,AA,(OMIT @ COVERED OPENINGS),Zero International,Anodized aluminum,,796,"[76.0, 244.8, 524.5, 267.5]",
CY714T,,False,,796,0.95,1,SET,GASKETING,328AA H & J,ZER,AA,,Zero International,Anodized aluminum,,796,"[76.0, 269.9, 524.5, 281.0]",
CY714T,,False,,796,0.95,1,SET,MEETING STILE,8193AA (2 PCS - 1 SET),ZER,AA,,Zero International,Anodized aluminum,,796,"[76.0, 283.4, 524.5, 294.5]",
CY714T,,False,,796,0.95,2,EA,DOOR SWEEP,8198AA,ZER,AA,,Zero International,Anodized aluminum,,796,"[76.0, 296.9, 524.5, 308.0]",
CY714T,,False,,796,0.95,1,EA,THRESHOLD,545A LENGTH AS REQ,ZER,A,,Zero International,Anodized aluminum,,796,"[76.0, 310.4, 524.5, 321.5]",
CY714T,,False,,796,0.95,2,EA,WIRE HARNESS (IN DOOR),ASSA ABLOY ELECTROLYNX TYPE & LENGTH AS REQ,MCK,,,McKinney,,,796,"[76.0, 323.9, 526.7, 346.4]",
CY714T,,False,,796,0.95,2,EA,WIRE HARNESS (TO POWER SUPPLY),QC-C006 - CONNECTION LEADS,MCK,,,McKinney,,,796,"[76.0, 348.9, 526.7, 371.5]",
CY714T,,False,,796,0.95,2,EA,CREDENTIAL READER,AS SPECIFIED IN DIVISION 28,UNK,,,Unknown,,,796,"[76.0, 373.8, 525.6, 384.9]",
CY714T,,False,,796,0.95,2,EA,DOOR POSITION SWITCH,AS SPECIFIED IN DIVISION 28,B/O,,,By Others,,,796,"[76.0, 387.4, 521.7, 398.5]",
CY714T,,False,,796,0.95,1,EA,POWER SUPPLY,AS SPECIFIED IN DIVISION 28,B/O,,,By Others,,,796,"[76.0, 400.8, 521.7, 411.9]",
CY715T,,False,,797,0.95,4,EA,HINGE,5BB1HW 4.5 X 4.5,IVE,652,"(PROVIDE NRP @ OUTSWING, LOCKABLE DOORS)",Ives,Satin chrome plated steel,,797,"[76.0, 115.8, 520.6, 150.0]",
CY715T,,False,,797,0.95,1,EA,POWER TRANSFER,EPT10 CON,VON,689,,Von Duprin,Aluminum painted,,797,"[76.0, 152.3, 526.2, 163.4]",
CY715T,,False,,797,0.95,1,EA,ELEC PANIC DEVICE,LD-43-53-55-TB-LC-8804 ETJ 26D/32D LENGTH AS REQ,SAR,626,,Sargent,Satin chrome,,797,"[76.0, 165.8, 525.0, 188.5]",
CY715T,,False,,797,0.95,1,EA,_CYLINDER,AS REQUIRED,SAR,626,,Sargent,Satin chrome,,797,"[76.0, 190.8, 525.0, 201.9]",
CY715T,,False,,797,0.95,1,EA,LFIC PERMANENT CORE,MATCH EXISTING KEY SYSTEM,SAR,626,,Sargent,Satin chrome,,797,"[76.0, 204.4, 525.0, 215.5]",
CY715T,,False,,797,0.95,1,EA,SURFACE CLOSER,"4040XP SCUSH X TBWMS X MTG BRKT, SPCR & PLATE AS REQ",LCN,689,,LCN,Aluminum painted,,797,"[76.0, 217.8, 524.5, 240.4]",
CY715T,,False,,797,0.95,1,EA,KICK PLATE,"8400 10"" X 2"" LDW B-CS",IVE,630,,Ives,Satin stainless steel,,797,"[76.0, 242.9, 520.6, 254.0]",
CY715T,,False,,797,0.95,1,EA,RAIN DRIP,"142AA DW + 4""",ZER,AA,(OMIT @ COVERED OPENINGS),Zero International,Anodized aluminum,,797,"[76.0, 256.4, 524.5, 279.0]",
CY715T,,False,,797,0.95,3,SET,GASKETING,328AA H & J,ZER,AA,,Zero International,Anodized aluminum,,797,"[76.0, 281.3, 524.5, 292.4]",
CY715T,,False,,797,0.95,1,EA,DOOR SWEEP,8198AA,ZER,AA,,Zero International,Anodized aluminum,,797,"[76.0, 294.9, 524.5, 306.0]",
CY715T,,False,,797,0.95,1,EA,THRESHOLD,655A,ZER,A,,Zero International,Anodized aluminum,,797,"[76.0, 308.3, 524.5, 319.4]",
CY715T,,False,,797,0.95,1,EA,WIRE HARNESS (IN DOOR),ASSA ABLOY ELECTROLYNX TYPE & LENGTH AS REQ,MCK,,,McKinney,,,797,"[76.0, 321.9, 526.7, 344.5]",
CY715T,,False,,797,0.95,1,EA,WIRE HARNESS (TO POWER SUPPLY),QC-C006 - CONNECTION LEADS,MCK,,,McKinney,,,797,"[76.0, 346.8, 526.7, 369.5]",
CY715T,,False,,797,0.95,2,EA,CREDENTIAL READER,AS SPECIFIED IN DIVISION 28,UNK,,,Unknown,,,797,"[76.0, 371.8, 525.6, 382.9]",
CY715T,,False,,797,0.95,1,EA,DOOR POSITION SWITCH,AS SPECIFIED IN DIVISION 28,B/O,,,By Others,,,797,"[76.0, 385.4, 521.7, 396.5]",
CY715T,,False,,797,0.95,1,EA,POWER SUPPLY,AS SPECIFIED IN DIVISION 28,B/O,,,By Others,,,797,"[76.0, 398.8, 521.7, 409.9]",
CY720CT,,False,,798,0.95,8,EA,HINGE,5BB1HW 4.5 X 4.5,IVE,652,"(PROVIDE NRP @ OUTSWING, LOCKABLE DOORS)",Ives,Satin chrome plated steel,,798,"[76.0, 115.8, 520.6, 150.0]",
CY720CT,,False,,798,0.95,2,EA,EXIT DEVICE,LD-43-TB-8610 32D LENGTH & HEIGHT AS REQ,SAR,630,,Sargent,Satin stainless steel,,798,"[76.0, 152.3, 525.0, 174.9]",
CY720CT,,False,,798,0.95,2,EA,SURFACE CLOSER,"4040XP SCUSH X TBWMS X MTG BRKT, SPCR & PLATE AS REQ",LCN,689,,LCN,Aluminum painted,,798,"[76.0, 177.4, 524.5, 200.0]",
CY720CT,,False,,798,0.95,2,EA,KICK PLATE,"8400 10"" X 1"" LDW B-CS",IVE,630,,Ives,Satin stainless steel,,798,"[76.0, 202.3, 520.6, 213.4]",
CY720CT,,False,,798,0.95,1,EA,GASKETING,488S PSA H & J (USE SILENCERS @ NON-RATED DOORS),ZER,BK,,Zero International,Black,,798,"[76.0, 215.9, 524.5, 238.4]",
CY720CT,,False,,798,0.95,1,SET,MEETING STILE,8193AA (2 PCS - 1 SET),ZER,AA,,Zero International,Anodized aluminum,,798,"[76.0, 240.9, 524.5, 252.0]",
CY720CT,,False,,798,0.95,1,EA,CREDENTIAL READER,AS SPECIFIED IN DIVISION 28,UNK,,,Unknown,,,798,"[76.0, 254.3, 525.6, 265.4]",
CY720CT,,False,,798,0.95,2,EA,DOOR CONTACT,AS SPECIFIED IN DIVISION 28,SCE,WHT,,Schlage Electronics,White,,798,"[76.0, 267.9, 525.0, 279.0]",
CZ206,,False,,799,0.95,6,EA,HINGE,5BB1 4.5 X 4.5,IVE,652,,Ives,Satin chrome plated steel,,799,"[76.0, 115.8, 520.6, 126.9]",
CZ206,,False,,799,0.95,1,EA,POWER TRANSFER,EPT10 CON,VON,689,,Von Duprin,Aluminum painted,,799,"[76.0, 129.4, 526.2, 140.5]",
CZ206,,False,,799,0.95,1,EA,AUTO FLUSH BOLT,FB31P/FB41P AS REQ,IVE,630,,Ives,Satin stainless steel,,799,"[76.0, 142.8, 520.6, 153.9]",
CZ206,,False,,799,0.95,1,EA,DUST PROOF STRIKE,DP2,IVE,626,,Ives,Satin chrome,,799,"[76.0, 156.4, 520.6, 167.5]",
CZ206,,False,,799,0.95,1,EA,EU MORTISE LOCK,LX-64-8273 LE2J 26D FAIL SECURE,SAR,626,,Sargent,Satin chrome,,799,"[76.0, 169.8, 525.0, 192.4]",
CZ206,,False,,799,0.95,2,EA,LFIC PERMANENT CORE,MATCH EXISTING KEY SYSTEM,SAR,626,,Sargent,Satin chrome,,799,"[76.0, 194.9, 525.0, 206.0]",
CZ206,,False,,799,0.95,1,EA,COORDINATOR,COR X FL X MB X HW PREPS,IVE,628,,Ives,"Satin aluminum, clear anodized",,799,"[76.0, 208.3, 520.6, 219.4]",
CZ206,,False,,799,0.95,2,EA,OH STOP,100S SERIES X SIZE & MOUNTING AS REQ,GLY,630,,Glynn-Johnson,Satin stainless steel,,799,"[76.0, 221.9, 524.5, 244.4]",
CZ206,,False,,799,0.95,2,EA,SURFACE CLOSER,"4040XP RW/PA TBWMS X MTG BRKT, SPCR & PLATE AS REQ",LCN,689,,LCN,Aluminum painted,,799,"[76.0, 246.9, 524.5, 269.5]",
CZ206,,False,,799,0.95,2,EA,KICK PLATE,"8400 10"" X 1"" LDW B-CS",IVE,630,,Ives,Satin stainless steel,,799,"[76.0, 271.8, 520.6, 282.9]",
CZ206,,False,,799,0.95,1,EA,GASKETING,488S PSA H & J (USE SILENCERS @ NON-RATED DOORS),ZER,BK,,Zero International,Black,,799,"[76.0, 285.4, 524.5, 308.0]",
CZ206,,False,,799,0.95,1,SET,MEETING STILE,8193AA (2 PCS - 1 SET) (OMIT @ NON-RATED DOORS),ZER,AA,,Zero International,Anodized aluminum,,799,"[76.0, 310.4, 524.5, 333.0]",
CZ206,,False,,799,0.95,1,EA,WIRE HARNESS (IN DOOR),ASSA ABLOY ELECTROLYNX TYPE & LENGTH AS REQ,MCK,,,McKinney,,,799,"[76.0, 335.3, 526.7, 357.9]",
CZ206,,False,,799,0.95,1,EA,WIRE HARNESS (TO POWER SUPPLY),QC-C006 - CONNECTION LEADS,MCK,,,McKinney,,,799,"[76.0, 360.4, 526.7, 382.9]",
CZ206,,False,,799,0.95,2,EA,CREDENTIAL READER,AS SPECIFIED IN DIVISION 28,UNK,,,Unknown,,,799,"[76.0, 385.4, 525.6, 396.5]",
CZ206,,False,,799,0.95,2,EA,DOOR POSITION SWITCH,AS SPECIFIED IN DIVISION 28,B/O,,,By Others,,,799,"[76.0, 398.8, 521.7, 409.9]",
CZ206,,False,,799,0.95,1,EA,POWER SUPPLY,AS SPECIFIED IN DIVISION 28,B/O,,,By Others,,,799,"[76.0, 412.4, 521.7, 423.5]",
CZ240C,,False,,800,0.95,6,EA,HINGE,5BB1 4.5 X 4.5,IVE,652,,Ives,Satin chrome plated steel,,800,"[76.0, 115.8, 520.6, 126.9]",
CZ240C,,False,,800,0.95,1,EA,POWER TRANSFER,EPT10 CON,VON,689,,Von Duprin,Aluminum painted,,800,"[76.0, 129.4, 526.2, 140.5]",
CZ240C,,False,,800,0.95,1,EA,AUTO FLUSH BOLT,FB31P/FB41P AS REQ,IVE,630,,Ives,Satin stainless steel,,800,"[76.0, 142.8, 520.6, 153.9]",
CZ240C,,False,,800,0.95,1,EA,DUST PROOF STRIKE,DP2,IVE,626,,Ives,Satin chrome,,800,"[76.0, 156.4, 520.6, 167.5]",
CZ240C,,False,,800,0.95,1,EA,EL MORTISE LOCK,LX-64-8272 LE2J 26D FAIL SAFE,SAR,626,,Sargent,Satin chrome,,800,"[76.0, 169.8, 525.0, 192.4]",
CZ240C,,False,,800,0.95,2,EA,LFIC PERMANENT CORE,MATCH EXISTING KEY SYSTEM,SAR,626,,Sargent,Satin chrome,,800,"[76.0, 194.9, 525.0, 206.0]",
CZ240C,,False,,800,0.95,1,EA,COORDINATOR,COR X FL X MB X HW PREPS,IVE,628,,Ives,"Satin aluminum, clear anodized",,800,"[76.0, 208.3, 520.6, 219.4]",
CZ240C,,False,,800,0.95,2,EA,SURFACE CLOSER,"4040XP SCUSH X TBWMS X MTG BRKT, SPCR & PLATE AS REQ",LCN,689,,LCN,Aluminum painted,,800,"[76.0, 221.9, 524.5, 244.4]",
CZ240C,,False,,800,0.95,2,EA,KICK PLATE,"8400 10"" X 1"" LDW B-CS",IVE,630,,Ives,Satin stainless steel,,800,"[76.0, 246.9, 520.6, 258.0]",
CZ240C,,False,,800,0.95,1,EA,GASKETING,488S PSA H & J (USE SILENCERS @ NON-RATED DOORS),ZER,BK,,Zero International,Black,,800,"[76.0, 260.3, 524.5, 282.9]",
CZ240C,,False,,800,0.95,1,SET,MEETING STILE,8193AA (2 PCS - 1 SET) (OMIT @ NON-RATED DOORS),ZER,AA,,Zero International,Anodized aluminum,,800,"[76.0, 285.4, 524.5, 308.0]",
CZ240C,,False,,800,0.95,1,EA,WIRE HARNESS (IN DOOR),ASSA ABLOY ELECTROLYNX TYPE & LENGTH AS REQ,MCK,,,McKinney,,,800,"[76.0, 310.4, 526.7, 333.0]",
CZ240C,,False,,800,0.95,1,EA,WIRE HARNESS (TO POWER SUPPLY),QC-C006 - CONNECTION LEADS,MCK,,,McKinney,,,800,"[76.0, 335.3, 526.7, 357.9]",
CZ240C,,False,,800,0.95,2,EA,CREDENTIAL READER,AS SPECIFIED IN DIVISION 28,UNK,,,Unknown,,,800,"[76.0, 360.4, 525.6, 371.5]",
CZ240C,,False,,800,0.95,2,EA,DOOR POSITION SWITCH,AS SPECIFIED IN DIVISION 28,B/O,,,By Others,,,800,"[76.0, 373.8, 521.7, 384.9]",
CZ240C,,False,,800,0.95,1,EA,POWER SUPPLY,AS SPECIFIED IN DIVISION 28,B/O,,,By Others,,,800,"[76.0, 387.4, 521.7, 398.5]",
D725A,,False,,801,0.95,1,EA,CONT. HINGE,112XY,IVE,628,,Ives,"Satin aluminum, clear anodized",,801,"[76.0, 115.8, 520.6, 126.9]",
D725A,,False,,801,0.95,1,EA,EXIT DEVICE,LD-43-TB-8810 32D LENGTH AS REQ,SAR,630,,Sargent,Satin stainless steel,,801,"[76.0, 129.4, 525.0, 152.0]",
D725A,,False,,801,0.95,1,EA,SURFACE CLOSER,"4040XP SCUSH X TBWMS X MTG BRKT, SPCR & PLATE AS REQ",LCN,689,,LCN,Aluminum painted,,801,"[76.0, 154.3, 524.5, 177.0]",
D725A,,False,,801,0.95,1,EA,RAIN DRIP,"142AA DW + 4""",ZER,AA,(OMIT @ COVERED OPENINGS),Zero International,Anodized aluminum,,801,"[76.0, 179.3, 524.5, 201.9]",
D725A,,False,,801,0.95,1,SET,SEAL,PERIMETER SEAL BY FRAME MFR,,,,,,,801,"[76.0, 204.4, 450.8, 215.5]",
D725A,,False,,801,0.95,1,EA,DOOR SWEEP,8198AA,ZER,AA,,Zero International,Anodized aluminum,,801,"[76.0, 217.8, 524.5, 228.9]",
D725A,,False,,801,0.95,1,EA,THRESHOLD,65A,ZER,A,,Zero International,Anodized aluminum,,801,"[76.0, 231.4, 524.5, 242.5]",
D725A,,False,,801,0.95,1,EA,DOOR POSITION SWITCH,AS SPECIFIED IN DIVISION 28,B/O,,,By Others,,,801,"[76.0, 244.8, 521.7, 255.9]",
E201,,False,,801,0.94,3,EA,HINGE,5BB1 4.5 X 4.5,IVE,652,"(PROVIDE NRP @ OUTSWING, LOCKABLE DOORS)",Ives,Satin chrome plated steel,,801,"[76.0, 411.5, 520.6, 445.7]",
E201,,False,,801,0.94,1,EA,MORTISE LOCK,72-8204 FEJ 26D STOREROOM FUNCTION,SAR,626,,Sargent,Satin chrome,,801,"[76.0, 448.0, 525.0, 470.6]",
E201,,False,,801,0.94,1,EA,XT INTELLIGENT KEY SYSTEM CORE,MATCH FACILITY SYSTEM AS REQUIRED,MED,626,,Medeco,Satin chrome,,801,"[76.0, 473.0, 526.7, 495.6]",
E201,,False,,801,0.94,1,EA,SURFACE CLOSER,"4040XP RW/PA TBWMS X MTG BRKT, SPCR & PLATE AS REQ",LCN,689,,LCN,Aluminum painted,,801,"[76.0, 498.1, 524.5, 520.6]",
E201,,False,,801,0.94,1,EA,KICK PLATE,"8400 10"" X 2"" LDW B-CS",IVE,630,,Ives,Satin stainless steel,,801,"[76.0, 523.0, 520.6, 534.1]",
E201,,False,,801,0.94,1,EA,WALL STOP,WS406/407CCV,IVE,630,,Ives,Satin stainless steel,,801,"[76.0, 536.5, 520.6, 547.6]",
E201,,False,,801,0.94,1,EA,GASKETING,488S PSA H & J (USE SILENCERS @ NON-RATED DOORS),ZER,BK,,Zero International,Black,,801,"[76.0, 550.0, 524.5, 572.6]",
E201C,,False,,802,0.93,3,EA,HINGE,5BB1 4.5 X 4.5,IVE,652,"(PROVIDE NRP @ OUTSWING, LOCKABLE DOORS)",Ives,Satin chrome plated steel,,802,"[76.0, 115.8, 520.6, 150.0]",
E201C,,False,,802,0.93,1,EA,MORTISE LOCK,72-8204 FEJ 26D STOREROOM FUNCTION,SAR,626,,Sargent,Satin chrome,,802,"[76.0, 152.3, 525.0, 174.9]",
E201C,,False,,802,0.93,1,EA,XT INTELLIGENT KEY SYSTEM CORE,MATCH FACILITY SYSTEM AS REQUIRED,MED,626,,Medeco,Satin chrome,,802,"[76.0, 177.4, 526.7, 200.0]",
E201C,,False,,802,0.93,1,EA,SURFACE CLOSER,"4040XP SCUSH X TBWMS X MTG BRKT, SPCR & PLATE AS REQ",LCN,689,,LCN,Aluminum painted,,802,"[76.0, 202.3, 524.5, 225.0]",
E201C,,False,,802,0.93,1,EA,KICK PLATE,"8400 10"" X 2"" LDW B-CS",IVE,630,,Ives,Satin stainless steel,,802,"[76.0, 227.3, 520.6, 238.4]",
E201C,,False,,802,0.93,1,EA,GASKETING,488S PSA H & J (USE SILENCERS @ NON-RATED DOORS),ZER,BK,,Zero International,Black,,802,"[76.0, 240.9, 524.5, 263.5]",
E201CT,,False,,802,0.93,4,EA,HINGE,5BB1 4.5 X 4.5,IVE,652,"(PROVIDE NRP @ OUTSWING, LOCKABLE DOORS)",Ives,Satin chrome plated steel,,802,"[76.0, 321.0, 520.6, 355.1]",
E201CT,,False,,802,0.93,1,EA,MORTISE LOCK,72-8204 FEJ 26D STOREROOM FUNCTION,SAR,626,,Sargent,Satin chrome,,802,"[76.0, 357.5, 525.0, 380.1]",
E201CT,,False,,802,0.93,1,EA,XT INTELLIGENT KEY SYSTEM CORE,MATCH FACILITY SYSTEM AS REQUIRED,MED,626,,Medeco,Satin chrome,,802,"[76.0, 382.5, 526.7, 405.1]",
E201CT,,False,,802,0.93,1,EA,SURFACE CLOSER,"4040XP SCUSH X TBWMS X MTG BRKT, SPCR & PLATE AS REQ",LCN,689,,LCN,Aluminum painted,,802,"[76.0, 407.6, 524.5, 430.1]",
E201CT,,False,,802,0.93,1,EA,KICK PLATE,"8400 10"" X 2"" LDW B-CS",IVE,630,,Ives,Satin stainless steel,,802,"[76.0, 432.5, 520.6, 443.6]",
E201CT,,False,,802,0.93,1,EA,GASKETING,488S PSA H & J (USE SILENCERS @ NON-RATED DOORS),ZER,BK,,Zero International,Black,,802,"[76.0, 446.0, 524.5, 468.6]",
E201CTW,,False,,802,0.93,4,EA,HINGE,5BB1HW 5 X 4.5,IVE,652,"(PROVIDE NRP @ OUTSWING, LOCKABLE DOORS)",Ives,Satin chrome plated steel,,802,"[76.0, 526.1, 520.6, 560.3]",
E201CTW,,False,,802,0.93,1,EA,MORTISE LOCK,72-8204 FEJ 26D STOREROOM FUNCTION,SAR,626,,Sargent,Satin chrome,,802,"[76.0, 562.6, 525.0, 585.3]",
E201CTW,,False,,802,0.93,1,EA,XT INTELLIGENT KEY SYSTEM CORE,MATCH FACILITY SYSTEM AS REQUIRED,MED,626,,Medeco,Satin chrome,,802,"[76.0, 587.7, 526.7, 610.2]",
E201CTW,,False,,802,0.93,1,EA,SURFACE CLOSER,"4040XP SCUSH X TBWMS X MTG BRKT, SPCR & PLATE AS REQ",LCN,689,,LCN,Aluminum painted,,802,"[76.0, 612.7, 524.5, 635.3]",
E201CTW,,False,,802,0.93,1,EA,KICK PLATE,"8400 10"" X 2"" LDW B-CS",IVE,630,,Ives,Satin stainless steel,,802,"[76.0, 637.6, 520.6, 648.8]",
E201CTW,,False,,802,0.93,1,EA,GASKETING,488S PSA H & J (USE SILENCERS @ NON-RATED DOORS),ZER,BK,,Zero International,Black,,802,"[76.0, 651.2, 524.5, 673.8]",
E201CW,,False,,803,0.93,3,EA,HINGE,5BB1HW 5 X 4.5,IVE,652,"(PROVIDE NRP @ OUTSWING, LOCKABLE DOORS)",Ives,Satin chrome plated steel,,803,"[76.0, 115.8, 520.6, 150.0]",
E201CW,,False,,803,0.93,1,EA,MORTISE LOCK,72-8204 FEJ 26D STOREROOM FUNCTION,SAR,626,,Sargent,Satin chrome,,803,"[76.0, 152.3, 525.0, 174.9]",
E201CW,,False,,803,0.93,1,EA,XT INTELLIGENT KEY SYSTEM CORE,MATCH FACILITY SYSTEM AS REQUIRED,MED,626,,Medeco,Satin chrome,,803,"[76.0, 177.4, 526.7, 200.0]",
E201CW,,False,,803,0.93,1,EA,SURFACE CLOSER,"4040XP SCUSH X TBWMS X MTG BRKT, SPCR & PLATE AS REQ",LCN,689,,LCN,Aluminum painted,,803,"[76.0, 202.3, 524.5, 225.0]",
E201CW,,False,,803,0.93,1,EA,KICK PLATE,"8400 10"" X 2"" LDW B-CS",IVE,630,,Ives,Satin stainless steel,,803,"[76.0, 227.3, 520.6, 238.4]",
E201CW,,False,,803,0.93,1,EA,GASKETING,488S PSA H & J (USE SILENCERS @ NON-RATED DOORS),ZER,BK,,Zero International,Black,,803,"[76.0, 240.9, 524.5, 263.5]",
E201T,,False,,803,0.94,4,EA,HINGE,5BB1 4.5 X 4.5,IVE,652,"(PROVIDE NRP @ OUTSWING, LOCKABLE DOORS)",Ives,Satin chrome plated steel,,803,"[76.0, 321.0, 520.6, 355.1]",
E201T,,False,,803,0.94,1,EA,MORTISE LOCK,72-8204 FEJ 26D STOREROOM FUNCTION,SAR,626,,Sargent,Satin chrome,,803,"[76.0, 357.5, 525.0, 380.1]",
E201T,,False,,803,0.94,1,EA,XT INTELLIGENT KEY SYSTEM CORE,MATCH FACILITY SYSTEM AS REQUIRED,MED,626,,Medeco,Satin chrome,,803,"[76.0, 382.5, 526.7, 405.1]",
E201T,,False,,803,0.94,1,EA,SURFACE CLOSER,"4040XP RW/PA TBWMS X MTG BRKT, SPCR & PLATE AS REQ",LCN,689,,LCN,Aluminum painted,,803,"[76.0, 407.6, 524.5, 430.1]",
E201T,,False,,803,0.94,1,EA,KICK PLATE,"8400 10"" X 2"" LDW B-CS",IVE,630,,Ives,Satin stainless steel,,803,"[76.0, 432.5, 520.6, 443.6]",
E201T,,False,,803,0.94,1,EA,WALL STOP,WS406/407CCV,IVE,630,,Ives,Satin stainless steel,,803,"[76.0, 446.0, 520.6, 457.1]",
E201T,,False,,803,0.94,1,EA,GASKETING,488S PSA H & J (USE SILENCERS @ NON-RATED DOORS),ZER,BK,,Zero International,Black,,803,"[76.0, 459.5, 524.5, 482.2]",
E201TW,,False,,803,0.94,4,EA,HINGE,5BB1HW 5 X 4.5,IVE,652,"(PROVIDE NRP @ OUTSWING, LOCKABLE DOORS)",Ives,Satin chrome plated steel,,803,"[76.0, 539.7, 520.6, 573.7]",
E201TW,,False,,803,0.94,1,EA,MORTISE LOCK,72-8204 FEJ 26D STOREROOM FUNCTION,SAR,626,,Sargent,Satin chrome,,803,"[76.0, 576.2, 525.0, 598.8]",
E201TW,,False,,803,0.94,1,EA,XT INTELLIGENT KEY SYSTEM CORE,MATCH FACILITY SYSTEM AS REQUIRED,MED,626,,Medeco,Satin chrome,,803,"[76.0, 601.2, 526.7, 623.8]",
E201TW,,False,,803,0.94,1,EA,SURFACE CLOSER,"4040XP RW/PA TBWMS X MTG BRKT, SPCR & PLATE AS REQ",LCN,689,,LCN,Aluminum painted,,803,"[76.0, 626.1, 524.5, 648.8]",
E201TW,,False,,803,0.94,1,EA,KICK PLATE,"8400 10"" X 2"" LDW B-CS",IVE,630,,Ives,Satin stainless steel,,803,"[76.0, 651.2, 520.6, 662.3]",
E201TW,,False,,803,0.94,1,EA,WALL STOP,WS406/407CCV,IVE,630,,Ives,Satin stainless steel,,803,"[76.0, 664.6, 520.6, 675.8]",
E201TW,,False,,803,0.94,1,EA,GASKETING,488S PSA H & J (USE SILENCERS @ NON-RATED DOORS),ZER,BK,,Zero International,Black,,803,"[76.0, 678.2, 524.5, 700.8]",
E201W,,False,,804,0.94,3,EA,HINGE,5BB1HW 5 X 4.5,IVE,652,"(PROVIDE NRP @ OUTSWING, LOCKABLE DOORS)",Ives,Satin chrome plated steel,,804,"[76.0, 115.8, 520.6, 150.0]",
E201W,,False,,804,0.94,1,EA,MORTISE LOCK,72-8204 FEJ 26D STOREROOM FUNCTION,SAR,626,,Sargent,Satin chrome,,804,"[76.0, 152.3, 525.0, 174.9]",
E201W,,False,,804,0.94,1,EA,XT INTELLIGENT KEY SYSTEM CORE,MATCH FACILITY SYSTEM AS REQUIRED,MED,626,,Medeco,Satin chrome,,804,"[76.0, 177.4, 526.7, 200.0]",
E201W,,False,,804,0.94,1,EA,SURFACE CLOSER,"4040XP RW/PA TBWMS X MTG BRKT, SPCR & PLATE AS REQ",LCN,689,,LCN,Aluminum painted,,804,"[76.0, 202.3, 524.5, 225.0]",
E201W,,False,,804,0.94,1,EA,KICK PLATE,"8400 10"" X 2"" LDW B-CS",IVE,630,,Ives,Satin stainless steel,,804,"[76.0, 227.3, 520.6, 238.4]",
E201W,,False,,804,0.94,1,EA,WALL STOP,WS406/407CCV,IVE,630,,Ives,Satin stainless steel,,804,"[76.0, 240.9, 520.6, 252.0]",
E201W,,False,,804,0.94,1,EA,GASKETING,488S PSA H & J (USE SILENCERS @ NON-RATED DOORS),ZER,BK,,Zero International,Black,,804,"[76.0, 254.3, 524.5, 276.9]",
E203K.1,,False,,804,0.95,3,EA,HINGE,5BB1 4.5 X 4.5,IVE,652,"(PROVIDE NRP @ OUTSWING, LOCKABLE DOORS)",Ives,Satin chrome plated steel,,804,"[76.0, 334.5, 520.6, 368.6]",
E203K.1,,False,,804,0.95,1,EA,CYLINDRICAL LOCK,10-64-10XG05 LL 26D OFFICE FUNCTION,SAR,626,,Sargent,Satin chrome,,804,"[76.0, 371.0, 525.0, 393.6]",
E203K.1,,False,,804,0.95,2,EA,LFIC PERMANENT CORE,MATCH EXISTING KEY SYSTEM,SAR,626,,Sargent,Satin chrome,,804,"[76.0, 396.0, 525.0, 407.1]",
E203K.1,,False,,804,0.95,1,EA,WALL STOP,WS406/407CCV,IVE,630,,Ives,Satin stainless steel,,804,"[76.0, 409.5, 520.6, 420.6]",
E203K.1,,False,,804,0.95,3,EA,SILENCER,SR64,IVE,GRY,,Ives,Gray,,804,"[76.0, 423.1, 520.6, 434.2]",
E203K.1,,False,,804,0.95,1,EA,CREDENTIAL READER,AS SPECIFIED IN DIVISION 28,UNK,,,Unknown,,,804,"[76.0, 436.5, 525.6, 447.6]",
E203K.1,,False,,804,0.95,1,EA,KEY SWITCH,AS SPECIFIED IN DIVISION 28,B/O,,,By Others,,,804,"[76.0, 450.1, 521.7, 461.2]",
E207,,False,,805,0.93,3,EA,HINGE,5BB1 4.5 X 4.5,IVE,652,"(PROVIDE NRP @ OUTSWING, LOCKABLE DOORS)",Ives,Satin chrome plated steel,,805,"[76.0, 115.8, 520.6, 150.0]",
E207,,False,,805,0.93,1,EA,MORTISE LOCK,72-8204 FEJ 26D STOREROOM FUNCTION,SAR,626,,Sargent,Satin chrome,,805,"[76.0, 152.3, 525.0, 174.9]",
E207,,False,,805,0.93,1,EA,XT INTELLIGENT KEY SYSTEM CORE,MATCH FACILITY SYSTEM AS REQUIRED,MED,626,,Medeco,Satin chrome,,805,"[76.0, 177.4, 526.7, 200.0]",
E207,,False,,805,0.93,1,EA,OH STOP,100S SERIES X SIZE & MOUNTING AS REQ,GLY,630,,Glynn-Johnson,Satin stainless steel,,805,"[76.0, 202.3, 524.5, 225.0]",
E207,,False,,805,0.93,1,EA,SURFACE CLOSER,"4040XP RW/PA TBWMS X MTG BRKT, SPCR & PLATE AS REQ",LCN,689,,LCN,Aluminum painted,,805,"[76.0, 227.3, 524.5, 249.9]",
E207,,False,,805,0.93,1,EA,KICK PLATE,"8400 10"" X 2"" LDW B-CS",IVE,630,,Ives,Satin stainless steel,,805,"[76.0, 252.4, 520.6, 263.5]",
E207,,False,,805,0.93,1,EA,GASKETING,488S PSA H & J (USE SILENCERS @ NON-RATED DOORS),ZER,BK,,Zero International,Black,,805,"[76.0, 265.8, 524.5, 288.5]",
E210,,False,,805,0.94,6,EA,HINGE,5BB1 4.5 X 4.5,IVE,652,"(PROVIDE NRP @ OUTSWING, LOCKABLE DOORS)",Ives,Satin chrome plated steel,,805,"[76.0, 346.0, 520.6, 380.1]",
E210,,False,,805,0.94,1,EA,CONST LATCHING BOLT,FB51P/FB61P AS REQ,IVE,630,,Ives,Satin stainless steel,,805,"[76.0, 382.5, 520.6, 393.6]",
E210,,False,,805,0.94,1,EA,DUST PROOF STRIKE,DP2,IVE,626,,Ives,Satin chrome,,805,"[76.0, 396.0, 520.6, 407.1]",
E210,,False,,805,0.94,1,EA,MORTISE LOCK,72-8204 FEJ 26D STOREROOM FUNCTION,SAR,626,,Sargent,Satin chrome,,805,"[76.0, 409.5, 525.0, 432.1]",
E210,,False,,805,0.94,1,EA,XT INTELLIGENT KEY SYSTEM CORE,MATCH FACILITY SYSTEM AS REQUIRED,MED,626,,Medeco,Satin chrome,,805,"[76.0, 434.6, 526.7, 457.1]",
E210,,False,,805,0.94,1,EA,SURFACE CLOSER,"4040XP RW/PA TBWMS X MTG BRKT, SPCR & PLATE AS REQ",LCN,689,,LCN,Aluminum painted,,805,"[76.0, 459.5, 524.5, 482.2]",
E210,,False,,805,0.94,2,EA,KICK PLATE,"8400 10"" X 1"" LDW B-CS",IVE,630,,Ives,Satin stainless steel,,805,"[76.0, 484.5, 520.6, 495.6]",
E210,,False,,805,0.94,2,EA,WALL STOP,WS406/407CCV,IVE,630,,Ives,Satin stainless steel,,805,"[76.0, 498.1, 520.6, 509.2]",
E210,,False,,805,0.94,1,EA,GASKETING,488S PSA H & J (USE SILENCERS @ NON-RATED DOORS),ZER,BK,,Zero International,Black,,805,"[76.0, 511.5, 524.5, 534.1]",
E210,,False,,805,0.94,1,SET,MEETING STILE,8193AA (2 PCS - 1 SET) (OMIT @ NON-RATED DOORS),ZER,AA,,Zero International,Anodized aluminum,,805,"[76.0, 536.5, 524.5, 559.1]",
E210CS1,,False,,806,0.94,6,EA,HINGE,5BB1 4.5 X 4.5,IVE,652,"(PROVIDE NRP @ OUTSWING, LOCKABLE DOORS)",Ives,Satin chrome plated steel,,806,"[76.0, 115.8, 520.6, 150.0]",
E210CS1,,False,,806,0.94,1,EA,CONST LATCHING BOLT,FB51P/FB61P AS REQ,IVE,630,,Ives,Satin stainless steel,,806,"[76.0, 152.3, 520.6, 163.4]",
E210CS1,,False,,806,0.94,1,EA,DUST PROOF STRIKE,DP2,IVE,626,,Ives,Satin chrome,,806,"[76.0, 165.8, 520.6, 177.0]",
E210CS1,,False,,806,0.94,1,EA,MORTISE LOCK,72-8204 FEJ 26D STOREROOM FUNCTION,SAR,626,,Sargent,Satin chrome,,806,"[76.0, 179.3, 525.0, 201.9]",
E210CS1,,False,,806,0.94,1,EA,XT INTELLIGENT KEY SYSTEM CORE,MATCH FACILITY SYSTEM AS REQUIRED,MED,626,,Medeco,Satin chrome,,806,"[76.0, 204.4, 526.7, 227.0]",
E210CS1,,False,,806,0.94,1,EA,OH STOP,900S SERIES X SIZE & MTG AS REQ,GLY,630,,Glynn-Johnson,Satin stainless steel,,806,"[76.0, 229.3, 524.5, 252.0]",
E210CS1,,False,,806,0.94,1,EA,SURFACE CLOSER,"4040XP SCUSH X TBWMS X MTG BRKT, SPCR & PLATE AS REQ",LCN,689,,LCN,Aluminum painted,,806,"[76.0, 254.3, 524.5, 276.9]",
E210CS1,,False,,806,0.94,2,EA,KICK PLATE,"8400 10"" X 1"" LDW B-CS",IVE,630,,Ives,Satin stainless steel,,806,"[76.0, 279.4, 520.6, 290.5]",
E210CS1,,False,,806,0.94,1,EA,GASKETING,488S PSA H & J (USE SILENCERS @ NON-RATED DOORS),ZER,BK,,Zero International,Black,,806,"[76.0, 292.8, 524.5, 315.5]",
E210CS1,,False,,806,0.94,1,SET,MEETING STILE,8193AA (2 PCS - 1 SET) (OMIT @ NON-RATED DOORS),ZER,AA,,Zero International,Anodized aluminum,,806,"[76.0, 317.9, 524.5, 340.4]",
E210CS1T,,False,,806,0.94,8,EA,HINGE,5BB1 4.5 X 4.5,IVE,652,"(PROVIDE NRP @ OUTSWING, LOCKABLE DOORS)",Ives,Satin chrome plated steel,,806,"[76.0, 398.0, 520.6, 432.1]",
E210CS1T,,False,,806,0.94,1,EA,CONST LATCHING BOLT,FB51P/FB61P AS REQ,IVE,630,,Ives,Satin stainless steel,,806,"[76.0, 434.6, 520.6, 445.7]",
E210CS1T,,False,,806,0.94,1,EA,DUST PROOF STRIKE,DP2,IVE,626,,Ives,Satin chrome,,806,"[76.0, 448.0, 520.6, 459.1]",
E210CS1T,,False,,806,0.94,1,EA,MORTISE LOCK,72-8204 FEJ 26D STOREROOM FUNCTION,SAR,626,,Sargent,Satin chrome,,806,"[76.0, 461.5, 525.0, 484.1]",
E210CS1T,,False,,806,0.94,1,EA,XT INTELLIGENT KEY SYSTEM CORE,MATCH FACILITY SYSTEM AS REQUIRED,MED,626,,Medeco,Satin chrome,,806,"[76.0, 486.5, 526.7, 509.2]",
E210CS1T,,False,,806,0.94,1,EA,OH STOP,900S SERIES X SIZE & MTG AS REQ,GLY,630,,Glynn-Johnson,Satin stainless steel,,806,"[76.0, 511.5, 524.5, 534.1]",
E210CS1T,,False,,806,0.94,1,EA,SURFACE CLOSER,"4040XP SCUSH X TBWMS X MTG BRKT, SPCR & PLATE AS REQ",LCN,689,,LCN,Aluminum painted,,806,"[76.0, 536.5, 524.5, 559.1]",
E210CS1T,,False,,806,0.94,2,EA,KICK PLATE,"8400 10"" X 1"" LDW B-CS",IVE,630,,Ives,Satin stainless steel,,806,"[76.0, 561.5, 520.6, 572.6]",
E210CS1T,,False,,806,0.94,1,EA,GASKETING,488S PSA H & J (USE SILENCERS @ NON-RATED DOORS),ZER,BK,,Zero International,Black,,806,"[76.0, 575.0, 524.5, 597.6]",
E210CS1T,,False,,806,0.94,1,SET,MEETING STILE,8193AA (2 PCS - 1 SET) (OMIT @ NON-RATED DOORS),ZER,AA,,Zero International,Anodized aluminum,,806,"[76.0, 600.1, 524.5, 622.6]",
E210T,,False,,807,0.94,8,EA,HINGE,5BB1 4.5 X 4.5,IVE,652,"(PROVIDE NRP @ OUTSWING, LOCKABLE DOORS)",Ives,Satin chrome plated steel,,807,"[76.0, 115.8, 520.6, 150.0]",
E210T,,False,,807,0.94,1,EA,CONST LATCHING BOLT,FB51P/FB61P AS REQ,IVE,630,,Ives,Satin stainless steel,,807,"[76.0, 152.3, 520.6, 163.4]",
E210T,,False,,807,0.94,1,EA,DUST PROOF STRIKE,DP2,IVE,626,,Ives,Satin chrome,,807,"[76.0, 165.8, 520.6, 177.0]",
E210T,,False,,807,0.94,1,EA,MORTISE LOCK,72-8204 FEJ 26D STOREROOM FUNCTION,SAR,626,,Sargent,Satin chrome,,807,"[76.0, 179.3, 525.0, 201.9]",
E210T,,False,,807,0.94,1,EA,XT INTELLIGENT KEY SYSTEM CORE,MATCH FACILITY SYSTEM AS REQUIRED,MED,626,,Medeco,Satin chrome,,807,"[76.0, 204.4, 526.7, 227.0]",
E210T,,False,,807,0.94,1,EA,SURFACE CLOSER,"4040XP RW/PA TBWMS X MTG BRKT, SPCR & PLATE AS REQ",LCN,689,,LCN,Aluminum painted,,807,"[76.0, 229.3, 524.5, 252.0]",
E210T,,False,,807,0.94,2,EA,KICK PLATE,"8400 10"" X 1"" LDW B-CS",IVE,630,,Ives,Satin stainless steel,,807,"[76.0, 254.3, 520.6, 265.4]",
E210T,,False,,807,0.94,2,EA,WALL STOP,WS406/407CCV,IVE,630,,Ives,Satin stainless steel,,807,"[76.0, 267.9, 520.6, 279.0]",
E210T,,False,,807,0.94,1,EA,GASKETING,488S PSA H & J (USE SILENCERS @ NON-RATED DOORS),ZER,BK,,Zero International,Black,,807,"[76.0, 281.3, 524.5, 303.9]",
E210T,,False,,807,0.94,1,SET,MEETING STILE,8193AA (2 PCS - 1 SET) (OMIT @ NON-RATED DOORS),ZER,AA,,Zero International,Anodized aluminum,,807,"[76.0, 306.4, 524.5, 329.0]",
E210TW,,False,,807,0.94,8,EA,HINGE,5BB1HW 5 X 4.5,IVE,652,"(PROVIDE NRP @ OUTSWING, LOCKABLE DOORS)",Ives,Satin chrome plated steel,,807,"[76.0, 386.6, 520.6, 420.6]",
E210TW,,False,,807,0.94,1,EA,CONST LATCHING BOLT,FB51P/FB61P AS REQ,IVE,630,,Ives,Satin stainless steel,,807,"[76.0, 423.1, 520.6, 434.2]",
E210TW,,False,,807,0.94,1,EA,DUST PROOF STRIKE,DP2,IVE,626,,Ives,Satin chrome,,807,"[76.0, 436.5, 520.6, 447.6]",
E210TW,,False,,807,0.94,1,EA,MORTISE LOCK,72-8204 FEJ 26D STOREROOM FUNCTION,SAR,626,,Sargent,Satin chrome,,807,"[76.0, 450.1, 525.0, 472.6]",
E210TW,,False,,807,0.94,1,EA,XT INTELLIGENT KEY SYSTEM CORE,MATCH FACILITY SYSTEM AS REQUIRED,MED,626,,Medeco,Satin chrome,,807,"[76.0, 475.0, 526.7, 497.6]",
E210TW,,False,,807,0.94,1,EA,SURFACE CLOSER,"4040XP RW/PA TBWMS X MTG BRKT, SPCR & PLATE AS REQ",LCN,689,,LCN,Aluminum painted,,807,"[76.0, 500.0, 524.5, 522.6]",
E210TW,,False,,807,0.94,2,EA,KICK PLATE,"8400 10"" X 1"" LDW B-CS",IVE,630,,Ives,Satin stainless steel,,807,"[76.0, 525.1, 520.6, 536.2]",
E210TW,,False,,807,0.94,2,EA,WALL STOP,WS406/407CCV,IVE,630,,Ives,Satin stainless steel,,807,"[76.0, 538.5, 520.6, 549.6]",
E210TW,,False,,807,0.94,1,EA,GASKETING,488S PSA H & J (USE SILENCERS @ NON-RATED DOORS),ZER,BK,,Zero International,Black,,807,"[76.0, 552.1, 524.5, 574.6]",
E210TW,,False,,807,0.94,1,SET,MEETING STILE,8193AA (2 PCS - 1 SET) (OMIT @ NON-RATED DOORS),ZER,AA,,Zero International,Anodized aluminum,,807,"[76.0, 577.0, 524.5, 599.7]",
E216,,False,,808,0.94,6,EA,HINGE,5BB1 4.5 X 4.5,IVE,652,"(PROVIDE NRP @ OUTSWING, LOCKABLE DOORS)",Ives,Satin chrome plated steel,,808,"[76.0, 115.8, 520.6, 150.0]",
E216,,False,,808,0.94,1,EA,CONST LATCHING BOLT,FB51P/FB61P AS REQ,IVE,630,,Ives,Satin stainless steel,,808,"[76.0, 152.3, 520.6, 163.4]",
E216,,False,,808,0.94,1,EA,DUST PROOF STRIKE,DP2,IVE,626,,Ives,Satin chrome,,808,"[76.0, 165.8, 520.6, 177.0]",
E216,,False,,808,0.94,1,EA,MORTISE LOCK,72-8204 FEJ 26D STOREROOM FUNCTION,SAR,626,,Sargent,Satin chrome,,808,"[76.0, 179.3, 525.0, 201.9]",
E216,,False,,808,0.94,1,EA,XT INTELLIGENT KEY SYSTEM CORE,MATCH FACILITY SYSTEM AS REQUIRED,MED,626,,Medeco,Satin chrome,,808,"[76.0, 204.4, 526.7, 227.0]",
E216,,False,,808,0.94,2,EA,OH STOP,100S SERIES X SIZE & MOUNTING AS REQ,GLY,630,,Glynn-Johnson,Satin stainless steel,,808,"[76.0, 229.3, 524.5, 252.0]",
E216,,False,,808,0.94,1,EA,SURFACE CLOSER,"4040XP RW/PA TBWMS X MTG BRKT, SPCR & PLATE AS REQ",LCN,689,,LCN,Aluminum painted,,808,"[76.0, 254.3, 524.5, 276.9]",
E216,,False,,808,0.94,2,EA,KICK PLATE,"8400 10"" X 1"" LDW B-CS",IVE,630,,Ives,Satin stainless steel,,808,"[76.0, 279.4, 520.6, 290.5]",
E216,,False,,808,0.94,1,EA,GASKETING,488S PSA H & J (USE SILENCERS @ NON-RATED DOORS),ZER,BK,,Zero International,Black,,808,"[76.0, 292.8, 524.5, 315.5]",
E216,,False,,808,0.94,1,SET,MEETING STILE,8193AA (2 PCS - 1 SET) (OMIT @ NON-RATED DOORS),ZER,AA,,Zero International,Anodized aluminum,,808,"[76.0, 317.9, 524.5, 340.4]",
E710C,,False,,808,0.94,6,EA,HINGE,5BB1HW 4.5 X 4.5,IVE,652,"(PROVIDE NRP @ OUTSWING, LOCKABLE DOORS)",Ives,Satin chrome plated steel,,808,"[76.0, 398.0, 520.6, 432.1]",
E710C,,False,,808,0.94,2,EA,EXIT DEVICE,LD-43-TB-LC-8606 ETJ 106 26D/32D LENGTH & HEIGHT AS REQ,SAR,626,,Sargent,Satin chrome,,808,"[76.0, 434.6, 525.0, 468.6]",
E710C,,False,,808,0.94,1,EA,CYLINDER,AS REQUIRED,SAR,626,,Sargent,Satin chrome,,808,"[76.0, 471.1, 525.0, 482.2]",
E710C,,False,,808,0.94,2,EA,XT INTELLIGENT KEY SYSTEM CORE,MATCH FACILITY SYSTEM AS REQUIRED,MED,626,,Medeco,Satin chrome,,808,"[76.0, 484.5, 526.7, 507.1]",
E710C,,False,,808,0.94,2,EA,SURFACE CLOSER,"4040XP SCUSH X TBWMS X MTG BRKT, SPCR & PLATE AS REQ",LCN,689,,LCN,Aluminum painted,,808,"[76.0, 509.5, 524.5, 532.1]",
E710C,,False,,808,0.94,2,EA,KICK PLATE,"8400 10"" X 1"" LDW B-CS",IVE,630,,Ives,Satin stainless steel,,808,"[76.0, 534.5, 520.6, 545.6]",
E710C,,False,,808,0.94,1,EA,GASKETING,488S PSA H & J (USE SILENCERS @ NON-RATED DOORS),ZER,BK,,Zero International,Black,,808,"[76.0, 548.0, 524.5, 570.6]",
E710C,,False,,808,0.94,1,SET,MEETING STILE,8193AA (2 PCS - 1 SET) (OMIT @ NON-RATED DOORS),ZER,AA,,Zero International,Anodized aluminum,,808,"[76.0, 573.1, 524.5, 595.6]",
E711C,,False,,809,0.95,3,EA,HINGE,5BB1HW 4.5 X 4.5,IVE,652,"(PROVIDE NRP @ OUTSWING, LOCKABLE DOORS)",Ives,Satin chrome plated steel,,809,"[76.0, 115.8, 520.6, 150.0]",
E711C,,False,,809,0.95,1,EA,EXIT DEVICE,LD-43-TB-LC-8804 ETJ 26D/32D LENGTH AS REQ,SAR,626,,Sargent,Satin chrome,,809,"[76.0, 152.3, 525.0, 174.9]",
E711C,,False,,809,0.95,1,EA,CYLINDER,AS REQUIRED,SAR,626,,Sargent,Satin chrome,,809,"[76.0, 177.4, 525.0, 188.5]",
E711C,,False,,809,0.95,1,EA,XT INTELLIGENT KEY SYSTEM CORE,MATCH FACILITY SYSTEM AS REQUIRED,MED,626,,Medeco,Satin chrome,,809,"[76.0, 190.8, 526.7, 213.4]",
E711C,,False,,809,0.95,1,EA,SURFACE CLOSER,"4040XP SCUSH X TBWMS X MTG BRKT, SPCR & PLATE AS REQ",LCN,689,,LCN,Aluminum painted,,809,"[76.0, 215.9, 524.5, 238.4]",
E711C,,False,,809,0.95,1,EA,KICK PLATE,"8400 10"" X 2"" LDW B-CS",IVE,630,,Ives,Satin stainless steel,,809,"[76.0, 240.9, 520.6, 252.0]",
E711C,,False,,809,0.95,1,EA,GASKETING,488S PSA H & J,ZER,BK,,Zero International,Black,,809,"[76.0, 254.3, 524.5, 265.4]",
E711CR,,False,,809,0.95,3,EA,HINGE,5BB1HW 4.5 X 4.5,IVE,652,"(PROVIDE NRP @ OUTSWING, LOCKABLE DOORS)",Ives,Satin chrome plated steel,,809,"[76.0, 323.0, 520.6, 357.1]",
E711CR,,False,,809,0.95,1,EA,FIRE RATED EXIT DEVICE,12-43-TB-LC-8804 ETJ 26D/32D LENGTH AS REQ,SAR,626,,Sargent,Satin chrome,,809,"[76.0, 359.6, 525.0, 382.1]",
E711CR,,False,,809,0.95,1,EA,_CYLINDER,AS REQUIRED,SAR,626,,Sargent,Satin chrome,,809,"[76.0, 384.5, 525.0, 395.6]",
E711CR,,False,,809,0.95,1,EA,XT INTELLIGENT KEY SYSTEM CORE,MATCH FACILITY SYSTEM AS REQUIRED,MED,626,,Medeco,Satin chrome,,809,"[76.0, 398.0, 526.7, 420.6]",
E711CR,,False,,809,0.95,1,EA,SURFACE CLOSER,"4040XP SCUSH X TBWMS X MTG BRKT, SPCR & PLATE AS REQ",LCN,689,,LCN,Aluminum painted,,809,"[76.0, 423.1, 524.5, 445.7]",
E711CR,,False,,809,0.95,1,EA,KICK PLATE,"8400 10"" X 2"" LDW B-CS",IVE,630,,Ives,Satin stainless steel,,809,"[76.0, 448.0, 520.6, 459.1]",
E711CR,,False,,809,0.95,1,EA,GASKETING,488S PSA H & J,ZER,BK,,Zero International,Black,,809,"[76.0, 461.5, 524.5, 472.6]",
E711CT,,False,,809,0.95,4,EA,HINGE,5BB1HW 4.5 X 4.5,IVE,652,"(PROVIDE NRP @ OUTSWING, LOCKABLE DOORS)",Ives,Satin chrome plated steel,,809,"[76.0, 530.2, 520.6, 564.2]",
E711CT,,False,,809,0.95,1,EA,EXIT DEVICE,LD-43-TB-LC-8804 ETJ 26D/32D LENGTH AS REQ,SAR,626,,Sargent,Satin chrome,,809,"[76.0, 566.7, 525.0, 589.4]",
E711CT,,False,,809,0.95,1,EA,CYLINDER,AS REQUIRED,SAR,626,,Sargent,Satin chrome,,809,"[76.0, 591.7, 525.0, 602.8]",
E711CT,,False,,809,0.95,1,EA,XT INTELLIGENT KEY SYSTEM CORE,MATCH FACILITY SYSTEM AS REQUIRED,MED,626,,Medeco,Satin chrome,,809,"[76.0, 605.1, 526.7, 627.8]",
E711CT,,False,,809,0.95,1,EA,SURFACE CLOSER,"4040XP SCUSH X TBWMS X MTG BRKT, SPCR & PLATE AS REQ",LCN,689,,LCN,Aluminum painted,,809,"[76.0, 630.2, 524.5, 652.8]",
E711CT,,False,,809,0.95,1,EA,KICK PLATE,"8400 10"" X 2"" LDW B-CS",IVE,630,,Ives,Satin stainless steel,,809,"[76.0, 655.2, 520.6, 666.3]",
E711CT,,False,,809,0.95,1,EA,GASKETING,488S PSA H & J,ZER,BK,,Zero International,Black,,809,"[76.0, 668.7, 524.5, 679.8]",
E711CTW,,False,,810,0.93,4,EA,HINGE,5BB1HW 5 X 4.5,IVE,652,"(PROVIDE NRP @ OUTSWING, LOCKABLE DOORS)",Ives,Satin chrome plated steel,,810,"[76.0, 115.8, 520.6, 150.0]",
E711CTW,,False,,810,0.93,1,EA,EXIT DEVICE,LD-43-TB-LC-8804 ETJ 26D/32D LENGTH AS REQ,SAR,626,,Sargent,Satin chrome,,810,"[76.0, 152.3, 525.0, 174.9]",
E711CTW,,False,,810,0.93,1,EA,XT INTELLIGENT KEY SYSTEM CORE,MATCH FACILITY SYSTEM AS REQUIRED,MED,626,,Medeco,Satin chrome,,810,"[76.0, 177.4, 526.7, 200.0]",
E711CTW,,False,,810,0.93,1,EA,SURFACE CLOSER,"4040XP SCUSH X TBWMS X MTG BRKT, SPCR & PLATE AS REQ",LCN,689,,LCN,Aluminum painted,,810,"[76.0, 202.3, 524.5, 225.0]",
E711CTW,,False,,810,0.93,1,EA,KICK PLATE,"8400 10"" X 2"" LDW B-CS",IVE,630,,Ives,Satin stainless steel,,810,"[76.0, 227.3, 520.6, 238.4]",
E711CTW,,False,,810,0.93,1,EA,GASKETING,488S PSA H & J (USE SILENCERS @ NON-RATED DOORS),ZER,BK,,Zero International,Black,,810,"[76.0, 240.9, 524.5, 263.5]",
E711CW,,False,,810,0.94,3,EA,HINGE,5BB1HW 5 X 4.5,IVE,652,"(PROVIDE NRP @ OUTSWING, LOCKABLE DOORS)",Ives,Satin chrome plated steel,,810,"[76.0, 321.0, 520.6, 355.1]",
E711CW,,False,,810,0.94,1,EA,EXIT DEVICE,LD-43-TB-LC-8804 ETJ 26D/32D LENGTH AS REQ,SAR,626,,Sargent,Satin chrome,,810,"[76.0, 357.5, 525.0, 380.1]",
E711CW,,False,,810,0.94,1,EA,XT INTELLIGENT KEY SYSTEM CORE,MATCH FACILITY SYSTEM AS REQUIRED,MED,626,,Medeco,Satin chrome,,810,"[76.0, 382.5, 526.7, 405.1]",
E711CW,,False,,810,0.94,1,EA,SURFACE CLOSER,"4040XP SCUSH X TBWMS X MTG BRKT, SPCR & PLATE AS REQ",LCN,689,,LCN,Aluminum painted,,810,"[76.0, 407.6, 524.5, 430.1]",
E711CW,,False,,810,0.94,1,EA,KICK PLATE,"8400 10"" X 2"" LDW B-CS",IVE,630,,Ives,Satin stainless steel,,810,"[76.0, 432.5, 520.6, 443.6]",
E711CW,,False,,810,0.94,1,EA,GASKETING,488S PSA H & J,ZER,BK,,Zero International,Black,,810,"[76.0, 446.0, 524.5, 457.1]",
E711W,,False,,810,0.95,3,EA,HINGE,5BB1HW 5 X 4.5,IVE,652,"(PROVIDE NRP @ OUTSWING, LOCKABLE DOORS)",Ives,Satin chrome plated steel,,810,"[76.0, 514.6, 520.6, 548.8]",
E711W,,False,,810,0.95,1,EA,EXIT DEVICE,LD-43-TB-LC-8804 ETJ 26D/32D LENGTH AS REQ,SAR,626,,Sargent,Satin chrome,,810,"[76.0, 551.2, 525.0, 573.7]",
E711W,,False,,810,0.95,1,EA,XT INTELLIGENT KEY SYSTEM CORE,MATCH FACILITY SYSTEM AS REQUIRED,MED,626,,Medeco,Satin chrome,,810,"[76.0, 576.2, 526.7, 598.8]",
E711W,,False,,810,0.95,1,EA,SURFACE CLOSER,"4040XP RW/PA TBWMS X MTG BRKT, SPCR & PLATE AS REQ",LCN,689,,LCN,Aluminum painted,,810,"[76.0, 601.2, 524.5, 623.8]",
E711W,,False,,810,0.95,1,EA,KICK PLATE,"8400 10"" X 2"" LDW B-CS",IVE,630,,Ives,Satin stainless steel,,810,"[76.0, 626.1, 520.6, 637.2]",
E711W,,False,,810,0.95,1,EA,WALL STOP,WS406/407CCV,IVE,630,,Ives,Satin stainless steel,,810,"[76.0, 639.7, 520.6, 650.8]",
E711W,,False,,810,0.95,1,EA,GASKETING,488S PSA H & J,ZER,BK,,Zero International,Black,,810,"[76.0, 653.1, 524.5, 664.2]",
EC201T,,False,,811,0.94,4,EA,HINGE,5BB1 4.5 X 4.5,IVE,652,"(PROVIDE NRP @ OUTSWING, LOCKABLE DOORS)",Ives,Satin chrome plated steel,,811,"[76.0, 115.8, 520.6, 150.0]",
EC201T,,False,,811,0.94,1,EA,POWER TRANSFER,EPT10 CON,VON,689,,Von Duprin,Aluminum painted,,811,"[76.0, 152.3, 526.2, 163.4]",
EC201T,,False,,811,0.94,1,EA,EU MORTISE LOCK,LX-RX-72-8271 LE2J 26D FAIL SECURE,SAR,626,,Sargent,Satin chrome,,811,"[76.0, 165.8, 525.0, 188.5]",
EC201T,,False,,811,0.94,1,EA,XT INTELLIGENT KEY SYSTEM CORE,MATCH FACILITY SYSTEM AS REQUIRED,MED,626,,Medeco,Satin chrome,,811,"[76.0, 190.8, 526.7, 213.4]",
EC201T,,False,,811,0.94,1,EA,SURFACE CLOSER,"4040XP RW/PA TBWMS X MTG BRKT, SPCR & PLATE AS REQ",LCN,689,,LCN,Aluminum painted,,811,"[76.0, 215.9, 524.5, 238.4]",
EC201T,,False,,811,0.94,1,EA,KICK PLATE,"8400 10"" X 2"" LDW B-CS",IVE,630,,Ives,Satin stainless steel,,811,"[76.0, 240.9, 520.6, 252.0]",
EC201T,,False,,811,0.94,1,EA,WALL STOP,WS406/407CCV,IVE,630,,Ives,Satin stainless steel,,811,"[76.0, 254.3, 520.6, 265.4]",
EC201T,,False,,811,0.94,1,EA,GASKETING,488S PSA H & J (USE SILENCERS @ NON-RATED DOORS),ZER,BK,,Zero International,Black,,811,"[76.0, 267.9, 524.5, 290.5]",
EC201T,,False,,811,0.94,1,EA,WIRE HARNESS (IN DOOR),ASSA ABLOY ELECTROLYNX TYPE & LENGTH AS REQ,MCK,,,McKinney,,,811,"[76.0, 292.8, 526.7, 315.5]",
EC201T,,False,,811,0.94,1,EA,WIRE HARNESS (TO POWER SUPPLY),QC-C006 - CONNECTION LEADS,MCK,,,McKinney,,,811,"[76.0, 317.9, 526.7, 340.4]",
EC201T,,False,,811,0.94,1,EA,CREDENTIAL READER,AS SPECIFIED IN DIVISION 28,UNK,,,Unknown,,,811,"[76.0, 342.9, 525.6, 354.0]",
EC201T,,False,,811,0.94,1,EA,DOOR POSITION SWITCH,AS SPECIFIED IN DIVISION 28,B/O,,,By Others,,,811,"[76.0, 356.3, 521.7, 367.4]",
EC201T,,False,,811,0.94,1,EA,POWER SUPPLY,AS SPECIFIED IN DIVISION 28,B/O,,,By Others,,,811,"[76.0, 369.9, 521.7, 381.0]",
EC201TW,,False,,812,0.94,4,EA,HINGE,5BB1HW 5 X 4.5,IVE,652,"(PROVIDE NRP @ OUTSWING, LOCKABLE DOORS)",Ives,Satin chrome plated steel,,812,"[76.0, 115.8, 520.6, 150.0]",
EC201TW,,False,,812,0.94,1,EA,POWER TRANSFER,EPT10 CON,VON,689,,Von Duprin,Aluminum painted,,812,"[76.0, 152.3, 526.2, 163.4]",
EC201TW,,False,,812,0.94,1,EA,EU MORTISE LOCK,LX-RX-72-8271 LE2J 26D FAIL SECURE,SAR,626,,Sargent,Satin chrome,,812,"[76.0, 165.8, 525.0, 188.5]",
EC201TW,,False,,812,0.94,1,EA,XT INTELLIGENT KEY SYSTEM CORE,MATCH FACILITY SYSTEM AS REQUIRED,MED,626,,Medeco,Satin chrome,,812,"[76.0, 190.8, 526.7, 213.4]",
EC201TW,,False,,812,0.94,1,EA,SURFACE CLOSER,"4040XP RW/PA TBWMS X MTG BRKT, SPCR & PLATE AS REQ",LCN,689,,LCN,Aluminum painted,,812,"[76.0, 215.9, 524.5, 238.4]",
EC201TW,,False,,812,0.94,1,EA,KICK PLATE,"8400 10"" X 2"" LDW B-CS",IVE,630,,Ives,Satin stainless steel,,812,"[76.0, 240.9, 520.6, 252.0]",
EC201TW,,False,,812,0.94,1,EA,WALL STOP,WS406/407CCV,IVE,630,,Ives,Satin stainless steel,,812,"[76.0, 254.3, 520.6, 265.4]",
EC201TW,,False,,812,0.94,1,EA,GASKETING,488S PSA H & J (USE SILENCERS @ NON-RATED DOORS),ZER,BK,,Zero International,Black,,812,"[76.0, 267.9, 524.5, 290.5]",
EC201TW,,False,,812,0.94,1,EA,WIRE HARNESS (IN DOOR),ASSA ABLOY ELECTROLYNX TYPE & LENGTH AS REQ,MCK,,,McKinney,,,812,"[76.0, 292.8, 526.7, 315.5]",
EC201TW,,False,,812,0.94,1,EA,WIRE HARNESS (TO POWER SUPPLY),QC-C006 - CONNECTION LEADS,MCK,,,McKinney,,,812,"[76.0, 317.9, 526.7, 340.4]",
EC201TW,,False,,812,0.94,1,EA,CREDENTIAL READER,AS SPECIFIED IN DIVISION 28,UNK,,,Unknown,,,812,"[76.0, 342.9, 525.6, 354.0]",
EC201TW,,False,,812,0.94,1,EA,DOOR POSITION SWITCH,AS SPECIFIED IN DIVISION 28,B/O,,,By Others,,,812,"[76.0, 356.3, 521.7, 367.4]",
EC201TW,,False,,812,0.94,1,EA,POWER SUPPLY,AS SPECIFIED IN DIVISION 28,B/O,,,By Others,,,812,"[76.0, 369.9, 521.7, 381.0]",
FC201,,False,,813,0.94,3,EA,HINGE,5BB1 4.5 X 4.5,IVE,652,"(PROVIDE NRP @ OUTSWING, LOCKABLE DOORS)",Ives,Satin chrome plated steel,,813,"[76.0, 115.8, 520.6, 150.0]",
FC201,,False,,813,0.94,1,EA,POWER TRANSFER,EPT10 CON,VON,689,,Von Duprin,Aluminum painted,,813,"[76.0, 152.3, 526.2, 163.4]",
FC201,,False,,813,0.94,1,EA,EU MORTISE LOCK,LX-RX-64-8271 LE2J 26D FAIL SECURE,SAR,626,,Sargent,Satin chrome,,813,"[76.0, 165.8, 525.0, 188.5]",
FC201,,False,,813,0.94,1,EA,LFIC PERMANENT CORE,MATCH EXISTING KEY SYSTEM,SAR,626,,Sargent,Satin chrome,,813,"[76.0, 190.8, 525.0, 201.9]",
FC201,,False,,813,0.94,1,EA,SURFACE CLOSER,"4040XP RW/PA TBWMS X MTG BRKT, SPCR & PLATE AS REQ",LCN,689,,LCN,Aluminum painted,,813,"[76.0, 204.4, 524.5, 227.0]",
FC201,,False,,813,0.94,1,EA,KICK PLATE,"8400 10"" X 2"" LDW B-CS",IVE,630,,Ives,Satin stainless steel,,813,"[76.0, 229.3, 520.6, 240.4]",
FC201,,False,,813,0.94,1,EA,WALL STOP,WS406/407CCV,IVE,630,,Ives,Satin stainless steel,,813,"[76.0, 242.9, 520.6, 254.0]",
FC201,,False,,813,0.94,1,EA,GASKETING,488S PSA H & J (USE SILENCERS @ NON-RATED DOORS),ZER,BK,,Zero International,Black,,813,"[76.0, 256.4, 524.5, 279.0]",
FC201,,False,,813,0.94,1,EA,WIRE HARNESS (IN DOOR),ASSA ABLOY ELECTROLYNX TYPE & LENGTH AS REQ,MCK,,,McKinney,,,813,"[76.0, 281.3, 526.7, 303.9]",
FC201,,False,,813,0.94,1,EA,WIRE HARNESS (TO POWER SUPPLY),QC-C006 - CONNECTION LEADS,MCK,,,McKinney,,,813,"[76.0, 306.4, 526.7, 329.0]",
FC201,,False,,813,0.94,1,EA,CREDENTIAL READER,AS SPECIFIED IN DIVISION 28,UNK,,,Unknown,,,813,"[76.0, 331.4, 525.6, 342.5]",
FC201,,False,,813,0.94,1,EA,DOOR POSITION SWITCH,AS SPECIFIED IN DIVISION 28,B/O,,,By Others,,,813,"[76.0, 344.8, 521.7, 355.9]",
FC201,,False,,813,0.94,1,EA,POWER SUPPLY,AS SPECIFIED IN DIVISION 28,B/O,,,By Others,,,813,"[76.0, 358.4, 521.7, 369.5]",
FC201AC,,False,,814,0.94,1,EA,CONT. HINGE,112XY EPT,IVE,628,,Ives,"Satin aluminum, clear anodized",,814,"[76.0, 115.8, 520.6, 126.9]",
FC201AC,,False,,814,0.94,1,EA,POWER TRANSFER,EPT10 CON,VON,689,,Von Duprin,Aluminum painted,,814,"[76.0, 129.4, 526.2, 140.5]",
FC201AC,,False,,814,0.94,1,EA,EU MORTISE LOCK,LX-RX-64-8271 LE2J 26D FAIL SECURE,SAR,626,,Sargent,Satin chrome,,814,"[76.0, 142.8, 525.0, 165.4]",
FC201AC,,False,,814,0.94,1,EA,LFIC PERMANENT CORE,MATCH EXISTING KEY SYSTEM,SAR,626,,Sargent,Satin chrome,,814,"[76.0, 167.9, 525.0, 179.0]",
FC201AC,,False,,814,0.94,1,EA,SURFACE CLOSER,"4040XP SCUSH X TBWMS X MTG BRKT, SPCR & PLATE AS REQ",LCN,689,,LCN,Aluminum painted,,814,"[76.0, 181.3, 524.5, 204.0]",
FC201AC,,False,,814,0.94,1,SET,SEAL,PERIMETER SEAL BY FRAME MFR,,,,,,,814,"[76.0, 206.3, 450.8, 217.4]",
FC201AC,,False,,814,0.94,1,EA,WIRE HARNESS (IN DOOR),ASSA ABLOY ELECTROLYNX TYPE & LENGTH AS REQ,MCK,,,McKinney,,,814,"[76.0, 219.8, 526.7, 242.5]",
FC201AC,,False,,814,0.94,1,EA,WIRE HARNESS (TO POWER SUPPLY),QC-C006 - CONNECTION LEADS,MCK,,,McKinney,,,814,"[76.0, 244.8, 526.7, 267.5]",
FC201AC,,False,,814,0.94,1,EA,CREDENTIAL READER,AS SPECIFIED IN DIVISION 28,UNK,,,Unknown,,,814,"[76.0, 269.9, 525.6, 281.0]",
FC201AC,,False,,814,0.94,1,EA,DOOR POSITION SWITCH,AS SPECIFIED IN DIVISION 28,B/O,,,By Others,,,814,"[76.0, 283.4, 521.7, 294.5]",
FC201AC,,False,,814,0.94,1,EA,POWER SUPPLY,AS SPECIFIED IN DIVISION 28,B/O,,,By Others,,,814,"[76.0, 296.9, 521.7, 308.0]",
FC201T,,False,,815,0.94,4,EA,HINGE,5BB1 4.5 X 4.5,IVE,652,"(PROVIDE NRP @ OUTSWING, LOCKABLE DOORS)",Ives,Satin chrome plated steel,,815,"[76.0, 115.8, 520.6, 150.0]",
FC201T,,False,,815,0.94,1,EA,POWER TRANSFER,EPT10 CON,VON,689,,Von Duprin,Aluminum painted,,815,"[76.0, 152.3, 526.2, 163.4]",
FC201T,,False,,815,0.94,1,EA,EU MORTISE LOCK,LX-RX-64-8271 LE2J 26D FAIL SECURE,SAR,626,,Sargent,Satin chrome,,815,"[76.0, 165.8, 525.0, 188.5]",
FC201T,,False,,815,0.94,1,EA,LFIC PERMANENT CORE,MATCH EXISTING KEY SYSTEM,SAR,626,,Sargent,Satin chrome,,815,"[76.0, 190.8, 525.0, 201.9]",
FC201T,,False,,815,0.94,1,EA,SURFACE CLOSER,"4040XP RW/PA TBWMS X MTG BRKT, SPCR & PLATE AS REQ",LCN,689,,LCN,Aluminum painted,,815,"[76.0, 204.4, 524.5, 227.0]",
FC201T,,False,,815,0.94,1,EA,KICK PLATE,"8400 10"" X 2"" LDW B-CS",IVE,630,,Ives,Satin stainless steel,,815,"[76.0, 229.3, 520.6, 240.4]",
FC201T,,False,,815,0.94,1,EA,WALL STOP,WS406/407CCV,IVE,630,,Ives,Satin stainless steel,,815,"[76.0, 242.9, 520.6, 254.0]",
FC201T,,False,,815,0.94,1,EA,GASKETING,488S PSA H & J (USE SILENCERS @ NON-RATED DOORS),ZER,BK,,Zero International,Black,,815,"[76.0, 256.4, 524.5, 279.0]",
FC201T,,False,,815,0.94,1,EA,WIRE HARNESS (IN DOOR),ASSA ABLOY ELECTROLYNX TYPE & LENGTH AS REQ,MCK,,,McKinney,,,815,"[76.0, 281.3, 526.7, 303.9]",
FC201T,,False,,815,0.94,1,EA,WIRE HARNESS (TO POWER SUPPLY),QC-C006 - CONNECTION LEADS,MCK,,,McKinney,,,815,"[76.0, 306.4, 526.7, 329.0]",
FC201T,,False,,815,0.94,1,EA,CREDENTIAL READER,AS SPECIFIED IN DIVISION 28,UNK,,,Unknown,,,815,"[76.0, 331.4, 525.6, 342.5]",
FC201T,,False,,815,0.94,1,EA,DOOR POSITION SWITCH,AS SPECIFIED IN DIVISION 28,B/O,,,By Others,,,815,"[76.0, 344.8, 521.7, 355.9]",
FC201T,,False,,815,0.94,1,EA,POWER SUPPLY,AS SPECIFIED IN DIVISION 28,B/O,,,By Others,,,815,"[76.0, 358.4, 521.7, 369.5]",
FC201TW,,False,,816,0.94,4,EA,HINGE,5BB1HW 5 X 4.5,IVE,652,"(PROVIDE NRP @ OUTSWING, LOCKABLE DOORS)",Ives,Satin chrome plated steel,,816,"[76.0, 115.8, 520.6, 150.0]",
FC201TW,,False,,816,0.94,1,EA,POWER TRANSFER,EPT10 CON,VON,689,,Von Duprin,Aluminum painted,,816,"[76.0, 152.3, 526.2, 163.4]",
FC201TW,,False,,816,0.94,1,EA,EU MORTISE LOCK,LX-RX-64-8271 LE2J 26D FAIL SECURE,SAR,626,,Sargent,Satin chrome,,816,"[76.0, 165.8, 525.0, 188.5]",
FC201TW,,False,,816,0.94,1,EA,LFIC PERMANENT CORE,MATCH EXISTING KEY SYSTEM,SAR,626,,Sargent,Satin chrome,,816,"[76.0, 190.8, 525.0, 201.9]",
FC201TW,,False,,816,0.94,1,EA,SURFACE CLOSER,"4040XP RW/PA TBWMS X MTG BRKT, SPCR & PLATE AS REQ",LCN,689,,LCN,Aluminum painted,,816,"[76.0, 204.4, 524.5, 227.0]",
FC201TW,,False,,816,0.94,1,EA,KICK PLATE,"8400 10"" X 2"" LDW B-CS",IVE,630,,Ives,Satin stainless steel,,816,"[76.0, 229.3, 520.6, 240.4]",
FC201TW,,False,,816,0.94,1,EA,WALL STOP,WS406/407CCV,IVE,630,,Ives,Satin stainless steel,,816,"[76.0, 242.9, 520.6, 254.0]",
FC201TW,,False,,816,0.94,1,EA,GASKETING,488S PSA H & J (USE SILENCERS @ NON-RATED DOORS),ZER,BK,,Zero International,Black,,816,"[76.0, 256.4, 524.5, 279.0]",
FC201TW,,False,,816,0.94,1,EA,WIRE HARNESS (IN DOOR),ASSA ABLOY ELECTROLYNX TYPE & LENGTH AS REQ,MCK,,,McKinney,,,816,"[76.0, 281.3, 526.7, 303.9]",
FC201TW,,False,,816,0.94,1,EA,WIRE HARNESS (TO POWER SUPPLY),QC-C006 - CONNECTION LEADS,MCK,,,McKinney,,,816,"[76.0, 306.4, 526.7, 329.0]",
FC201TW,,False,,816,0.94,1,EA,CREDENTIAL READER,AS SPECIFIED IN DIVISION 28,UNK,,,Unknown,,,816,"[76.0, 331.4, 525.6, 342.5]",
FC201TW,,False,,816,0.94,1,EA,DOOR POSITION SWITCH,AS SPECIFIED IN DIVISION 28,B/O,,,By Others,,,816,"[76.0, 344.8, 521.7, 355.9]",
FC201TW,,False,,816,0.94,1,EA,POWER SUPPLY,AS SPECIFIED IN DIVISION 28,B/O,,,By Others,,,816,"[76.0, 358.4, 521.7, 369.5]",
FC204T,,False,,817,0.95,8,EA,HINGE,5BB1HW 4.5 X 4.5 NRP,IVE,630,,Ives,Satin stainless steel,,817,"[76.0, 115.8, 520.6, 126.9]",
FC204T,,False,,817,0.95,1,EA,POWER TRANSFER,EPT10 CON,VON,689,,Von Duprin,Aluminum painted,,817,"[76.0, 129.4, 526.2, 140.5]",
FC204T,,False,,817,0.95,1,EA,AUTO FLUSH BOLT,FB31P/FB41P AS REQ,IVE,630,,Ives,Satin stainless steel,,817,"[76.0, 142.8, 520.6, 153.9]",
FC204T,,False,,817,0.95,1,EA,DUST PROOF STRIKE,DP2,IVE,626,,Ives,Satin chrome,,817,"[76.0, 156.4, 520.6, 167.5]",
FC204T,,False,,817,0.95,1,EA,EU MORTISE LOCK,LX-RX-64-8271 LE2J 26D FAIL SECURE,SAR,626,,Sargent,Satin chrome,,817,"[76.0, 169.8, 525.0, 192.4]",
FC204T,,False,,817,0.95,1,EA,LFIC PERMANENT CORE,MATCH EXISTING KEY SYSTEM,SAR,626,,Sargent,Satin chrome,,817,"[76.0, 194.9, 525.0, 206.0]",
FC204T,,False,,817,0.95,2,EA,SURFACE CLOSER,"4040XP SCUSH X TBWMS X MTG BRKT, SPCR & PLATE AS REQ",LCN,689,,LCN,Aluminum painted,,817,"[76.0, 208.3, 524.5, 231.0]",
FC204T,,False,,817,0.95,2,EA,KICK PLATE,"8400 10"" X 1"" LDW B-CS",IVE,630,,Ives,Satin stainless steel,,817,"[76.0, 233.3, 520.6, 244.4]",
FC204T,,False,,817,0.95,1,EA,RAIN DRIP,"142AA DW + 4""",ZER,AA,(OMIT @ COVERED OPENINGS),Zero International,Anodized aluminum,,817,"[76.0, 246.9, 524.5, 269.5]",
FC204T,,False,,817,0.95,1,SET,GASKETING,328AA H & J,ZER,AA,,Zero International,Anodized aluminum,,817,"[76.0, 271.8, 524.5, 282.9]",
FC204T,,False,,817,0.95,2,EA,DOOR SWEEP,8198AA,ZER,AA,,Zero International,Anodized aluminum,,817,"[76.0, 285.4, 524.5, 296.5]",
FC204T,,False,,817,0.95,1,EA,THRESHOLD,65A,ZER,A,,Zero International,Anodized aluminum,,817,"[76.0, 298.8, 524.5, 309.9]",
FC204T,,False,,817,0.95,1,EA,WIRE HARNESS (IN DOOR),ASSA ABLOY ELECTROLYNX TYPE & LENGTH AS REQ,MCK,,,McKinney,,,817,"[76.0, 312.4, 526.7, 335.0]",
FC204T,,False,,817,0.95,1,EA,WIRE HARNESS (TO POWER SUPPLY),QC-C006 - CONNECTION LEADS,MCK,,,McKinney,,,817,"[76.0, 337.4, 526.7, 360.0]",
FC204T,,False,,817,0.95,1,EA,CREDENTIAL READER,AS SPECIFIED IN DIVISION 28,UNK,,,Unknown,,,817,"[76.0, 362.3, 525.6, 373.4]",
FC204T,,False,,817,0.95,1,EA,DOOR POSITION SWITCH,AS SPECIFIED IN DIVISION 28,B/O,,,By Others,,,817,"[76.0, 375.9, 521.7, 387.0]",
FC204T,,False,,817,0.95,1,EA,POWER SUPPLY,AS SPECIFIED IN DIVISION 28,B/O,,,By Others,,,817,"[76.0, 389.3, 521.7, 400.4]",
FC205T,,False,,818,0.95,4,EA,HINGE,5BB1HW 4.5 X 4.5 NRP,IVE,630,,Ives,Satin stainless steel,,818,"[76.0, 115.8, 520.6, 126.9]",
FC205T,,False,,818,0.95,1,EA,POWER TRANSFER,EPT10 CON,VON,689,,Von Duprin,Aluminum painted,,818,"[76.0, 129.4, 526.2, 140.5]",
FC205T,,False,,818,0.95,1,EA,EU MORTISE LOCK,LX-RX-64-8271 LE2J 26D FAIL SECURE,SAR,626,,Sargent,Satin chrome,,818,"[76.0, 142.8, 525.0, 165.4]",
FC205T,,False,,818,0.95,1,EA,LFIC PERMANENT CORE,MATCH EXISTING KEY SYSTEM,SAR,626,,Sargent,Satin chrome,,818,"[76.0, 167.9, 525.0, 179.0]",
FC205T,,False,,818,0.95,1,EA,SURFACE CLOSER,"4040XP SCUSH X TBWMS X MTG BRKT, SPCR & PLATE AS REQ",LCN,689,,LCN,Aluminum painted,,818,"[76.0, 181.3, 524.5, 204.0]",
FC205T,,False,,818,0.95,1,EA,KICK PLATE,"8400 10"" X 2"" LDW B-CS",IVE,630,,Ives,Satin stainless steel,,818,"[76.0, 206.3, 520.6, 217.4]",
FC205T,,False,,818,0.95,1,EA,RAIN DRIP,"142AA DW + 4""",ZER,AA,(OMIT @ COVERED OPENINGS),Zero International,Anodized aluminum,,818,"[76.0, 219.8, 524.5, 242.5]",
FC205T,,False,,818,0.95,1,SET,GASKETING,328AA H & J,ZER,AA,,Zero International,Anodized aluminum,,818,"[76.0, 244.8, 524.5, 255.9]",
FC205T,,False,,818,0.95,1,EA,DOOR SWEEP,8198AA,ZER,AA,,Zero International,Anodized aluminum,,818,"[76.0, 258.4, 524.5, 269.5]",
FC205T,,False,,818,0.95,1,EA,THRESHOLD,65A,ZER,A,,Zero International,Anodized aluminum,,818,"[76.0, 271.8, 524.5, 282.9]",
FC205T,,False,,818,0.95,1,EA,WIRE HARNESS (IN DOOR),ASSA ABLOY ELECTROLYNX TYPE & LENGTH AS REQ,MCK,,,McKinney,,,818,"[76.0, 285.4, 526.7, 308.0]",
FC205T,,False,,818,0.95,1,EA,WIRE HARNESS (TO POWER SUPPLY),QC-C006 - CONNECTION LEADS,MCK,,,McKinney,,,818,"[76.0, 310.4, 526.7, 333.0]",
FC205T,,False,,818,0.95,1,EA,CREDENTIAL READER,AS SPECIFIED IN DIVISION 28,UNK,,,Unknown,,,818,"[76.0, 335.3, 525.6, 346.4]",
FC205T,,False,,818,0.95,1,EA,DOOR POSITION SWITCH,AS SPECIFIED IN DIVISION 28,B/O,,,By Others,,,818,"[76.0, 348.9, 521.7, 360.0]",
FC205T,,False,,818,0.95,1,EA,POWER SUPPLY,AS SPECIFIED IN DIVISION 28,B/O,,,By Others,,,818,"[76.0, 362.3, 521.7, 373.4]",
FC205TW,,False,,819,0.95,4,EA,HINGE,5BB1HW 5 X 4.5 NRP,IVE,630,,Ives,Satin stainless steel,,819,"[76.0, 115.8, 520.6, 126.9]",
FC205TW,,False,,819,0.95,1,EA,POWER TRANSFER,EPT10 CON,VON,689,,Von Duprin,Aluminum painted,,819,"[76.0, 129.4, 526.2, 140.5]",
FC205TW,,False,,819,0.95,1,EA,EU MORTISE LOCK,LX-RX-64-8271 LE2J 26D FAIL SECURE,SAR,626,,Sargent,Satin chrome,,819,"[76.0, 142.8, 525.0, 165.4]",
FC205TW,,False,,819,0.95,1,EA,LFIC PERMANENT CORE,MATCH EXISTING KEY SYSTEM,SAR,626,,Sargent,Satin chrome,,819,"[76.0, 167.9, 525.0, 179.0]",
FC205TW,,False,,819,0.95,1,EA,SURFACE CLOSER,"4040XP SCUSH X TBWMS X MTG BRKT, SPCR & PLATE AS REQ",LCN,689,,LCN,Aluminum painted,,819,"[76.0, 181.3, 524.5, 204.0]",
FC205TW,,False,,819,0.95,1,EA,KICK PLATE,"8400 10"" X 2"" LDW B-CS",IVE,630,,Ives,Satin stainless steel,,819,"[76.0, 206.3, 520.6, 217.4]",
FC205TW,,False,,819,0.95,1,EA,RAIN DRIP,"142AA DW + 4""",ZER,AA,(OMIT @ COVERED OPENINGS),Zero International,Anodized aluminum,,819,"[76.0, 219.8, 524.5, 242.5]",
FC205TW,,False,,819,0.95,1,SET,GASKETING,328AA H & J,ZER,AA,,Zero International,Anodized aluminum,,819,"[76.0, 244.8, 524.5, 255.9]",
FC205TW,,False,,819,0.95,1,EA,DOOR SWEEP,8198AA,ZER,AA,,Zero International,Anodized aluminum,,819,"[76.0, 258.4, 524.5, 269.5]",
FC205TW,,False,,819,0.95,1,EA,THRESHOLD,65A,ZER,A,,Zero International,Anodized aluminum,,819,"[76.0, 271.8, 524.5, 282.9]",
FC205TW,,False,,819,0.95,1,EA,WIRE HARNESS (IN DOOR),ASSA ABLOY ELECTROLYNX TYPE & LENGTH AS REQ,MCK,,,McKinney,,,819,"[76.0, 285.4, 526.7, 308.0]",
FC205TW,,False,,819,0.95,1,EA,WIRE HARNESS (TO POWER SUPPLY),QC-C006 - CONNECTION LEADS,MCK,,,McKinney,,,819,"[76.0, 310.4, 526.7, 333.0]",
FC205TW,,False,,819,0.95,1,EA,CREDENTIAL READER,AS SPECIFIED IN DIVISION 28,UNK,,,Unknown,,,819,"[76.0, 335.3, 525.6, 346.4]",
FC205TW,,False,,819,0.95,1,EA,DOOR POSITION SWITCH,AS SPECIFIED IN DIVISION 28,B/O,,,By Others,,,819,"[76.0, 348.9, 521.7, 360.0]",
FC205TW,,False,,819,0.95,1,EA,POWER SUPPLY,AS SPECIFIED IN DIVISION 28,B/O,,,By Others,,,819,"[76.0, 362.3, 521.7, 373.4]",
J200,,False,,820,0.92,2,SET,GATE HINGE/CLOSER,MAMMOTH 180 HINGE & CLOSER W/DINO BOTTOM HINGE (SUPPORTS UP TO 330LBS),LOX,,,Locinox,,,820,"[76.0, 115.8, 524.5, 150.0]",
J200,,False,,820,0.92,1,EA,GATE DROP BOLT,GATE BOLT FOR INACTIVE LEAF BY GATE MFG QTY AS NEEDED,,,,,,,820,"[76.0, 152.3, 442.5, 174.9]",
J200,,False,,820,0.92,1,EA,MORTISE LOCK,64-8204 FEJ 26D STOREROOM FUNCTION,SAR,626,,Sargent,Satin chrome,,820,"[76.0, 177.4, 525.0, 200.0]",
J200,,False,,820,0.92,1,EA,LFIC PERMANENT CORE NOTE,MATCH EXISTING KEY SYSTEM BALANCE OF HARDWARE BY GATE MFR,SAR,626,,Sargent,Satin chrome,,820,"[76.0, 202.3, 525.0, 238.4]",
JC201,,False,,821,0.94,1,SET,GATE HINGE/CLOSER,MAMMOTH 180 HINGE & CLOSER W/DINO BOTTOM HINGE (SUPPORTS UP TO 330LBS),LOX,,,Locinox,,,821,"[76.0, 115.8, 524.5, 150.0]",
JC201,,False,,821,0.94,1,EA,POWER TRANSFER,EPT10 CON,VON,689,,Von Duprin,Aluminum painted,,821,"[76.0, 152.3, 526.2, 163.4]",
JC201,,False,,821,0.94,1,EA,EU MORTISE LOCK,LX-RX-64-8271 LE2J 26D FAIL SECURE,SAR,626,,Sargent,Satin chrome,,821,"[76.0, 165.8, 525.0, 188.5]",
JC201,,False,,821,0.94,1,EA,LFIC PERMANENT CORE,MATCH EXISTING KEY SYSTEM,SAR,626,,Sargent,Satin chrome,,821,"[76.0, 190.8, 525.0, 201.9]",
JC201,,False,,821,0.94,1,EA,WIRE HARNESS (IN DOOR),ASSA ABLOY ELECTROLYNX TYPE & LENGTH AS REQ,MCK,,,McKinney,,,821,"[76.0, 204.4, 526.7, 227.0]",
JC201,,False,,821,0.94,1,EA,WIRE HARNESS (TO POWER SUPPLY),QC-C006 - CONNECTION LEADS,MCK,,,McKinney,,,821,"[76.0, 229.3, 526.7, 252.0]",
JC201,,False,,821,0.94,1,EA,CREDENTIAL READER,AS SPECIFIED IN DIVISION 28,UNK,,,Unknown,,,821,"[76.0, 254.3, 525.6, 265.4]",
JC201,,False,,821,0.94,1,EA,DOOR POSITION SWITCH,AS SPECIFIED IN DIVISION 28,B/O,,,By Others,,,821,"[76.0, 267.9, 521.7, 279.0]",
JC201,,False,,821,0.94,1,EA,POWER SUPPLY NOTE,AS SPECIFIED IN DIVISION 28 BALANCE OF HARDWARE BY GATE MFR,B/O,,,By Others,,,821,"[76.0, 281.3, 521.7, 317.5]",
K201ACTW.1,,False,,821,0.95,1,EA,CONT. HINGE,112XY,IVE,628,,Ives,"Satin aluminum, clear anodized",,821,"[76.0, 530.5, 520.6, 541.6]",
K201ACTW.1,,False,,821,0.95,1,EA,ELECTRONIC PUSH BUTTON LOCK,E5031 R WL,KAB,626,,Kaba,Satin chrome,,821,"[76.0, 544.0, 524.5, 566.6]",
K201ACTW.1,,False,,821,0.95,1,EA,LFIC PERMANENT CORE,MATCH EXISTING KEY SYSTEM,SAR,626,,Sargent,Satin chrome,,821,"[76.0, 569.0, 525.0, 580.1]",
K201ACTW.1,,False,,821,0.95,1,EA,SURFACE CLOSER,"4040XP SCUSH X TBWMS X MTG BRKT, SPCR & PLATE AS REQ",LCN,689,,LCN,Aluminum painted,,821,"[76.0, 582.6, 524.5, 605.2]",
K201ACTW.1,,False,,821,0.95,1,SET,SEAL,PERIMETER SEAL BY FRAME MFR,,,,,,,821,"[76.0, 607.5, 450.8, 618.6]",
K201TW,,False,,822,0.95,4,EA,HINGE,5BB1HW 5 X 4.5,IVE,652,"(PROVIDE NRP @ OUTSWING, LOCKABLE DOORS)",Ives,Satin chrome plated steel,,822,"[76.0, 115.8, 520.6, 150.0]",
K201TW,,False,,822,0.95,1,EA,ELEC CLASSROOM LOCK,CO-100-MS-70-KP-SPA-J 4B BATTERY OPERATED,SCE,626,,Schlage Electronics,Satin chrome,,822,"[76.0, 152.3, 525.0, 174.9]",
K201TW,,False,,822,0.95,1,EA,LFIC PERMANENT CORE,MATCH EXISTING KEY SYSTEM,SAR,626,,Sargent,Satin chrome,,822,"[76.0, 177.4, 525.0, 188.5]",
K201TW,,False,,822,0.95,1,EA,LFIC PERMANENT CORE,MATCH EXISTING KEY SYSTEM,SAR,626,,Sargent,Satin chrome,,822,"[76.0, 190.8, 525.0, 201.9]",
K201TW,,False,,822,0.95,1,EA,SURFACE CLOSER,"4040XP RW/PA TBWMS X MTG BRKT, SPCR & PLATE AS REQ",LCN,689,,LCN,Aluminum painted,,822,"[76.0, 204.4, 524.5, 227.0]",
K201TW,,False,,822,0.95,1,EA,KICK PLATE,"8400 10"" X 2"" LDW B-CS",IVE,630,,Ives,Satin stainless steel,,822,"[76.0, 229.3, 520.6, 240.4]",
K201TW,,False,,822,0.95,1,EA,WALL STOP,WS406/407CCV,IVE,630,,Ives,Satin stainless steel,,822,"[76.0, 242.9, 520.6, 254.0]",
K201TW,,False,,822,0.95,1,EA,GASKETING,488S PSA H & J (USE SILENCERS @ NON-RATED DOORS),ZER,BK,,Zero International,Black,,822,"[76.0, 256.4, 524.5, 279.0]",
NOFP1,,False,,822,0.3,,,,,,,,,,,,,
RD201CT,,False,,822,0.94,4,EA,HINGE,5BB1 4.5 X 4.5,IVE,652,"(PROVIDE NRP @ OUTSWING, LOCKABLE DOORS)",Ives,Satin chrome plated steel,,822,"[76.0, 420.7, 520.6, 454.8]",
RD201CT,,False,,822,0.94,1,EA,MORTISE LOCK,64-8204 FEJ 26D STOREROOM FUNCTION,SAR,626,,Sargent,Satin chrome,,822,"[76.0, 457.1, 525.0, 479.8]",
RD201CT,,False,,822,0.94,1,EA,LFIC PERMANENT CORE,MATCH EXISTING KEY SYSTEM,SAR,626,,Sargent,Satin chrome,,822,"[76.0, 482.2, 525.0, 493.3]",
RD201CT,,False,,822,0.94,1,EA,SURFACE CLOSER,"4040XP SCUSH X TBWMS X MTG BRKT, SPCR & PLATE AS REQ",LCN,689,,LCN,Aluminum painted,,822,"[76.0, 495.7, 524.5, 518.3]",
RD201CT,,False,,822,0.94,1,EA,KICK PLATE,"8400 10"" X 2"" LDW B-CS",IVE,630,,Ives,Satin stainless steel,,822,"[76.0, 520.6, 520.6, 531.7]",
RD201CT,,False,,822,0.94,1,EA,GASKETING,488S PSA H & J (USE SILENCERS @ NON-RATED DOORS),ZER,BK,,Zero International,Black,,822,"[76.0, 534.2, 524.5, 556.8]",
RD201CT,,False,,822,0.94,1,EA,DOOR CONTACT,AS SPECIFIED IN DIVISION 28,SCE,WHT,,Schlage Electronics,White,,822,"[76.0, 559.1, 525.0, 570.2]",
RD201CT,,False,,822,0.94,,EA,REMOTE RELEASE BUTTON,AS SPECIFIED IN DIVISION 28,,,,,,,822,"[107.3, 572.7, 428.2, 595.4]",
V-731CR,,False,,823,0.94,3,EA,HINGE,5BB1HW 4.5 X 4.5,IVE,652,"(PROVIDE NRP @ OUTSWING, LOCKABLE DOORS)",Ives,Satin chrome plated steel,,823,"[76.0, 115.8, 520.6, 150.0]",
V-731CR,,False,,823,0.94,1,EA,FIRE EXIT HARDWARE,99-L-BE-F-03-SNB LENGTH AS REQ,VON,626,,Von Duprin,Satin chrome,,823,"[76.0, 152.3, 526.2, 174.9]",
V-731CR,,False,,823,0.94,1,EA,SURFACE CLOSER,"4040XP SCUSH X TBWMS X MTG BRKT, SPCR & PLATE AS REQ",LCN,689,,LCN,Aluminum painted,,823,"[76.0, 177.4, 524.5, 200.0]",
V-731CR,,False,,823,0.94,1,EA,KICK PLATE,"8400 10"" X 2"" LDW B-CS",IVE,630,,Ives,Satin stainless steel,,823,"[76.0, 202.3, 520.6, 213.4]",
V-731CR,,False,,823,0.94,1,EA,GASKETING,488S PSA H & J,ZER,BK,,Zero International,Black,,823,"[76.0, 215.9, 524.5, 227.0]",
V-731R,,False,,823,0.95,3,EA,HINGE,5BB1HW 4.5 X 4.5,IVE,652,"(PROVIDE NRP @ OUTSWING, LOCKABLE DOORS)",Ives,Satin chrome plated steel,,823,"[76.0, 284.6, 520.6, 318.6]",
V-731R,,False,,823,0.95,1,EA,FIRE EXIT HARDWARE,99-L-BE-F-03-SNB LENGTH AS REQ,VON,626,,Von Duprin,Satin chrome,,823,"[76.0, 321.0, 526.2, 343.7]",
V-731R,,False,,823,0.95,1,EA,SURFACE CLOSER,"4040XP RW/PA TBWMS X MTG BRKT, SPCR & PLATE AS REQ",LCN,689,,LCN,Aluminum painted,,823,"[76.0, 346.0, 524.5, 368.6]",
V-731R,,False,,823,0.95,1,EA,KICK PLATE,"8400 10"" X 2"" LDW B-CS",IVE,630,,Ives,Satin stainless steel,,823,"[76.0, 371.0, 520.6, 382.1]",
V-731R,,False,,823,0.95,1,EA,WALL STOP,WS406/407CCV,IVE,630,,Ives,Satin stainless steel,,823,"[76.0, 384.5, 520.6, 395.6]",
V-731R,,False,,823,0.95,1,EA,GASKETING,488S PSA H & J,ZER,BK,,Zero International,Black,,823,"[76.0, 398.0, 524.5, 409.1]",
XCY710R,,False,,824,0.95,6,EA,HINGE,5BB1HW 4.5 X 4.5,IVE,652,"(PROVIDE NRP @ OUTSWING, LOCKABLE DOORS)",Ives,Satin chrome plated steel,,824,"[76.0, 115.8, 520.6, 150.0]",
XCY710R,,False,,824,0.95,2,EA,POWER TRANSFER,EPT10 CON,VON,689,,Von Duprin,Aluminum painted,,824,"[76.0, 152.3, 526.2, 163.4]",
XCY710R,,False,,824,0.95,2,EA,DELAYED EGRESS PANIC DEVICE,12-43-59-TB-LC-8674 ETJ 106 26D/32D LENGTH AND HEIGHT AS REQ,SAR,626,,Sargent,Satin chrome,,824,"[76.0, 165.8, 525.0, 200.0]",
XCY710R,,False,,824,0.95,4,EA,CYLINDER,AS REQUIRED,SAR,626,,Sargent,Satin chrome,,824,"[76.0, 202.3, 525.0, 213.4]",
XCY710R,,False,,824,0.95,4,EA,LFIC PERMANENT CORE,MATCH EXISTING KEY SYSTEM,SAR,626,,Sargent,Satin chrome,,824,"[76.0, 215.9, 525.0, 227.0]",
XCY710R,,False,,824,0.95,2,EA,SURFACE CLOSER,"4040XP RW/PA TBWMS X MTG BRKT, SPCR & PLATE AS REQ",LCN,689,,LCN,Aluminum painted,,824,"[76.0, 229.3, 524.5, 252.0]",
XCY710R,,False,,824,0.95,2,EA,KICK PLATE,"8400 10"" X 1"" LDW B-CS",IVE,630,,Ives,Satin stainless steel,,824,"[76.0, 254.3, 520.6, 265.4]",
XCY710R,,False,,824,0.95,2,EA,WALL STOP,WS406/407CCV,IVE,630,,Ives,Satin stainless steel,,824,"[76.0, 267.9, 520.6, 279.0]",
XCY710R,,False,,824,0.95,1,EA,GASKETING,488S PSA H & J,ZER,BK,,Zero International,Black,,824,"[76.0, 281.3, 524.5, 292.4]",
XCY710R,,False,,824,0.95,1,SET,MEETING STILE,8193AA (2 PCS - 1 SET),ZER,AA,,Zero International,Anodized aluminum,,824,"[76.0, 294.9, 524.5, 306.0]",
XCY710R,,False,,824,0.95,2,EA,WIRE HARNESS (IN DOOR),ASSA ABLOY ELECTROLYNX TYPE & LENGTH AS REQ,MCK,,,McKinney,,,824,"[76.0, 308.3, 526.7, 330.9]",
XCY710R,,False,,824,0.95,2,EA,WIRE HARNESS (TO POWER SUPPLY),QC-C006 - CONNECTION LEADS,MCK,,,McKinney,,,824,"[76.0, 333.4, 526.7, 355.9]",
XCY710R,,False,,824,0.95,2,EA,CREDENTIAL READER,AS SPECIFIED IN DIVISION 28,UNK,,,Unknown,,,824,"[76.0, 358.4, 525.6, 369.5]",
XCY710R,,False,,824,0.95,2,EA,DOOR POSITION SWITCH,AS SPECIFIED IN DIVISION 28,B/O,,,By Others,,,824,"[76.0, 371.8, 521.7, 382.9]",
XCY710R,,False,,824,0.95,1,EA,POWER SUPPLY,AS SPECIFIED IN DIVISION 28,B/O,,,By Others,,,824,"[76.0, 385.4, 521.7, 396.5]",
XCY710RT,,False,,825,0.95,8,EA,HINGE,5BB1HW 4.5 X 4.5,IVE,652,"(PROVIDE NRP @ OUTSWING, LOCKABLE DOORS)",Ives,Satin chrome plated steel,,825,"[76.0, 115.8, 520.6, 150.0]",
XCY710RT,,False,,825,0.95,2,EA,POWER TRANSFER,EPT10 CON,VON,689,,Von Duprin,Aluminum painted,,825,"[76.0, 152.3, 526.2, 163.4]",
XCY710RT,,False,,825,0.95,2,EA,DELAYED EGRESS PANIC DEVICE,12-43-59-TB-LC-8674 ETJ 106 26D/32D LENGTH AND HEIGHT AS REQ,SAR,626,,Sargent,Satin chrome,,825,"[76.0, 165.8, 525.0, 200.0]",
XCY710RT,,False,,825,0.95,4,EA,CYLINDER,AS REQUIRED,SAR,626,,Sargent,Satin chrome,,825,"[76.0, 202.3, 525.0, 213.4]",
XCY710RT,,False,,825,0.95,4,EA,LFIC PERMANENT CORE,MATCH EXISTING KEY SYSTEM,SAR,626,,Sargent,Satin chrome,,825,"[76.0, 215.9, 525.0, 227.0]",
XCY710RT,,False,,825,0.95,2,EA,SURFACE CLOSER,"4040XP RW/PA TBWMS X MTG BRKT, SPCR & PLATE AS REQ",LCN,689,,LCN,Aluminum painted,,825,"[76.0, 229.3, 524.5, 252.0]",
XCY710RT,,False,,825,0.95,2,EA,KICK PLATE,"8400 10"" X 1"" LDW B-CS",IVE,630,,Ives,Satin stainless steel,,825,"[76.0, 254.3, 520.6, 265.4]",
XCY710RT,,False,,825,0.95,2,EA,WALL STOP,WS406/407CCV,IVE,630,,Ives,Satin stainless steel,,825,"[76.0, 267.9, 520.6, 279.0]",
XCY710RT,,False,,825,0.95,1,EA,GASKETING,488S PSA H & J,ZER,BK,,Zero International,Black,,825,"[76.0, 281.3, 524.5, 292.4]",
XCY710RT,,False,,825,0.95,1,SET,MEETING STILE,8193AA (2 PCS - 1 SET),ZER,AA,,Zero International,Anodized aluminum,,825,"[76.0, 294.9, 524.5, 306.0]",
XCY710RT,,False,,825,0.95,2,EA,WIRE HARNESS (IN DOOR),ASSA ABLOY ELECTROLYNX TYPE & LENGTH AS REQ,MCK,,,McKinney,,,825,"[76.0, 308.3, 526.7, 330.9]",
XCY710RT,,False,,825,0.95,2,EA,WIRE HARNESS (TO POWER SUPPLY),QC-C006 - CONNECTION LEADS,MCK,,,McKinney,,,825,"[76.0, 333.4, 526.7, 355.9]",
XCY710RT,,False,,825,0.95,2,EA,CREDENTIAL READER,AS SPECIFIED IN DIVISION 28,UNK,,,Unknown,,,825,"[76.0, 358.4, 525.6, 369.5]",
XCY710RT,,False,,825,0.95,2,EA,DOOR POSITION SWITCH,AS SPECIFIED IN DIVISION 28,B/O,,,By Others,,,825,"[76.0, 371.8, 521.7, 382.9]",
XCY710RT,,False,,825,0.95,1,EA,POWER SUPPLY,AS SPECIFIED IN DIVISION 28,B/O,,,By Others,,,825,"[76.0, 385.4, 521.7, 396.5]",
XCY711CR,,False,,826,0.95,4,EA,HINGE,5BB1HW 4.5 X 4.5,IVE,652,"(PROVIDE NRP @ OUTSWING, LOCKABLE DOORS)",Ives,Satin chrome plated steel,,826,"[76.0, 115.8, 520.6, 150.0]",
XCY711CR,,False,,826,0.95,1,EA,POWER TRANSFER,EPT10 CON,VON,689,,Von Duprin,Aluminum painted,,826,"[76.0, 152.3, 526.2, 163.4]",
XCY711CR,,False,,826,0.95,1,EA,DELAYED EGRESS PANIC DEVICE,12-42-59-TB-LC-8876 ETJ 26D/32D LENGTH AS REQ,SAR,626,,Sargent,Satin chrome,,826,"[76.0, 165.8, 525.0, 188.5]",
XCY711CR,,False,,826,0.95,1,EA,_CYLINDER,AS REQUIRED,SAR,626,,Sargent,Satin chrome,,826,"[76.0, 190.8, 525.0, 201.9]",
XCY711CR,,False,,826,0.95,1,EA,CYLINDER,AS REQUIRED,SAR,626,,Sargent,Satin chrome,,826,"[76.0, 204.4, 525.0, 215.5]",
XCY711CR,,False,,826,0.95,2,EA,LFIC PERMANENT CORE,MATCH EXISTING KEY SYSTEM,SAR,626,,Sargent,Satin chrome,,826,"[76.0, 217.8, 525.0, 228.9]",
XCY711CR,,False,,826,0.95,1,EA,SURFACE CLOSER,"4040XP SCUSH X TBWMS X MTG BRKT, SPCR & PLATE AS REQ",LCN,689,,LCN,Aluminum painted,,826,"[76.0, 231.4, 524.5, 254.0]",
XCY711CR,,False,,826,0.95,1,EA,KICK PLATE,"8400 10"" X 2"" LDW B-CS",IVE,630,,Ives,Satin stainless steel,,826,"[76.0, 256.4, 520.6, 267.5]",
XCY711CR,,False,,826,0.95,1,EA,GASKETING,488S PSA H & J (USE SILENCERS @ NON-RATED DOORS),ZER,BK,,Zero International,Black,,826,"[76.0, 269.9, 524.5, 292.4]",
XCY711CR,,False,,826,0.95,1,EA,WIRE HARNESS (IN DOOR),ASSA ABLOY ELECTROLYNX TYPE & LENGTH AS REQ,MCK,,,McKinney,,,826,"[76.0, 294.9, 526.7, 317.5]",
XCY711CR,,False,,826,0.95,1,EA,WIRE HARNESS (TO POWER SUPPLY),QC-C006 - CONNECTION LEADS,MCK,,,McKinney,,,826,"[76.0, 319.8, 526.7, 342.5]",
XCY711CR,,False,,826,0.95,2,EA,CREDENTIAL READER,AS SPECIFIED IN DIVISION 28,UNK,,,Unknown,,,826,"[76.0, 344.8, 525.6, 355.9]",
XCY711CR,,False,,826,0.95,1,EA,DOOR POSITION SWITCH,AS SPECIFIED IN DIVISION 28,B/O,,,By Others,,,826,"[76.0, 358.4, 521.7, 369.5]",
XCY711CR,,False,,826,0.95,1,EA,POWER SUPPLY,AS SPECIFIED IN DIVISION 28,B/O,,,By Others,,,826,"[76.0, 371.8, 521.7, 382.9]",
XCY711CRW,,False,,827,0.95,3,EA,HINGE,5BB1HW 5 X 4.5 NRP,IVE,630,,Ives,Satin stainless steel,,827,"[76.0, 115.8, 520.6, 126.9]",
XCY711CRW,,False,,827,0.95,1,EA,POWER TRANSFER,EPT10 CON,VON,689,,Von Duprin,Aluminum painted,,827,"[76.0, 129.4, 526.2, 140.5]",
XCY711CRW,,False,,827,0.95,1,EA,DELAYED EGRESS PANIC DEVICE,12-43-59-TB-LC-8674 ETJ 106 26D/32D LENGTH AND HEIGHT AS REQ,SAR,626,,Sargent,Satin chrome,,827,"[76.0, 142.8, 525.0, 177.0]",
XCY711CRW,,False,,827,0.95,2,EA,CYLINDER,AS REQUIRED,SAR,626,,Sargent,Satin chrome,,827,"[76.0, 179.3, 525.0, 190.4]",
XCY711CRW,,False,,827,0.95,2,EA,LFIC PERMANENT CORE,MATCH EXISTING KEY SYSTEM,SAR,626,,Sargent,Satin chrome,,827,"[76.0, 192.8, 525.0, 204.0]",
XCY711CRW,,False,,827,0.95,1,EA,SURFACE CLOSER,"4040XP SCUSH X TBWMS X MTG BRKT, SPCR & PLATE AS REQ",LCN,689,,LCN,Aluminum painted,,827,"[76.0, 206.3, 524.5, 228.9]",
XCY711CRW,,False,,827,0.95,1,EA,KICK PLATE,"8400 10"" X 2"" LDW B-CS",IVE,630,,Ives,Satin stainless steel,,827,"[76.0, 231.4, 520.6, 242.5]",
XCY711CRW,,False,,827,0.95,1,EA,GASKETING,488S PSA H & J (USE SILENCERS @ NON-RATED DOORS),ZER,BK,,Zero International,Black,,827,"[76.0, 244.8, 524.5, 267.5]",
XCY711CRW,,False,,827,0.95,1,EA,WIRE HARNESS (IN DOOR),ASSA ABLOY ELECTROLYNX TYPE & LENGTH AS REQ,MCK,,,McKinney,,,827,"[76.0, 269.9, 526.7, 292.4]",
XCY711CRW,,False,,827,0.95,1,EA,WIRE HARNESS (TO POWER SUPPLY),QC-C006 - CONNECTION LEADS,MCK,,,McKinney,,,827,"[76.0, 294.9, 526.7, 317.5]",
XCY711CRW,,False,,827,0.95,2,EA,CREDENTIAL READER,AS SPECIFIED IN DIVISION 28,UNK,,,Unknown,,,827,"[76.0, 319.8, 525.6, 330.9]",
XCY711CRW,,False,,827,0.95,1,EA,DOOR POSITION SWITCH,AS SPECIFIED IN DIVISION 28,B/O,,,By Others,,,827,"[76.0, 333.4, 521.7, 344.5]",
XCY711CRW,,False,,827,0.95,1,EA,POWER SUPPLY,AS SPECIFIED IN DIVISION 28,B/O,,,By Others,,,827,"[76.0, 346.8, 521.7, 357.9]",
XCY711RW,,False,,828,0.95,3,EA,HINGE,5BB1HW 5 X 4.5 NRP,IVE,630,,Ives,Satin stainless steel,,828,"[76.0, 115.8, 520.6, 126.9]",
XCY711RW,,False,,828,0.95,1,EA,POWER TRANSFER,EPT10 CON,VON,689,,Von Duprin,Aluminum painted,,828,"[76.0, 129.4, 526.2, 140.5]",
XCY711RW,,False,,828,0.95,1,EA,DELAYED EGRESS PANIC DEVICE,12-43-59-TB-LC-8674 ETJ 106 26D/32D LENGTH AND HEIGHT AS REQ,SAR,626,,Sargent,Satin chrome,,828,"[76.0, 142.8, 525.0, 177.0]",
XCY711RW,,False,,828,0.95,2,EA,CYLINDER,AS REQUIRED,SAR,626,,Sargent,Satin chrome,,828,"[76.0, 179.3, 525.0, 190.4]",
XCY711RW,,False,,828,0.95,2,EA,LFIC PERMANENT CORE,MATCH EXISTING KEY SYSTEM,SAR,626,,Sargent,Satin chrome,,828,"[76.0, 192.8, 525.0, 204.0]",
XCY711RW,,False,,828,0.95,1,EA,SURFACE CLOSER,"4040XP RW/PA TBWMS X MTG BRKT, SPCR & PLATE AS REQ",LCN,689,,LCN,Aluminum painted,,828,"[76.0, 206.3, 524.5, 228.9]",
XCY711RW,,False,,828,0.95,1,EA,KICK PLATE,"8400 10"" X 2"" LDW B-CS",IVE,630,,Ives,Satin stainless steel,,828,"[76.0, 231.4, 520.6, 242.5]",
XCY711RW,,False,,828,0.95,1,EA,WALL STOP,WS406/407CCV,IVE,630,,Ives,Satin stainless steel,,828,"[76.0, 244.8, 520.6, 255.9]",
XCY711RW,,False,,828,0.95,1,EA,GASKETING,488S PSA H & J (USE SILENCERS @ NON-RATED DOORS),ZER,BK,,Zero International,Black,,828,"[76.0, 258.4, 524.5, 281.0]",
XCY711RW,,False,,828,0.95,1,EA,WIRE HARNESS (IN DOOR),ASSA ABLOY ELECTROLYNX TYPE & LENGTH AS REQ,MCK,,,McKinney,,,828,"[76.0, 283.4, 526.7, 306.0]",
XCY711RW,,False,,828,0.95,1,EA,WIRE HARNESS (TO POWER SUPPLY),QC-C006 - CONNECTION LEADS,MCK,,,McKinney,,,828,"[76.0, 308.3, 526.7, 330.9]",
XCY711RW,,False,,828,0.95,2,EA,CREDENTIAL READER,AS SPECIFIED IN DIVISION 28,UNK,,,Unknown,,,828,"[76.0, 333.4, 525.6, 344.5]",
XCY711RW,,False,,828,0.95,1,EA,DOOR POSITION SWITCH,AS SPECIFIED IN DIVISION 28,B/O,,,By Others,,,828,"[76.0, 346.8, 521.7, 357.9]",
XCY711RW,,False,,828,0.95,1,EA,POWER SUPPLY,AS SPECIFIED IN DIVISION 28,B/O,,,By Others,,,828,"[76.0, 360.4, 521.7, 371.5]",
XCY714,,False,,829,0.95,6,EA,HINGE,5BB1HW 4.5 X 4.5 NRP,IVE,630,,Ives,Satin stainless steel,,829,"[76.0, 115.8, 520.6, 126.9]",
XCY714,,False,,829,0.95,2,EA,POWER TRANSFER,EPT10 CON,VON,689,,Von Duprin,Aluminum painted,,829,"[76.0, 129.4, 526.2, 140.5]",
XCY714,,False,,829,0.95,2,EA,DELAYED EGRESS PANIC DEVICE,LD-43-59-TB-LC-8674 ETJ 106 26D/32D LENGTH & HEIGHT AS REQ,SAR,626,,Sargent,Satin chrome,,829,"[76.0, 142.8, 525.0, 177.0]",
XCY714,,False,,829,0.95,4,EA,CYLINDER,AS REQUIRED,SAR,626,,Sargent,Satin chrome,,829,"[76.0, 179.3, 525.0, 190.4]",
XCY714,,False,,829,0.95,4,EA,LFIC PERMANENT CORE,MATCH EXISTING KEY SYSTEM,SAR,626,,Sargent,Satin chrome,,829,"[76.0, 192.8, 525.0, 204.0]",
XCY714,,False,,829,0.95,2,EA,SURFACE CLOSER,"4040XP SCUSH X TBWMS X MTG BRKT, SPCR & PLATE AS REQ",LCN,689,,LCN,Aluminum painted,,829,"[76.0, 206.3, 524.5, 228.9]",
XCY714,,False,,829,0.95,2,EA,KICK PLATE,"8400 10"" X 1"" LDW B-CS",IVE,630,,Ives,Satin stainless steel,,829,"[76.0, 231.4, 520.6, 242.5]",
XCY714,,False,,829,0.95,1,EA,RAIN DRIP,"142AA DW + 4""",ZER,AA,(OMIT @ COVERED OPENINGS),Zero International,Anodized aluminum,,829,"[76.0, 244.8, 524.5, 267.5]",
XCY714,,False,,829,0.95,1,SET,GASKETING,328AA H & J,ZER,AA,,Zero International,Anodized aluminum,,829,"[76.0, 269.9, 524.5, 281.0]",
XCY714,,False,,829,0.95,1,SET,MEETING STILE,8193AA (2 PCS - 1 SET),ZER,AA,,Zero International,Anodized aluminum,,829,"[76.0, 283.4, 524.5, 294.5]",
XCY714,,False,,829,0.95,2,EA,DOOR SWEEP,8198AA,ZER,AA,,Zero International,Anodized aluminum,,829,"[76.0, 296.9, 524.5, 308.0]",
XCY714,,False,,829,0.95,1,EA,THRESHOLD,655A,ZER,A,,Zero International,Anodized aluminum,,829,"[76.0, 310.4, 524.5, 321.5]",
XCY714,,False,,829,0.95,2,EA,WIRE HARNESS (IN DOOR),ASSA ABLOY ELECTROLYNX TYPE & LENGTH AS REQ,MCK,,,McKinney,,,829,"[76.0, 323.9, 526.7, 346.4]",
XCY714,,False,,829,0.95,2,EA,WIRE HARNESS (TO POWER SUPPLY),QC-C006 - CONNECTION LEADS,MCK,,,McKinney,,,829,"[76.0, 348.9, 526.7, 371.5]",
XCY714,,False,,829,0.95,2,EA,CREDENTIAL READER,AS SPECIFIED IN DIVISION 28,UNK,,,Unknown,,,829,"[76.0, 373.8, 525.6, 384.9]",
XCY714,,False,,829,0.95,2,EA,DOOR POSITION SWITCH,AS SPECIFIED IN DIVISION 28,B/O,,,By Others,,,829,"[76.0, 387.4, 521.7, 398.5]",
XCY714,,False,,829,0.95,1,EA,POWER SUPPLY,AS SPECIFIED IN DIVISION 28,B/O,,,By Others,,,829,"[76.0, 400.8, 521.7, 411.9]",
XCY714ETW,,False,,830,0.96,8,EA,HINGE,5BB1HW 5 X 4.5 NRP,IVE,630,,Ives,Satin stainless steel,,830,"[76.0, 115.8, 520.6, 126.9]",
XCY714ETW,,False,,830,0.96,2,EA,POWER TRANSFER,EPT10 CON,VON,689,,Von Duprin,Aluminum painted,,830,"[76.0, 129.4, 526.2, 140.5]",
XCY714ETW,,False,,830,0.96,2,EA,DELAYED EGRESS PANIC DEVICE,LD-43-59-TB-LC-8674 ETJ 106 26D/32D LENGTH & HEIGHT AS REQ,SAR,626,,Sargent,Satin chrome,,830,"[76.0, 142.8, 525.0, 177.0]",
XCY714ETW,,False,,830,0.96,4,EA,CYLINDER,AS REQUIRED,SAR,626,,Sargent,Satin chrome,,830,"[76.0, 179.3, 525.0, 190.4]",
XCY714ETW,,False,,830,0.96,4,EA,LFIC PERMANENT CORE,MATCH EXISTING KEY SYSTEM,SAR,626,,Sargent,Satin chrome,,830,"[76.0, 192.8, 525.0, 204.0]",
XCY714ETW,,False,,830,0.96,2,EA,SURFACE CLOSER,"4040XP EDA TBWMS X MTG BRKT, SPCR & PLATE AS REQ",LCN,689,,LCN,Aluminum painted,,830,"[76.0, 206.3, 524.5, 228.9]",
XCY714ETW,,False,,830,0.96,2,EA,KICK PLATE,"8400 10"" X 1"" LDW B-CS",IVE,630,,Ives,Satin stainless steel,,830,"[76.0, 231.4, 520.6, 242.5]",
XCY714ETW,,False,,830,0.96,2,EA,WALL STOP,WS33,IVE,626,,Ives,Satin chrome,,830,"[76.0, 244.8, 520.6, 255.9]",
XCY714ETW,,False,,830,0.96,1,EA,RAIN DRIP,"142AA DW + 4""",ZER,AA,(OMIT @ COVERED OPENINGS),Zero International,Anodized aluminum,,830,"[76.0, 258.4, 524.5, 281.0]",
XCY714ETW,,False,,830,0.96,1,SET,GASKETING,328AA H & J,ZER,AA,,Zero International,Anodized aluminum,,830,"[76.0, 283.4, 524.5, 294.5]",
XCY714ETW,,False,,830,0.96,1,SET,MEETING STILE,8193AA (2 PCS - 1 SET),ZER,AA,,Zero International,Anodized aluminum,,830,"[76.0, 296.9, 524.5, 308.0]",
XCY714ETW,,False,,830,0.96,2,EA,DOOR SWEEP,8198AA,ZER,AA,,Zero International,Anodized aluminum,,830,"[76.0, 310.4, 524.5, 321.5]",
XCY714ETW,,False,,830,0.96,1,EA,THRESHOLD,655A,ZER,A,,Zero International,Anodized aluminum,,830,"[76.0, 323.9, 524.5, 335.0]",
XCY714ETW,,False,,830,0.96,2,EA,WIRE HARNESS (IN DOOR),ASSA ABLOY ELECTROLYNX TYPE & LENGTH AS REQ,MCK,,,McKinney,,,830,"[76.0, 337.4, 526.7, 360.0]",
XCY714ETW,,False,,830,0.96,2,EA,WIRE HARNESS (TO POWER SUPPLY),QC-C006 - CONNECTION LEADS,MCK,,,McKinney,,,830,"[76.0, 362.3, 526.7, 384.9]",
XCY714ETW,,False,,830,0.96,2,EA,CREDENTIAL READER,AS SPECIFIED IN DIVISION 28,UNK,,,Unknown,,,830,"[76.0, 387.4, 525.6, 398.5]",
XCY714ETW,,False,,830,0.96,2,EA,DOOR POSITION SWITCH,AS SPECIFIED IN DIVISION 28,B/O,,,By Others,,,830,"[76.0, 400.8, 521.7, 411.9]",
XCY714ETW,,False,,830,0.96,1,EA,POWER SUPPLY,AS SPECIFIED IN DIVISION 28,B/O,,,By Others,,,830,"[76.0, 414.4, 521.7, 425.5]",
XCY714TW,,False,,831,0.95,8,EA,HINGE,5BB1HW 5 X 4.5 NRP,IVE,630,,Ives,Satin stainless steel,,831,"[76.0, 115.8, 520.6, 126.9]",
XCY714TW,,False,,831,0.95,2,EA,POWER TRANSFER,EPT10 CON,VON,689,,Von Duprin,Aluminum painted,,831,"[76.0, 129.4, 526.2, 140.5]",
XCY714TW,,False,,831,0.95,2,EA,DELAYED EGRESS PANIC DEVICE,LD-43-59-TB-LC-8674 ETJ 106 26D/32D LENGTH & HEIGHT AS REQ,SAR,626,,Sargent,Satin chrome,,831,"[76.0, 142.8, 525.0, 177.0]",
XCY714TW,,False,,831,0.95,4,EA,CYLINDER,AS REQUIRED,SAR,626,,Sargent,Satin chrome,,831,"[76.0, 179.3, 525.0, 190.4]",
XCY714TW,,False,,831,0.95,4,EA,LFIC PERMANENT CORE,MATCH EXISTING KEY SYSTEM,SAR,626,,Sargent,Satin chrome,,831,"[76.0, 192.8, 525.0, 204.0]",
XCY714TW,,False,,831,0.95,2,EA,SURFACE CLOSER,"4040XP SCUSH X TBWMS X MTG BRKT, SPCR & PLATE AS REQ",LCN,689,,LCN,Aluminum painted,,831,"[76.0, 206.3, 524.5, 228.9]",
XCY714TW,,False,,831,0.95,2,EA,KICK PLATE,"8400 10"" X 1"" LDW B-CS",IVE,630,,Ives,Satin stainless steel,,831,"[76.0, 231.4, 520.6, 242.5]",
XCY714TW,,False,,831,0.95,1,EA,RAIN DRIP,"142AA DW + 4""",ZER,AA,(OMIT @ COVERED OPENINGS),Zero International,Anodized aluminum,,831,"[76.0, 244.8, 524.5, 267.5]",
XCY714TW,,False,,831,0.95,1,SET,GASKETING,328AA H & J,ZER,AA,,Zero International,Anodized aluminum,,831,"[76.0, 269.9, 524.5, 281.0]",
XCY714TW,,False,,831,0.95,1,SET,MEETING STILE,8193AA (2 PCS - 1 SET),ZER,AA,,Zero International,Anodized aluminum,,831,"[76.0, 283.4, 524.5, 294.5]",
XCY714TW,,False,,831,0.95,2,EA,DOOR SWEEP,8198AA,ZER,AA,,Zero International,Anodized aluminum,,831,"[76.0, 296.9, 524.5, 308.0]",
XCY714TW,,False,,831,0.95,1,EA,THRESHOLD,655A,ZER,A,,Zero International,Anodized aluminum,,831,"[76.0, 310.4, 524.5, 321.5]",
XCY714TW,,False,,831,0.95,2,EA,WIRE HARNESS (IN DOOR),ASSA ABLOY ELECTROLYNX TYPE & LENGTH AS REQ,MCK,,,McKinney,,,831,"[76.0, 323.9, 526.7, 346.4]",
XCY714TW,,False,,831,0.95,2,EA,WIRE HARNESS (TO POWER SUPPLY),QC-C006 - CONNECTION LEADS,MCK,,,McKinney,,,831,"[76.0, 348.9, 526.7, 371.5]",
XCY714TW,,False,,831,0.95,2,EA,CREDENTIAL READER,AS SPECIFIED IN DIVISION 28,UNK,,,Unknown,,,831,"[76.0, 373.8, 525.6, 384.9]",
XCY714TW,,False,,831,0.95,2,EA,DOOR POSITION SWITCH,AS SPECIFIED IN DIVISION 28,B/O,,,By Others,,,831,"[76.0, 387.4, 521.7, 398.5]",
XCY714TW,,False,,831,0.95,1,EA,POWER SUPPLY,AS SPECIFIED IN DIVISION 28,B/O,,,By Others,,,831,"[76.0, 400.8, 521.7, 411.9]",
XCY715A,,False,,832,0.95,1,EA,CONT. HINGE,112XY EPT,IVE,628,,Ives,"Satin aluminum, clear anodized",,832,"[76.0, 115.8, 520.6, 126.9]",
XCY715A,,False,,832,0.95,1,EA,POWER TRANSFER,EPT10 CON,VON,689,,Von Duprin,Aluminum painted,,832,"[76.0, 129.4, 526.2, 140.5]",
XCY715A,,False,,832,0.95,1,EA,DELAYED EGRESS PANIC DEVICE,12-42-59-TB-LC-8876 ETJ 26D/32D LENGTH AS REQ,SAR,626,,Sargent,Satin chrome,,832,"[76.0, 142.8, 525.0, 165.4]",
XCY715A,,False,,832,0.95,1,EA,_CYLINDER,AS REQUIRED,SAR,626,,Sargent,Satin chrome,,832,"[76.0, 167.9, 525.0, 179.0]",
XCY715A,,False,,832,0.95,1,EA,CYLINDER,AS REQUIRED,SAR,626,,Sargent,Satin chrome,,832,"[76.0, 181.3, 525.0, 192.4]",
XCY715A,,False,,832,0.95,2,EA,LFIC PERMANENT CORE,MATCH EXISTING KEY SYSTEM,SAR,626,,Sargent,Satin chrome,,832,"[76.0, 194.9, 525.0, 206.0]",
XCY715A,,False,,832,0.95,1,EA,SURFACE CLOSER,"4040XP SCUSH X TBWMS X MTG BRKT, SPCR & PLATE AS REQ",LCN,689,,LCN,Aluminum painted,,832,"[76.0, 208.3, 524.5, 231.0]",
XCY715A,,False,,832,0.95,1,EA,RAIN DRIP,"142AA DW + 4""",ZER,AA,(OMIT @ COVERED OPENINGS),Zero International,Anodized aluminum,,832,"[76.0, 233.3, 524.5, 255.9]",
XCY715A,,False,,832,0.95,1,SET,SEAL,PERIMETER SEAL BY FRAME MFR,,,,,,,832,"[76.0, 258.4, 450.8, 269.5]",
XCY715A,,False,,832,0.95,1,EA,DOOR SWEEP,8198AA,ZER,AA,,Zero International,Anodized aluminum,,832,"[76.0, 271.8, 524.5, 282.9]",
XCY715A,,False,,832,0.95,1,EA,THRESHOLD,65A,ZER,A,,Zero International,Anodized aluminum,,832,"[76.0, 285.4, 524.5, 296.5]",
XCY715A,,False,,832,0.95,1,EA,WIRE HARNESS (IN DOOR),ASSA ABLOY ELECTROLYNX TYPE & LENGTH AS REQ,MCK,,,McKinney,,,832,"[76.0, 298.8, 526.7, 321.5]",
XCY715A,,False,,832,0.95,1,EA,WIRE HARNESS (TO POWER SUPPLY),QC-C006 - CONNECTION LEADS,MCK,,,McKinney,,,832,"[76.0, 323.9, 526.7, 346.4]",
XCY715A,,False,,832,0.95,2,EA,CREDENTIAL READER,AS SPECIFIED IN DIVISION 28,UNK,,,Unknown,,,832,"[76.0, 348.9, 525.6, 360.0]",
XCY715A,,False,,832,0.95,1,EA,DOOR POSITION SWITCH,AS SPECIFIED IN DIVISION 28,B/O,,,By Others,,,832,"[76.0, 362.3, 521.7, 373.4]",
XCY715A,,False,,832,0.95,1,EA,POWER SUPPLY,AS SPECIFIED IN DIVISION 28,B/O,,,By Others,,,832,"[76.0, 375.9, 521.7, 387.0]",
XCY715TW,,False,,833,0.95,4,EA,HINGE,5BB1HW 5 X 4.5 NRP,IVE,630,,Ives,Satin stainless steel,,833,"[76.0, 115.8, 520.6, 126.9]",
XCY715TW,,False,,833,0.95,1,EA,POWER TRANSFER,EPT10 CON,VON,689,,Von Duprin,Aluminum painted,,833,"[76.0, 129.4, 526.2, 140.5]",
XCY715TW,,False,,833,0.95,1,EA,DELAYED EGRESS PANIC DEVICE,12-42-59-TB-LC-8876 ETJ 26D/32D LENGTH AS REQ,SAR,626,,Sargent,Satin chrome,,833,"[76.0, 142.8, 525.0, 165.4]",
XCY715TW,,False,,833,0.95,1,EA,_CYLINDER,AS REQUIRED,SAR,626,,Sargent,Satin chrome,,833,"[76.0, 167.9, 525.0, 179.0]",
XCY715TW,,False,,833,0.95,1,EA,CYLINDER,AS REQUIRED,SAR,626,,Sargent,Satin chrome,,833,"[76.0, 181.3, 525.0, 192.4]",
XCY715TW,,False,,833,0.95,2,EA,LFIC PERMANENT CORE,MATCH EXISTING KEY SYSTEM,SAR,626,,Sargent,Satin chrome,,833,"[76.0, 194.9, 525.0, 206.0]",
XCY715TW,,False,,833,0.95,1,EA,SURFACE CLOSER,"4040XP SCUSH X TBWMS X MTG BRKT, SPCR & PLATE AS REQ",LCN,689,,LCN,Aluminum painted,,833,"[76.0, 208.3, 524.5, 231.0]",
XCY715TW,,False,,833,0.95,1,EA,KICK PLATE,"8400 10"" X 2"" LDW B-CS",IVE,630,,Ives,Satin stainless steel,,833,"[76.0, 233.3, 520.6, 244.4]",
XCY715TW,,False,,833,0.95,1,EA,RAIN DRIP,"142AA DW + 4""",ZER,AA,(OMIT @ COVERED OPENINGS),Zero International,Anodized aluminum,,833,"[76.0, 246.9, 524.5, 269.5]",
XCY715TW,,False,,833,0.95,1,SET,GASKETING,429AA-S H & J,ZER,AA,,Zero International,Anodized aluminum,,833,"[76.0, 271.8, 524.5, 282.9]",
XCY715TW,,False,,833,0.95,1,EA,DOOR SWEEP,8198AA,ZER,AA,,Zero International,Anodized aluminum,,833,"[76.0, 285.4, 524.5, 296.5]",
XCY715TW,,False,,833,0.95,1,EA,THRESHOLD,65A,ZER,A,,Zero International,Anodized aluminum,,833,"[76.0, 298.8, 524.5, 309.9]",
XCY715TW,,False,,833,0.95,1,EA,WIRE HARNESS (IN DOOR),ASSA ABLOY ELECTROLYNX TYPE & LENGTH AS REQ,MCK,,,McKinney,,,833,"[76.0, 312.4, 526.7, 335.0]",
XCY715TW,,False,,833,0.95,1,EA,WIRE HARNESS (TO POWER SUPPLY),QC-C006 - CONNECTION LEADS,MCK,,,McKinney,,,833,"[76.0, 337.4, 526.7, 360.0]",
XCY715TW,,False,,833,0.95,2,EA,CREDENTIAL READER,AS SPECIFIED IN DIVISION 28,UNK,,,Unknown,,,833,"[76.0, 362.3, 525.6, 373.4]",
XCY715TW,,False,,833,0.95,1,EA,DOOR POSITION SWITCH,AS SPECIFIED IN DIVISION 28,B/O,,,By Others,,,833,"[76.0, 375.9, 521.7, 387.0]",
XCY715TW,,False,,833,0.95,1,EA,POWER SUPPLY,AS SPECIFIED IN DIVISION 28,B/O,,,By Others,,,833,"[76.0, 389.3, 521.7, 400.4]",
XCY715W,,False,,834,0.95,3,EA,HINGE,5BB1HW 5 X 4.5 NRP,IVE,630,,Ives,Satin stainless steel,,834,"[76.0, 115.8, 520.6, 126.9]",
XCY715W,,False,,834,0.95,1,EA,POWER TRANSFER,EPT10 CON,VON,689,,Von Duprin,Aluminum painted,,834,"[76.0, 129.4, 526.2, 140.5]",
XCY715W,,False,,834,0.95,1,EA,DELAYED EGRESS PANIC DEVICE,12-42-59-TB-LC-8876 ETJ 26D/32D LENGTH AS REQ,SAR,626,,Sargent,Satin chrome,,834,"[76.0, 142.8, 525.0, 165.4]",
XCY715W,,False,,834,0.95,1,EA,_CYLINDER,AS REQUIRED,SAR,626,,Sargent,Satin chrome,,834,"[76.0, 167.9, 525.0, 179.0]",
XCY715W,,False,,834,0.95,1,EA,CYLINDER,AS REQUIRED,SAR,626,,Sargent,Satin chrome,,834,"[76.0, 181.3, 525.0, 192.4]",
XCY715W,,False,,834,0.95,2,EA,LFIC PERMANENT CORE,MATCH EXISTING KEY SYSTEM,SAR,626,,Sargent,Satin chrome,,834,"[76.0, 194.9, 525.0, 206.0]",
XCY715W,,False,,834,0.95,1,EA,SURFACE CLOSER,"4040XP SCUSH X TBWMS X MTG BRKT, SPCR & PLATE AS REQ",LCN,689,,LCN,Aluminum painted,,834,"[76.0, 208.3, 524.5, 231.0]",
XCY715W,,False,,834,0.95,1,EA,KICK PLATE,"8400 10"" X 2"" LDW B-CS",IVE,630,,Ives,Satin stainless steel,,834,"[76.0, 233.3, 520.6, 244.4]",
XCY715W,,False,,834,0.95,1,EA,RAIN DRIP,"142AA DW + 4""",ZER,AA,(OMIT @ COVERED OPENINGS),Zero International,Anodized aluminum,,834,"[76.0, 246.9, 524.5, 269.5]",
XCY715W,,False,,834,0.95,1,SET,GASKETING,429AA-S H & J,ZER,AA,,Zero International,Anodized aluminum,,834,"[76.0, 271.8, 524.5, 282.9]",
XCY715W,,False,,834,0.95,1,EA,DOOR SWEEP,8198AA,ZER,AA,,Zero International,Anodized aluminum,,834,"[76.0, 285.4, 524.5, 296.5]",
XCY715W,,False,,834,0.95,1,EA,THRESHOLD,65A,ZER,A,,Zero International,Anodized aluminum,,834,"[76.0, 298.8, 524.5, 309.9]",
XCY715W,,False,,834,0.95,1,EA,WIRE HARNESS (IN DOOR),ASSA ABLOY ELECTROLYNX TYPE & LENGTH AS REQ,MCK,,,McKinney,,,834,"[76.0, 312.4, 526.7, 335.0]",
XCY715W,,False,,834,0.95,1,EA,WIRE HARNESS (TO POWER SUPPLY),QC-C006 - CONNECTION LEADS,MCK,,,McKinney,,,834,"[76.0, 337.4, 526.7, 360.0]",
XCY715W,,False,,834,0.95,2,EA,CREDENTIAL READER,AS SPECIFIED IN DIVISION 28,UNK,,,Unknown,,,834,"[76.0, 362.3, 525.6, 373.4]",
XCY715W,,False,,834,0.95,1,EA,DOOR POSITION SWITCH,AS SPECIFIED IN DIVISION 28,B/O,,,By Others,,,834,"[76.0, 375.9, 521.7, 387.0]",
XCY715W,,False,,834,0.95,1,EA,POWER SUPPLY,AS SPECIFIED IN DIVISION 28,B/O,,,By Others,,,834,"[76.0, 389.3, 521.7, 400.4]",
XCY730R,,False,,835,0.95,6,EA,HINGE,5BB1HW 4.5 X 4.5,IVE,652,"(PROVIDE NRP @ OUTSWING, LOCKABLE DOORS)",Ives,Satin chrome plated steel,,835,"[76.0, 115.8, 520.6, 150.0]",
XCY730R,,False,,835,0.95,2,EA,POWER TRANSFER,EPT10 CON,VON,689,,Von Duprin,Aluminum painted,,835,"[76.0, 152.3, 526.2, 163.4]",
XCY730R,,False,,835,0.95,2,EA,DELAYED EGRESS PANIC DEVICE,12-43-59-TB-8615 ETJ 26D/32D LENGTH & HEIGHT AS REQ,SAR,626,,Sargent,Satin chrome,,835,"[76.0, 165.8, 525.0, 188.5]",
XCY730R,,False,,835,0.95,2,EA,CYLINDER,AS REQUIRED,SAR,626,,Sargent,Satin chrome,,835,"[76.0, 190.8, 525.0, 201.9]",
XCY730R,,False,,835,0.95,2,EA,LFIC PERMANENT CORE,MATCH EXISTING KEY SYSTEM,SAR,626,,Sargent,Satin chrome,,835,"[76.0, 204.4, 525.0, 215.5]",
XCY730R,,False,,835,0.95,2,EA,SURFACE CLOSER,"4040XP RW/PA TBWMS X MTG BRKT, SPCR & PLATE AS REQ",LCN,689,,LCN,Aluminum painted,,835,"[76.0, 217.8, 524.5, 240.4]",
XCY730R,,False,,835,0.95,2,EA,KICK PLATE,"8400 10"" X 1"" LDW B-CS",IVE,630,,Ives,Satin stainless steel,,835,"[76.0, 242.9, 520.6, 254.0]",
XCY730R,,False,,835,0.95,2,EA,WALL STOP,WS406/407CCV,IVE,630,,Ives,Satin stainless steel,,835,"[76.0, 256.4, 520.6, 267.5]",
XCY730R,,False,,835,0.95,1,EA,GASKETING,488S PSA H & J,ZER,BK,,Zero International,Black,,835,"[76.0, 269.9, 524.5, 281.0]",
XCY730R,,False,,835,0.95,1,SET,MEETING STILE,8193AA (2 PCS - 1 SET),ZER,AA,,Zero International,Anodized aluminum,,835,"[76.0, 283.4, 524.5, 294.5]",
XCY730R,,False,,835,0.95,2,EA,WIRE HARNESS (IN DOOR),ASSA ABLOY ELECTROLYNX TYPE & LENGTH AS REQ,MCK,,,McKinney,,,835,"[76.0, 296.9, 526.7, 319.4]",
XCY730R,,False,,835,0.95,2,EA,WIRE HARNESS (TO POWER SUPPLY),QC-C006 - CONNECTION LEADS,MCK,,,McKinney,,,835,"[76.0, 321.9, 526.7, 344.5]",
XCY730R,,False,,835,0.95,2,EA,CREDENTIAL READER,AS SPECIFIED IN DIVISION 28,UNK,,,Unknown,,,835,"[76.0, 346.8, 525.6, 357.9]",
XCY730R,,False,,835,0.95,2,EA,DOOR POSITION SWITCH,AS SPECIFIED IN DIVISION 28,B/O,,,By Others,,,835,"[76.0, 360.4, 521.7, 371.5]",
XCY730R,,False,,835,0.95,1,EA,POWER SUPPLY,AS SPECIFIED IN DIVISION 28,B/O,,,By Others,,,835,"[76.0, 373.8, 521.7, 384.9]",
XCY746,,False,,836,0.94,6,EA,HINGE,5BB1HW 4.5 X 4.5,IVE,652,"(PROVIDE NRP @ OUTSWING, LOCKABLE DOORS)",Ives,Satin chrome plated steel,,836,"[76.0, 115.8, 520.6, 150.0]",
XCY746,,False,,836,0.94,2,EA,POWER TRANSFER,EPT10 CON,VON,689,,Von Duprin,Aluminum painted,,836,"[76.0, 152.3, 526.2, 163.4]",
XCY746,,False,,836,0.94,2,EA,DELAYED EGRESS PANIC DEVICE,LD-43-59-TB-LC-8673 ETJ 106 26D/32D LENGTH & HEIGHT AS REQ FAIL SAFE,SAR,626,,Sargent,Satin chrome,,836,"[76.0, 165.8, 525.0, 211.4]",catalog_number
XCY746,,False,,836,0.94,4,EA,CYLINDER,AS REQUIRED,SAR,626,,Sargent,Satin chrome,,836,"[76.0, 213.8, 525.0, 225.0]",
XCY746,,False,,836,0.94,4,EA,LFIC PERMANENT CORE,MATCH EXISTING KEY SYSTEM,SAR,626,,Sargent,Satin chrome,,836,"[76.0, 227.3, 525.0, 238.4]",
XCY746,,False,,836,0.94,2,EA,OH STOP,100S SERIES X SIZE & MOUNTING AS REQ,GLY,630,,Glynn-Johnson,Satin stainless steel,,836,"[76.0, 240.9, 524.5, 263.5]",
XCY746,,False,,836,0.94,2,EA,SURFACE CLOSER,"4040XP RW/PA TBWMS X MTG BRKT, SPCR & PLATE AS REQ",LCN,689,,LCN,Aluminum painted,,836,"[76.0, 265.8, 524.5, 288.5]",
XCY746,,False,,836,0.94,2,EA,KICK PLATE,"8400 10"" X 1"" LDW B-CS",IVE,630,,Ives,Satin stainless steel,,836,"[76.0, 290.9, 520.6, 302.0]",
XCY746,,False,,836,0.94,1,EA,GASKETING,488S PSA H & J (USE SILENCERS @ NON-RATED DOORS),ZER,BK,,Zero International,Black,,836,"[76.0, 304.4, 524.5, 327.0]",
XCY746,,False,,836,0.94,1,SET,MEETING STILE,8193AA (2 PCS - 1 SET),ZER,AA,,Zero International,Anodized aluminum,,836,"[76.0, 329.3, 524.5, 340.4]",
XCY746,,False,,836,0.94,2,EA,WIRE HARNESS (IN DOOR),ASSA ABLOY ELECTROLYNX TYPE & LENGTH AS REQ,MCK,,,McKinney,,,836,"[76.0, 342.9, 526.7, 365.5]",
XCY746,,False,,836,0.94,2,EA,WIRE HARNESS (TO POWER SUPPLY),QC-C006 - CONNECTION LEADS,MCK,,,McKinney,,,836,"[76.0, 367.8, 526.7, 390.5]",
XCY746,,False,,836,0.94,2,EA,CREDENTIAL READER,AS SPECIFIED IN DIVISION 28,UNK,,,Unknown,,,836,"[76.0, 392.8, 525.6, 403.9]",
XCY746,,False,,836,0.94,2,EA,DOOR POSITION SWITCH,AS SPECIFIED IN DIVISION 28,B/O,,,By Others,,,836,"[76.0, 406.4, 521.7, 417.5]",
XCY746,,False,,836,0.94,1,EA,POWER SUPPLY,AS SPECIFIED IN DIVISION 28,B/O,,,By Others,,,836,"[76.0, 419.8, 521.7, 430.9]",
